solid OpenSCAD_Model
  facet normal -0.998174 -0.0603984 0
    outer loop
      vertex -5.58906 -4.2808 -7
      vertex -5.6 -4.1 0
      vertex -5.6 -4.1 -7
    endloop
  endfacet
  facet normal -0.998174 -0.0603984 0
    outer loop
      vertex -5.6 -4.1 0
      vertex -5.58906 -4.2808 -7
      vertex -5.58906 -4.2808 0
    endloop
  endfacet
  facet normal 0 0 1
    outer loop
      vertex 5.6 -4.1 0
      vertex 1.27847 -3.47073 0
      vertex 1.28 -3.5 0
    endloop
  endfacet
  facet normal 0 0 1
    outer loop
      vertex 1.32927 -0.278465 0
      vertex 1.27388 -3.44178 0
      vertex 1.27847 -3.47073 0
    endloop
  endfacet
  facet normal 0 0 1
    outer loop
      vertex 1.02927 -3.22153 0
      vertex 1.3 -0.28 0
      vertex 1.27073 -0.278465 0
    endloop
  endfacet
  facet normal 0 0 1
    outer loop
      vertex 1.32927 -0.278465 0
      vertex 1.2663 -3.41348 0
      vertex 1.27388 -3.44178 0
    endloop
  endfacet
  facet normal 0 0 1
    outer loop
      vertex 1.32927 -0.278465 0
      vertex 1.25579 -3.38611 0
      vertex 1.2663 -3.41348 0
    endloop
  endfacet
  facet normal 0 0 1
    outer loop
      vertex 1.32927 -0.278465 0
      vertex 1.24249 -3.36 0
      vertex 1.25579 -3.38611 0
    endloop
  endfacet
  facet normal 0 0 1
    outer loop
      vertex 1 -3.22 0
      vertex 1.27073 -0.278465 0
      vertex 1.24178 -0.273881 0
    endloop
  endfacet
  facet normal 0 0 1
    outer loop
      vertex 1.32927 -0.278465 0
      vertex 1.22652 -3.33542 0
      vertex 1.24249 -3.36 0
    endloop
  endfacet
  facet normal 0 0 1
    outer loop
      vertex 0.970732 -3.22153 0
      vertex 1.24178 -0.273881 0
      vertex 1.21348 -0.266295 0
    endloop
  endfacet
  facet normal 0 0 1
    outer loop
      vertex 1.32927 -0.278465 0
      vertex 1.20808 -3.31264 0
      vertex 1.22652 -3.33542 0
    endloop
  endfacet
  facet normal 0 0 1
    outer loop
      vertex 1.32927 -0.278465 0
      vertex 1.18736 -3.29192 0
      vertex 1.20808 -3.31264 0
    endloop
  endfacet
  facet normal 0 0 1
    outer loop
      vertex 0.941784 -3.22612 0
      vertex 1.21348 -0.266295 0
      vertex 1.18611 -0.255793 0
    endloop
  endfacet
  facet normal 0 0 1
    outer loop
      vertex 1.32927 -0.278465 0
      vertex 1.16458 -3.27347 0
      vertex 1.18736 -3.29192 0
    endloop
  endfacet
  facet normal 0 0 1
    outer loop
      vertex 0.913475 -3.2337 0
      vertex 1.18611 -0.255793 0
      vertex 1.16 -0.242487 0
    endloop
  endfacet
  facet normal 0 0 1
    outer loop
      vertex 1.32927 -0.278465 0
      vertex 1.14 -3.25751 0
      vertex 1.16458 -3.27347 0
    endloop
  endfacet
  facet normal 0 0 1
    outer loop
      vertex 0.886113 -3.24421 0
      vertex 1.16 -0.242487 0
      vertex 1.13542 -0.226524 0
    endloop
  endfacet
  facet normal 0 0 1
    outer loop
      vertex 1.32927 -0.278465 0
      vertex 1.11389 -3.24421 0
      vertex 1.14 -3.25751 0
    endloop
  endfacet
  facet normal 0 0 1
    outer loop
      vertex 0.86 -3.25751 0
      vertex 1.13542 -0.226524 0
      vertex 1.11264 -0.20808 0
    endloop
  endfacet
  facet normal 0 0 1
    outer loop
      vertex -0.721534 -3.47073 0
      vertex 1.11264 -0.20808 0
      vertex 1.09192 -0.187356 0
    endloop
  endfacet
  facet normal 0 0 1
    outer loop
      vertex 1.32927 -0.278465 0
      vertex 1.08652 -3.2337 0
      vertex 1.11389 -3.24421 0
    endloop
  endfacet
  facet normal 0 0 1
    outer loop
      vertex -0.721534 -3.47073 0
      vertex 1.09192 -0.187356 0
      vertex 1.07347 -0.164579 0
    endloop
  endfacet
  facet normal 0 0 1
    outer loop
      vertex 1.32927 -0.278465 0
      vertex 1.05822 -3.22612 0
      vertex 1.08652 -3.2337 0
    endloop
  endfacet
  facet normal 0 0 1
    outer loop
      vertex -0.721534 -3.47073 0
      vertex 1.07347 -0.164579 0
      vertex 1.05751 -0.139999 0
    endloop
  endfacet
  facet normal 0 0 1
    outer loop
      vertex -0.721534 -3.47073 0
      vertex 1.05751 -0.139999 0
      vertex 1.04421 -0.113886 0
    endloop
  endfacet
  facet normal 0 0 1
    outer loop
      vertex -0.721534 -3.47073 0
      vertex 1.04421 -0.113886 0
      vertex 1.0337 -0.086524 0
    endloop
  endfacet
  facet normal 0 0 1
    outer loop
      vertex 1.3 -0.28 0
      vertex 1.02927 -3.22153 0
      vertex 1.05822 -3.22612 0
    endloop
  endfacet
  facet normal 0 0 1
    outer loop
      vertex -0.721534 -3.47073 0
      vertex 1.0337 -0.086524 0
      vertex 1.02612 -0.0582151 0
    endloop
  endfacet
  facet normal 0 0 1
    outer loop
      vertex -0.721534 -3.47073 0
      vertex 1.02612 -0.0582151 0
      vertex 1.02153 -0.0292673 0
    endloop
  endfacet
  facet normal 0 0 1
    outer loop
      vertex -0.721534 -3.47073 0
      vertex 1.02153 -0.0292673 0
      vertex 1.02 0 0
    endloop
  endfacet
  facet normal 0 0 1
    outer loop
      vertex 1.27073 -0.278465 0
      vertex 1 -3.22 0
      vertex 1.02927 -3.22153 0
    endloop
  endfacet
  facet normal 0 0 1
    outer loop
      vertex 4.1 5.6 0
      vertex 5.6 4.1 0
      vertex 5.58906 4.2808 0
    endloop
  endfacet
  facet normal 0 0 1
    outer loop
      vertex 5.6 4.1 0
      vertex 3.39126 0.916835 0
      vertex 5.6 -4.1 0
    endloop
  endfacet
  facet normal 0 0 1
    outer loop
      vertex 4.1 5.6 0
      vertex 5.58906 4.2808 0
      vertex 5.55641 4.45897 0
    endloop
  endfacet
  facet normal -0 0 1
    outer loop
      vertex 3.38042 0.876392 0
      vertex 5.6 -4.1 0
      vertex 3.39126 0.916835 0
    endloop
  endfacet
  facet normal 0 0 1
    outer loop
      vertex 4.1 5.6 0
      vertex 5.55641 4.45897 0
      vertex 5.50252 4.63191 0
    endloop
  endfacet
  facet normal 0 0 1
    outer loop
      vertex 5.6 4.1 0
      vertex 3.39781 0.958188 0
      vertex 3.39126 0.916835 0
    endloop
  endfacet
  facet normal 0 0 1
    outer loop
      vertex 4.1 5.6 0
      vertex 5.50252 4.63191 0
      vertex 5.42818 4.79708 0
    endloop
  endfacet
  facet normal -0 0 1
    outer loop
      vertex 3.36542 0.837305 0
      vertex 5.6 -4.1 0
      vertex 3.38042 0.876392 0
    endloop
  endfacet
  facet normal 0 0 1
    outer loop
      vertex 4.1 5.6 0
      vertex 5.42818 4.79708 0
      vertex 5.33448 4.9521 0
    endloop
  endfacet
  facet normal -0 0 1
    outer loop
      vertex 3.34641 0.799999 0
      vertex 5.6 -4.1 0
      vertex 3.36542 0.837305 0
    endloop
  endfacet
  facet normal 0 0 1
    outer loop
      vertex 4.1 5.6 0
      vertex 5.33448 4.9521 0
      vertex 5.22277 5.09468 0
    endloop
  endfacet
  facet normal -0 0 1
    outer loop
      vertex 3.32361 0.764885 0
      vertex 5.6 -4.1 0
      vertex 3.34641 0.799999 0
    endloop
  endfacet
  facet normal 0 0 1
    outer loop
      vertex 4.1 5.6 0
      vertex 5.22277 5.09468 0
      vertex 5.09468 5.22277 0
    endloop
  endfacet
  facet normal -0 0 1
    outer loop
      vertex 3.29726 0.732347 0
      vertex 5.6 -4.1 0
      vertex 3.32361 0.764885 0
    endloop
  endfacet
  facet normal 0 0 1
    outer loop
      vertex 4.1 5.6 0
      vertex 5.09468 5.22277 0
      vertex 4.9521 5.33448 0
    endloop
  endfacet
  facet normal -0 0 1
    outer loop
      vertex 3.26765 0.702742 0
      vertex 5.6 -4.1 0
      vertex 3.29726 0.732347 0
    endloop
  endfacet
  facet normal 0 0 1
    outer loop
      vertex 4.1 5.6 0
      vertex 4.9521 5.33448 0
      vertex 4.79708 5.42818 0
    endloop
  endfacet
  facet normal -0 0 1
    outer loop
      vertex 3.23511 0.676393 0
      vertex 5.6 -4.1 0
      vertex 3.26765 0.702742 0
    endloop
  endfacet
  facet normal 0 0 1
    outer loop
      vertex 4.1 5.6 0
      vertex 4.79708 5.42818 0
      vertex 4.63191 5.50252 0
    endloop
  endfacet
  facet normal -0 0 1
    outer loop
      vertex 3.2 0.653589 0
      vertex 5.6 -4.1 0
      vertex 3.23511 0.676393 0
    endloop
  endfacet
  facet normal 0 0 1
    outer loop
      vertex 4.1 5.6 0
      vertex 4.63191 5.50252 0
      vertex 4.45897 5.55641 0
    endloop
  endfacet
  facet normal -0 0 1
    outer loop
      vertex 3.16269 0.634582 0
      vertex 5.6 -4.1 0
      vertex 3.2 0.653589 0
    endloop
  endfacet
  facet normal 0 0 1
    outer loop
      vertex 4.1 5.6 0
      vertex 4.45897 5.55641 0
      vertex 4.2808 5.58906 0
    endloop
  endfacet
  facet normal 0 0 1
    outer loop
      vertex 5.6 4.1 0
      vertex 3.4 1 0
      vertex 3.39781 0.958188 0
    endloop
  endfacet
  facet normal 0 0 1
    outer loop
      vertex 5.6 4.1 0
      vertex 4.1 5.6 0
      vertex 2.22652 2.66458 0
    endloop
  endfacet
  facet normal -0 0 1
    outer loop
      vertex 3.12361 0.619576 0
      vertex 5.6 -4.1 0
      vertex 3.16269 0.634582 0
    endloop
  endfacet
  facet normal -0 0 1
    outer loop
      vertex 3.08316 0.608741 0
      vertex 5.6 -4.1 0
      vertex 3.12361 0.619576 0
    endloop
  endfacet
  facet normal 0 0 1
    outer loop
      vertex 5.6 4.1 0
      vertex 3.39781 1.04181 0
      vertex 3.4 1 0
    endloop
  endfacet
  facet normal 0 0 1
    outer loop
      vertex 5.6 4.1 0
      vertex 3.39126 1.08316 0
      vertex 3.39781 1.04181 0
    endloop
  endfacet
  facet normal 0 0 1
    outer loop
      vertex 5.6 4.1 0
      vertex 3.38042 1.12361 0
      vertex 3.39126 1.08316 0
    endloop
  endfacet
  facet normal 0 0 1
    outer loop
      vertex 5.6 4.1 0
      vertex 3.36542 1.16269 0
      vertex 3.38042 1.12361 0
    endloop
  endfacet
  facet normal 0 0 1
    outer loop
      vertex 5.6 4.1 0
      vertex 3.34641 1.2 0
      vertex 3.36542 1.16269 0
    endloop
  endfacet
  facet normal 0 0 1
    outer loop
      vertex 5.6 4.1 0
      vertex 3.32361 1.23511 0
      vertex 3.34641 1.2 0
    endloop
  endfacet
  facet normal 0 0 1
    outer loop
      vertex 5.6 4.1 0
      vertex 3.29726 1.26765 0
      vertex 3.32361 1.23511 0
    endloop
  endfacet
  facet normal 0 0 1
    outer loop
      vertex 5.6 4.1 0
      vertex 3.26765 1.29726 0
      vertex 3.29726 1.26765 0
    endloop
  endfacet
  facet normal 0 0 1
    outer loop
      vertex 5.6 4.1 0
      vertex 3.23511 1.32361 0
      vertex 3.26765 1.29726 0
    endloop
  endfacet
  facet normal 0 0 1
    outer loop
      vertex 5.6 4.1 0
      vertex 3.2 1.34641 0
      vertex 3.23511 1.32361 0
    endloop
  endfacet
  facet normal 0 0 1
    outer loop
      vertex 5.6 4.1 0
      vertex 2.2663 2.58652 0
      vertex 2.27388 2.55822 0
    endloop
  endfacet
  facet normal 0 0 1
    outer loop
      vertex 5.6 4.1 0
      vertex 2.27388 2.55822 0
      vertex 3.2 1.34641 0
    endloop
  endfacet
  facet normal 0 0 1
    outer loop
      vertex 3.2 1.34641 0
      vertex 2.27388 2.55822 0
      vertex 3.16269 1.36542 0
    endloop
  endfacet
  facet normal -0 -0 1
    outer loop
      vertex 2.27847 2.52927 0
      vertex 3.16269 1.36542 0
      vertex 2.27388 2.55822 0
    endloop
  endfacet
  facet normal 0 0 1
    outer loop
      vertex 3.16269 1.36542 0
      vertex 2.27847 2.52927 0
      vertex 3.12361 1.38042 0
    endloop
  endfacet
  facet normal 0 0 1
    outer loop
      vertex 3.12361 1.38042 0
      vertex 2.28 2.5 0
      vertex 3.08316 1.39126 0
    endloop
  endfacet
  facet normal -0 0 1
    outer loop
      vertex 2.27847 2.47073 0
      vertex 3.08316 1.39126 0
      vertex 2.28 2.5 0
    endloop
  endfacet
  facet normal 0 0 1
    outer loop
      vertex 3.08316 1.39126 0
      vertex 2.27847 2.47073 0
      vertex 3.04181 1.39781 0
    endloop
  endfacet
  facet normal -0 0 1
    outer loop
      vertex 2.27388 2.44178 0
      vertex 3.04181 1.39781 0
      vertex 2.27847 2.47073 0
    endloop
  endfacet
  facet normal 0 0 1
    outer loop
      vertex 3.04181 1.39781 0
      vertex 2.27388 2.44178 0
      vertex 3 1.4 0
    endloop
  endfacet
  facet normal -0 0 1
    outer loop
      vertex 2.2663 2.41348 0
      vertex 3 1.4 0
      vertex 2.27388 2.44178 0
    endloop
  endfacet
  facet normal 0 0 1
    outer loop
      vertex 3 1.4 0
      vertex 2.25579 2.38611 0
      vertex 2.95819 1.39781 0
    endloop
  endfacet
  facet normal -0 0 1
    outer loop
      vertex 2.24249 2.36 0
      vertex 2.95819 1.39781 0
      vertex 2.25579 2.38611 0
    endloop
  endfacet
  facet normal 0 0 1
    outer loop
      vertex 2.95819 1.39781 0
      vertex 2.24249 2.36 0
      vertex 2.91683 1.39126 0
    endloop
  endfacet
  facet normal -0 0 1
    outer loop
      vertex 2.22652 2.33542 0
      vertex 2.91683 1.39126 0
      vertex 2.24249 2.36 0
    endloop
  endfacet
  facet normal -0 0 1
    outer loop
      vertex 2.20808 2.31264 0
      vertex 2.87639 1.38042 0
      vertex 2.22652 2.33542 0
    endloop
  endfacet
  facet normal 0 0 1
    outer loop
      vertex 2.87639 1.38042 0
      vertex 2.20808 2.31264 0
      vertex 2.83731 1.36542 0
    endloop
  endfacet
  facet normal 0 0 1
    outer loop
      vertex 2.8 1.34641 0
      vertex 2.16458 2.27347 0
      vertex 2.76488 1.32361 0
    endloop
  endfacet
  facet normal -0 0 1
    outer loop
      vertex 2.16458 2.27347 0
      vertex 2.8 1.34641 0
      vertex 2.18736 2.29192 0
    endloop
  endfacet
  facet normal 0 0 1
    outer loop
      vertex 2.83731 1.36542 0
      vertex 2.18736 2.29192 0
      vertex 2.8 1.34641 0
    endloop
  endfacet
  facet normal -0 0 1
    outer loop
      vertex 2.18736 2.29192 0
      vertex 2.83731 1.36542 0
      vertex 2.20808 2.31264 0
    endloop
  endfacet
  facet normal 0 0 1
    outer loop
      vertex 2.91683 1.39126 0
      vertex 2.22652 2.33542 0
      vertex 2.87639 1.38042 0
    endloop
  endfacet
  facet normal -0 0 1
    outer loop
      vertex 2.25579 2.38611 0
      vertex 3 1.4 0
      vertex 2.2663 2.41348 0
    endloop
  endfacet
  facet normal -0 -0 1
    outer loop
      vertex 2.28 2.5 0
      vertex 3.12361 1.38042 0
      vertex 2.27847 2.52927 0
    endloop
  endfacet
  facet normal 0 0 1
    outer loop
      vertex 5.6 4.1 0
      vertex 2.25579 2.61389 0
      vertex 2.2663 2.58652 0
    endloop
  endfacet
  facet normal 0 0 1
    outer loop
      vertex 5.6 4.1 0
      vertex 2.24249 2.64 0
      vertex 2.25579 2.61389 0
    endloop
  endfacet
  facet normal 0 0 1
    outer loop
      vertex 5.6 4.1 0
      vertex 2.22652 2.66458 0
      vertex 2.24249 2.64 0
    endloop
  endfacet
  facet normal 0 0 1
    outer loop
      vertex 4.1 5.6 0
      vertex 2.20808 2.68736 0
      vertex 2.22652 2.66458 0
    endloop
  endfacet
  facet normal 0 0 1
    outer loop
      vertex 4.1 5.6 0
      vertex 2.18736 2.70808 0
      vertex 2.20808 2.68736 0
    endloop
  endfacet
  facet normal 0 0 1
    outer loop
      vertex 4.1 5.6 0
      vertex 2.16458 2.72652 0
      vertex 2.18736 2.70808 0
    endloop
  endfacet
  facet normal 0 0 1
    outer loop
      vertex 4.1 5.6 0
      vertex 2.14 2.74249 0
      vertex 2.16458 2.72652 0
    endloop
  endfacet
  facet normal 0 0 1
    outer loop
      vertex 4.1 5.6 0
      vertex 2.11389 2.75579 0
      vertex 2.14 2.74249 0
    endloop
  endfacet
  facet normal 0 0 1
    outer loop
      vertex 4.1 5.6 0
      vertex 2.08652 2.7663 0
      vertex 2.11389 2.75579 0
    endloop
  endfacet
  facet normal 0 0 1
    outer loop
      vertex 4.1 5.6 0
      vertex 2.05822 2.77388 0
      vertex 2.08652 2.7663 0
    endloop
  endfacet
  facet normal -0 0 1
    outer loop
      vertex 0.573881 4.25821 0
      vertex 2.05822 2.77388 0
      vertex 4.1 5.6 0
    endloop
  endfacet
  facet normal 0 0 1
    outer loop
      vertex 2.05822 2.77388 0
      vertex 0.573881 4.25821 0
      vertex 2.02927 2.77847 0
    endloop
  endfacet
  facet normal -0 -0 1
    outer loop
      vertex 0.578465 4.22927 0
      vertex 2.02927 2.77847 0
      vertex 0.573881 4.25821 0
    endloop
  endfacet
  facet normal 0 0 1
    outer loop
      vertex 2.02927 2.77847 0
      vertex 0.578465 4.22927 0
      vertex 2 2.78 0
    endloop
  endfacet
  facet normal -0 -0 1
    outer loop
      vertex 0.58 4.2 0
      vertex 2 2.78 0
      vertex 0.578465 4.22927 0
    endloop
  endfacet
  facet normal 0 0 1
    outer loop
      vertex 2 2.78 0
      vertex 0.58 4.2 0
      vertex 1.97073 2.77847 0
    endloop
  endfacet
  facet normal -0 0 1
    outer loop
      vertex 0.578465 4.17073 0
      vertex 1.97073 2.77847 0
      vertex 0.58 4.2 0
    endloop
  endfacet
  facet normal 0 0 1
    outer loop
      vertex 1.97073 2.77847 0
      vertex 0.578465 4.17073 0
      vertex 1.94178 2.77388 0
    endloop
  endfacet
  facet normal 0 0 1
    outer loop
      vertex 1.94178 2.77388 0
      vertex 0.573881 4.14178 0
      vertex 1.91348 2.7663 0
    endloop
  endfacet
  facet normal -0 0 1
    outer loop
      vertex 0.566296 4.11347 0
      vertex 1.91348 2.7663 0
      vertex 0.573881 4.14178 0
    endloop
  endfacet
  facet normal 0 0 1
    outer loop
      vertex 1.91348 2.7663 0
      vertex 0.566296 4.11347 0
      vertex 1.88611 2.75579 0
    endloop
  endfacet
  facet normal 0 0 1
    outer loop
      vertex 0.299999 3.92 0
      vertex 1.72 2.5 0
      vertex 1.72153 2.52927 0
    endloop
  endfacet
  facet normal 0 0 1
    outer loop
      vertex 1.72 2.5 0
      vertex 1.57847 0.0292673 0
      vertex 1.58 0 0
    endloop
  endfacet
  facet normal 0 0 1
    outer loop
      vertex 1.72 2.5 0
      vertex 1.57388 0.0582151 0
      vertex 1.57847 0.0292673 0
    endloop
  endfacet
  facet normal 0 0 1
    outer loop
      vertex 1.72 2.5 0
      vertex 1.5663 0.086524 0
      vertex 1.57388 0.0582151 0
    endloop
  endfacet
  facet normal 0 0 1
    outer loop
      vertex 1.72 2.5 0
      vertex 1.55579 0.113886 0
      vertex 1.5663 0.086524 0
    endloop
  endfacet
  facet normal 0 0 1
    outer loop
      vertex 1.72 2.5 0
      vertex 1.54249 0.139999 0
      vertex 1.55579 0.113886 0
    endloop
  endfacet
  facet normal 0 0 1
    outer loop
      vertex 1.72 2.5 0
      vertex 1.52652 0.164579 0
      vertex 1.54249 0.139999 0
    endloop
  endfacet
  facet normal 0 0 1
    outer loop
      vertex 1.72 2.5 0
      vertex 1.50808 0.187356 0
      vertex 1.52652 0.164579 0
    endloop
  endfacet
  facet normal 0 0 1
    outer loop
      vertex 1.72 2.5 0
      vertex 1.48736 0.20808 0
      vertex 1.50808 0.187356 0
    endloop
  endfacet
  facet normal 0 0 1
    outer loop
      vertex 1.72 2.5 0
      vertex 1.46458 0.226524 0
      vertex 1.48736 0.20808 0
    endloop
  endfacet
  facet normal 0 0 1
    outer loop
      vertex 1.72 2.5 0
      vertex 1.44 0.242487 0
      vertex 1.46458 0.226524 0
    endloop
  endfacet
  facet normal 0 0 1
    outer loop
      vertex 1.72 2.5 0
      vertex 1.41389 0.255793 0
      vertex 1.44 0.242487 0
    endloop
  endfacet
  facet normal 0 0 1
    outer loop
      vertex 1.72 2.5 0
      vertex 1.38652 0.266295 0
      vertex 1.41389 0.255793 0
    endloop
  endfacet
  facet normal 0 0 1
    outer loop
      vertex 1.72 2.5 0
      vertex 1.35821 0.273881 0
      vertex 1.38652 0.266295 0
    endloop
  endfacet
  facet normal 0 0 1
    outer loop
      vertex 0.329268 3.92153 0
      vertex 1.72153 2.52927 0
      vertex 1.72612 2.55822 0
    endloop
  endfacet
  facet normal 0 0 1
    outer loop
      vertex 1.72 2.5 0
      vertex 1.32927 0.278465 0
      vertex 1.35821 0.273881 0
    endloop
  endfacet
  facet normal 0 0 1
    outer loop
      vertex 1.72 2.5 0
      vertex 1.3 0.28 0
      vertex 1.32927 0.278465 0
    endloop
  endfacet
  facet normal 0 0 1
    outer loop
      vertex 1.72 2.5 0
      vertex 1.27073 0.278465 0
      vertex 1.3 0.28 0
    endloop
  endfacet
  facet normal 0 0 1
    outer loop
      vertex 1.72 2.5 0
      vertex 1.24178 0.273881 0
      vertex 1.27073 0.278465 0
    endloop
  endfacet
  facet normal 0 0 1
    outer loop
      vertex 1.72 2.5 0
      vertex 1.21348 0.266295 0
      vertex 1.24178 0.273881 0
    endloop
  endfacet
  facet normal 0 0 1
    outer loop
      vertex 1.72 2.5 0
      vertex 1.18611 0.255793 0
      vertex 1.21348 0.266295 0
    endloop
  endfacet
  facet normal 0 0 1
    outer loop
      vertex 1.72 2.5 0
      vertex 1.16 0.242487 0
      vertex 1.18611 0.255793 0
    endloop
  endfacet
  facet normal 0 0 1
    outer loop
      vertex 1.72 2.5 0
      vertex 1.13542 0.226524 0
      vertex 1.16 0.242487 0
    endloop
  endfacet
  facet normal 0 0 1
    outer loop
      vertex 1.72 2.5 0
      vertex 1.11264 0.20808 0
      vertex 1.13542 0.226524 0
    endloop
  endfacet
  facet normal 0 0 1
    outer loop
      vertex 1.72 2.5 0
      vertex -0.299999 3.92 0
      vertex 1.11264 0.20808 0
    endloop
  endfacet
  facet normal 0 0 1
    outer loop
      vertex 1.11264 0.20808 0
      vertex -0.299999 3.92 0
      vertex 1.09192 0.187356 0
    endloop
  endfacet
  facet normal 0 0 1
    outer loop
      vertex 0.358214 3.92612 0
      vertex 1.72612 2.55822 0
      vertex 1.7337 2.58652 0
    endloop
  endfacet
  facet normal 0 0 1
    outer loop
      vertex -0.329268 3.92153 0
      vertex 1.09192 0.187356 0
      vertex -0.299999 3.92 0
    endloop
  endfacet
  facet normal 0 0 1
    outer loop
      vertex 1.09192 0.187356 0
      vertex -0.329268 3.92153 0
      vertex 1.07347 0.164579 0
    endloop
  endfacet
  facet normal 0 0 1
    outer loop
      vertex -0.358214 3.92612 0
      vertex 1.07347 0.164579 0
      vertex -0.329268 3.92153 0
    endloop
  endfacet
  facet normal 0 0 1
    outer loop
      vertex 1.24178 -0.273881 0
      vertex 0.970732 -3.22153 0
      vertex 1 -3.22 0
    endloop
  endfacet
  facet normal 0 0 1
    outer loop
      vertex 1.21348 -0.266295 0
      vertex 0.941784 -3.22612 0
      vertex 0.970732 -3.22153 0
    endloop
  endfacet
  facet normal 0 0 1
    outer loop
      vertex 1.18611 -0.255793 0
      vertex 0.913475 -3.2337 0
      vertex 0.941784 -3.22612 0
    endloop
  endfacet
  facet normal 0 0 1
    outer loop
      vertex 1.16 -0.242487 0
      vertex 0.886113 -3.24421 0
      vertex 0.913475 -3.2337 0
    endloop
  endfacet
  facet normal 0 0 1
    outer loop
      vertex 1.13542 -0.226524 0
      vertex 0.86 -3.25751 0
      vertex 0.886113 -3.24421 0
    endloop
  endfacet
  facet normal 0 0 1
    outer loop
      vertex 1.11264 -0.20808 0
      vertex -0.721534 -3.47073 0
      vertex 0.86 -3.25751 0
    endloop
  endfacet
  facet normal 0 0 1
    outer loop
      vertex -0.721534 -3.47073 0
      vertex 1.02 0 0
      vertex 1.02153 0.0292673 0
    endloop
  endfacet
  facet normal 0 0 1
    outer loop
      vertex 0.86 -3.25751 0
      vertex -0.721534 -3.47073 0
      vertex 0.83542 -3.27347 0
    endloop
  endfacet
  facet normal 0 0 1
    outer loop
      vertex 0.83542 -3.27347 0
      vertex -0.721534 -3.47073 0
      vertex 0.812643 -3.29192 0
    endloop
  endfacet
  facet normal 0 0 1
    outer loop
      vertex 0.812643 -3.29192 0
      vertex -0.721534 -3.47073 0
      vertex 0.791919 -3.31264 0
    endloop
  endfacet
  facet normal 0 0 1
    outer loop
      vertex 0.791919 -3.31264 0
      vertex -0.721534 -3.47073 0
      vertex 0.773475 -3.33542 0
    endloop
  endfacet
  facet normal 0 0 1
    outer loop
      vertex 0.773475 -3.33542 0
      vertex -0.721534 -3.47073 0
      vertex 0.757512 -3.36 0
    endloop
  endfacet
  facet normal 0 0 1
    outer loop
      vertex 0.757512 -3.36 0
      vertex -0.721534 -3.47073 0
      vertex 0.744206 -3.38611 0
    endloop
  endfacet
  facet normal 0 0 1
    outer loop
      vertex 0.744206 -3.38611 0
      vertex -0.721534 -3.47073 0
      vertex 0.733704 -3.41348 0
    endloop
  endfacet
  facet normal 0 0 1
    outer loop
      vertex 0.733704 -3.41348 0
      vertex -0.721534 -3.47073 0
      vertex 0.726118 -3.44178 0
    endloop
  endfacet
  facet normal 0 0 1
    outer loop
      vertex 1.79192 2.68736 0
      vertex 0.487356 3.99192 0
      vertex 1.77347 2.66458 0
    endloop
  endfacet
  facet normal -0 0 1
    outer loop
      vertex 0.487356 3.99192 0
      vertex 1.79192 2.68736 0
      vertex 0.50808 4.01264 0
    endloop
  endfacet
  facet normal 0 0 1
    outer loop
      vertex 1.81264 2.70808 0
      vertex 0.50808 4.01264 0
      vertex 1.79192 2.68736 0
    endloop
  endfacet
  facet normal -0 0 1
    outer loop
      vertex 0.50808 4.01264 0
      vertex 1.81264 2.70808 0
      vertex 0.526525 4.03542 0
    endloop
  endfacet
  facet normal 0 0 1
    outer loop
      vertex 1.83542 2.72652 0
      vertex 0.526525 4.03542 0
      vertex 1.81264 2.70808 0
    endloop
  endfacet
  facet normal -0 0 1
    outer loop
      vertex 0.526525 4.03542 0
      vertex 1.83542 2.72652 0
      vertex 0.542486 4.06 0
    endloop
  endfacet
  facet normal 0 0 1
    outer loop
      vertex 1.86 2.74249 0
      vertex 0.542486 4.06 0
      vertex 1.83542 2.72652 0
    endloop
  endfacet
  facet normal -0 0 1
    outer loop
      vertex 0.542486 4.06 0
      vertex 1.86 2.74249 0
      vertex 0.555792 4.08611 0
    endloop
  endfacet
  facet normal -0 0 1
    outer loop
      vertex 0.555792 4.08611 0
      vertex 1.88611 2.75579 0
      vertex 0.566296 4.11347 0
    endloop
  endfacet
  facet normal 0 0 1
    outer loop
      vertex 1.88611 2.75579 0
      vertex 0.555792 4.08611 0
      vertex 1.86 2.74249 0
    endloop
  endfacet
  facet normal -0 0 1
    outer loop
      vertex 0.573881 4.14178 0
      vertex 1.94178 2.77388 0
      vertex 0.578465 4.17073 0
    endloop
  endfacet
  facet normal 0 0 1
    outer loop
      vertex 4.1 5.6 0
      vertex 0.566296 4.28652 0
      vertex 0.573881 4.25821 0
    endloop
  endfacet
  facet normal 0 0 1
    outer loop
      vertex 4.1 5.6 0
      vertex 0.555792 4.31389 0
      vertex 0.566296 4.28652 0
    endloop
  endfacet
  facet normal 0 0 1
    outer loop
      vertex 4.1 5.6 0
      vertex 0.542486 4.34 0
      vertex 0.555792 4.31389 0
    endloop
  endfacet
  facet normal 0 0 1
    outer loop
      vertex 4.1 5.6 0
      vertex 0.526525 4.36458 0
      vertex 0.542486 4.34 0
    endloop
  endfacet
  facet normal 0 0 1
    outer loop
      vertex 4.1 5.6 0
      vertex 0.50808 4.38736 0
      vertex 0.526525 4.36458 0
    endloop
  endfacet
  facet normal 0 0 1
    outer loop
      vertex 4.1 5.6 0
      vertex 0.487356 4.40808 0
      vertex 0.50808 4.38736 0
    endloop
  endfacet
  facet normal 0 0 1
    outer loop
      vertex 4.1 5.6 0
      vertex 0.46458 4.42652 0
      vertex 0.487356 4.40808 0
    endloop
  endfacet
  facet normal 0 0 1
    outer loop
      vertex 4.1 5.6 0
      vertex 0.44 4.44249 0
      vertex 0.46458 4.42652 0
    endloop
  endfacet
  facet normal 0 0 1
    outer loop
      vertex 4.1 5.6 0
      vertex 0.413886 4.45579 0
      vertex 0.44 4.44249 0
    endloop
  endfacet
  facet normal 0 0 1
    outer loop
      vertex 4.1 5.6 0
      vertex 0.386524 4.4663 0
      vertex 0.413886 4.45579 0
    endloop
  endfacet
  facet normal 0 0 1
    outer loop
      vertex 4.1 5.6 0
      vertex 0.358214 4.47388 0
      vertex 0.386524 4.4663 0
    endloop
  endfacet
  facet normal 0 0 1
    outer loop
      vertex 4.1 5.6 0
      vertex 0.329268 4.47847 0
      vertex 0.358214 4.47388 0
    endloop
  endfacet
  facet normal 0 0 1
    outer loop
      vertex 4.1 5.6 0
      vertex 0.299999 4.48 0
      vertex 0.329268 4.47847 0
    endloop
  endfacet
  facet normal 0 0 1
    outer loop
      vertex -0.299999 4.48 0
      vertex 0.299999 4.48 0
      vertex 4.1 5.6 0
    endloop
  endfacet
  facet normal 0 0 1
    outer loop
      vertex 0.299999 4.48 0
      vertex -0.299999 4.48 0
      vertex 0.270732 4.47847 0
    endloop
  endfacet
  facet normal 0 0 1
    outer loop
      vertex 0.270732 4.47847 0
      vertex -0.270732 4.47847 0
      vertex 0.241784 4.47388 0
    endloop
  endfacet
  facet normal 0 0 1
    outer loop
      vertex 0.021533 4.22927 0
      vertex -0.0199995 4.2 0
      vertex 0.0199995 4.2 0
    endloop
  endfacet
  facet normal 0 0 1
    outer loop
      vertex -0.021533 4.22927 0
      vertex 0.021533 4.22927 0
      vertex 0.0261183 4.25821 0
    endloop
  endfacet
  facet normal 0 0 1
    outer loop
      vertex -0.0261183 4.25821 0
      vertex 0.0261183 4.25821 0
      vertex 0.0337038 4.28652 0
    endloop
  endfacet
  facet normal 0 0 1
    outer loop
      vertex -0.0337038 4.28652 0
      vertex 0.0337038 4.28652 0
      vertex 0.0442066 4.31389 0
    endloop
  endfacet
  facet normal 0 0 1
    outer loop
      vertex -0.0442066 4.31389 0
      vertex 0.0442066 4.31389 0
      vertex 0.0575123 4.34 0
    endloop
  endfacet
  facet normal 0 0 1
    outer loop
      vertex 0.021533 4.22927 0
      vertex -0.021533 4.22927 0
      vertex -0.0199995 4.2 0
    endloop
  endfacet
  facet normal 0 0 1
    outer loop
      vertex -0.0575123 4.34 0
      vertex 0.0575123 4.34 0
      vertex 0.0734749 4.36458 0
    endloop
  endfacet
  facet normal 0 0 1
    outer loop
      vertex 0.0261183 4.25821 0
      vertex -0.0261183 4.25821 0
      vertex -0.021533 4.22927 0
    endloop
  endfacet
  facet normal 0 0 1
    outer loop
      vertex -0.0734749 4.36458 0
      vertex 0.0734749 4.36458 0
      vertex 0.0919189 4.38736 0
    endloop
  endfacet
  facet normal 0 0 1
    outer loop
      vertex 0.0337038 4.28652 0
      vertex -0.0337038 4.28652 0
      vertex -0.0261183 4.25821 0
    endloop
  endfacet
  facet normal 0 0 1
    outer loop
      vertex -0.0919189 4.38736 0
      vertex 0.0919189 4.38736 0
      vertex 0.112643 4.40808 0
    endloop
  endfacet
  facet normal 0 0 1
    outer loop
      vertex 0.0442066 4.31389 0
      vertex -0.0442066 4.31389 0
      vertex -0.0337038 4.28652 0
    endloop
  endfacet
  facet normal 0 0 1
    outer loop
      vertex -0.112643 4.40808 0
      vertex 0.112643 4.40808 0
      vertex 0.13542 4.42652 0
    endloop
  endfacet
  facet normal 0 0 1
    outer loop
      vertex -0.13542 4.42652 0
      vertex 0.13542 4.42652 0
      vertex 0.16 4.44249 0
    endloop
  endfacet
  facet normal 0 0 1
    outer loop
      vertex 0.0575123 4.34 0
      vertex -0.0575123 4.34 0
      vertex -0.0442066 4.31389 0
    endloop
  endfacet
  facet normal 0 0 1
    outer loop
      vertex -0.16 4.44249 0
      vertex 0.16 4.44249 0
      vertex 0.186113 4.45579 0
    endloop
  endfacet
  facet normal 0 0 1
    outer loop
      vertex 0.0734749 4.36458 0
      vertex -0.0734749 4.36458 0
      vertex -0.0575123 4.34 0
    endloop
  endfacet
  facet normal 0 0 1
    outer loop
      vertex -0.186113 4.45579 0
      vertex 0.186113 4.45579 0
      vertex 0.213475 4.4663 0
    endloop
  endfacet
  facet normal 0 0 1
    outer loop
      vertex 0.0919189 4.38736 0
      vertex -0.0919189 4.38736 0
      vertex -0.0734749 4.36458 0
    endloop
  endfacet
  facet normal 0 -0 1
    outer loop
      vertex -0.241784 4.47388 0
      vertex 0.241784 4.47388 0
      vertex -0.270732 4.47847 0
    endloop
  endfacet
  facet normal 0 0 1
    outer loop
      vertex 0.112643 4.40808 0
      vertex -0.112643 4.40808 0
      vertex -0.0919189 4.38736 0
    endloop
  endfacet
  facet normal 0 0 1
    outer loop
      vertex 0.13542 4.42652 0
      vertex -0.13542 4.42652 0
      vertex -0.112643 4.40808 0
    endloop
  endfacet
  facet normal 0 0 1
    outer loop
      vertex 0.16 4.44249 0
      vertex -0.16 4.44249 0
      vertex -0.13542 4.42652 0
    endloop
  endfacet
  facet normal 0 0 1
    outer loop
      vertex 0.186113 4.45579 0
      vertex -0.186113 4.45579 0
      vertex -0.16 4.44249 0
    endloop
  endfacet
  facet normal 0 0 1
    outer loop
      vertex 0.213475 4.4663 0
      vertex -0.213475 4.4663 0
      vertex -0.186113 4.45579 0
    endloop
  endfacet
  facet normal 0 0 1
    outer loop
      vertex 0.213475 4.4663 0
      vertex -0.241784 4.47388 0
      vertex -0.213475 4.4663 0
    endloop
  endfacet
  facet normal 0 0 1
    outer loop
      vertex 0.241784 4.47388 0
      vertex -0.241784 4.47388 0
      vertex 0.213475 4.4663 0
    endloop
  endfacet
  facet normal 0 0 1
    outer loop
      vertex 0.270732 4.47847 0
      vertex -0.299999 4.48 0
      vertex -0.270732 4.47847 0
    endloop
  endfacet
  facet normal -0 0 1
    outer loop
      vertex -4.1 5.6 0
      vertex -0.299999 4.48 0
      vertex 4.1 5.6 0
    endloop
  endfacet
  facet normal 0 0 1
    outer loop
      vertex -0.299999 4.48 0
      vertex -4.1 5.6 0
      vertex -0.329268 4.47847 0
    endloop
  endfacet
  facet normal 0 0 1
    outer loop
      vertex 0.719999 -3.5 0
      vertex -0.721534 -3.47073 0
      vertex -0.719999 -3.5 0
    endloop
  endfacet
  facet normal 0 0 1
    outer loop
      vertex -0.578465 4.17073 0
      vertex -0.726118 -3.44178 0
      vertex -0.721534 -3.47073 0
    endloop
  endfacet
  facet normal 0 0 1
    outer loop
      vertex -0.578465 4.17073 0
      vertex -1.02 0 0
      vertex -0.726118 -3.44178 0
    endloop
  endfacet
  facet normal -0 0 1
    outer loop
      vertex -1.02153 -0.0292673 0
      vertex -0.726118 -3.44178 0
      vertex -1.02 0 0
    endloop
  endfacet
  facet normal 0 0 1
    outer loop
      vertex -0.726118 -3.44178 0
      vertex -1.02153 -0.0292673 0
      vertex -0.733704 -3.41348 0
    endloop
  endfacet
  facet normal -0 0 1
    outer loop
      vertex -1.02612 -0.0582151 0
      vertex -0.733704 -3.41348 0
      vertex -1.02153 -0.0292673 0
    endloop
  endfacet
  facet normal 0 0 1
    outer loop
      vertex -0.733704 -3.41348 0
      vertex -1.02612 -0.0582151 0
      vertex -0.744206 -3.38611 0
    endloop
  endfacet
  facet normal -0 0 1
    outer loop
      vertex -1.0337 -0.086524 0
      vertex -0.744206 -3.38611 0
      vertex -1.02612 -0.0582151 0
    endloop
  endfacet
  facet normal 0 0 1
    outer loop
      vertex -0.744206 -3.38611 0
      vertex -1.0337 -0.086524 0
      vertex -0.757512 -3.36 0
    endloop
  endfacet
  facet normal -0 0 1
    outer loop
      vertex -1.04421 -0.113886 0
      vertex -0.757512 -3.36 0
      vertex -1.0337 -0.086524 0
    endloop
  endfacet
  facet normal 0 0 1
    outer loop
      vertex -0.757512 -3.36 0
      vertex -1.04421 -0.113886 0
      vertex -0.773475 -3.33542 0
    endloop
  endfacet
  facet normal -0 0 1
    outer loop
      vertex -1.05751 -0.139999 0
      vertex -0.773475 -3.33542 0
      vertex -1.04421 -0.113886 0
    endloop
  endfacet
  facet normal 0 0 1
    outer loop
      vertex -0.773475 -3.33542 0
      vertex -1.05751 -0.139999 0
      vertex -0.791919 -3.31264 0
    endloop
  endfacet
  facet normal -0 0 1
    outer loop
      vertex -1.07347 -0.164579 0
      vertex -0.791919 -3.31264 0
      vertex -1.05751 -0.139999 0
    endloop
  endfacet
  facet normal 0 0 1
    outer loop
      vertex -2 2.78 0
      vertex -0.58 4.2 0
      vertex -0.578465 4.22927 0
    endloop
  endfacet
  facet normal 0 0 1
    outer loop
      vertex -0.791919 -3.31264 0
      vertex -1.07347 -0.164579 0
      vertex -0.812643 -3.29192 0
    endloop
  endfacet
  facet normal -0 0 1
    outer loop
      vertex -1.09192 -0.187356 0
      vertex -0.812643 -3.29192 0
      vertex -1.07347 -0.164579 0
    endloop
  endfacet
  facet normal 0 0 1
    outer loop
      vertex -0.578465 4.17073 0
      vertex -1.02153 0.0292673 0
      vertex -1.02 0 0
    endloop
  endfacet
  facet normal 0 0 1
    outer loop
      vertex -0.578465 4.17073 0
      vertex -1.02612 0.0582151 0
      vertex -1.02153 0.0292673 0
    endloop
  endfacet
  facet normal 0 0 1
    outer loop
      vertex -0.578465 4.17073 0
      vertex -1.0337 0.086524 0
      vertex -1.02612 0.0582151 0
    endloop
  endfacet
  facet normal 0 0 1
    outer loop
      vertex -0.578465 4.17073 0
      vertex -1.04421 0.113886 0
      vertex -1.0337 0.086524 0
    endloop
  endfacet
  facet normal 0 0 1
    outer loop
      vertex -0.578465 4.17073 0
      vertex -1.05751 0.139999 0
      vertex -1.04421 0.113886 0
    endloop
  endfacet
  facet normal 0 0 1
    outer loop
      vertex -0.578465 4.17073 0
      vertex -1.07347 0.164579 0
      vertex -1.05751 0.139999 0
    endloop
  endfacet
  facet normal 0 0 1
    outer loop
      vertex -0.578465 4.17073 0
      vertex -1.09192 0.187356 0
      vertex -1.07347 0.164579 0
    endloop
  endfacet
  facet normal 0 0 1
    outer loop
      vertex -0.578465 4.17073 0
      vertex -1.72612 2.44178 0
      vertex -1.09192 0.187356 0
    endloop
  endfacet
  facet normal 0 0 1
    outer loop
      vertex -1.09192 0.187356 0
      vertex -1.72612 2.44178 0
      vertex -1.11264 0.20808 0
    endloop
  endfacet
  facet normal -0 0 1
    outer loop
      vertex -1.7337 2.41348 0
      vertex -1.11264 0.20808 0
      vertex -1.72612 2.44178 0
    endloop
  endfacet
  facet normal 0 0 1
    outer loop
      vertex -1.11264 0.20808 0
      vertex -1.7337 2.41348 0
      vertex -1.13542 0.226524 0
    endloop
  endfacet
  facet normal -0 0 1
    outer loop
      vertex -1.74421 2.38611 0
      vertex -1.13542 0.226524 0
      vertex -1.7337 2.41348 0
    endloop
  endfacet
  facet normal 0 0 1
    outer loop
      vertex -2.02927 2.77847 0
      vertex -0.578465 4.22927 0
      vertex -0.573881 4.25821 0
    endloop
  endfacet
  facet normal 0 0 1
    outer loop
      vertex -1.13542 0.226524 0
      vertex -1.74421 2.38611 0
      vertex -1.16 0.242487 0
    endloop
  endfacet
  facet normal -0 0 1
    outer loop
      vertex -1.75751 2.36 0
      vertex -1.16 0.242487 0
      vertex -1.74421 2.38611 0
    endloop
  endfacet
  facet normal 0 0 1
    outer loop
      vertex -1.16 0.242487 0
      vertex -1.75751 2.36 0
      vertex -1.18611 0.255793 0
    endloop
  endfacet
  facet normal -0 0 1
    outer loop
      vertex -1.77347 2.33542 0
      vertex -1.18611 0.255793 0
      vertex -1.75751 2.36 0
    endloop
  endfacet
  facet normal 0 0 1
    outer loop
      vertex -1.18611 0.255793 0
      vertex -1.77347 2.33542 0
      vertex -1.21348 0.266295 0
    endloop
  endfacet
  facet normal -0 0 1
    outer loop
      vertex -1.79192 2.31264 0
      vertex -1.21348 0.266295 0
      vertex -1.77347 2.33542 0
    endloop
  endfacet
  facet normal 0 0 1
    outer loop
      vertex -1.21348 0.266295 0
      vertex -1.79192 2.31264 0
      vertex -1.24178 0.273881 0
    endloop
  endfacet
  facet normal -0 0 1
    outer loop
      vertex -1.81264 2.29192 0
      vertex -1.24178 0.273881 0
      vertex -1.79192 2.31264 0
    endloop
  endfacet
  facet normal 0 0 1
    outer loop
      vertex -1.24178 0.273881 0
      vertex -1.81264 2.29192 0
      vertex -1.27073 0.278465 0
    endloop
  endfacet
  facet normal -0 0 1
    outer loop
      vertex -1.83542 2.27347 0
      vertex -1.27073 0.278465 0
      vertex -1.81264 2.29192 0
    endloop
  endfacet
  facet normal 0 0 1
    outer loop
      vertex -1.27073 0.278465 0
      vertex -1.83542 2.27347 0
      vertex -1.3 0.28 0
    endloop
  endfacet
  facet normal -0 0 1
    outer loop
      vertex -1.86 2.25751 0
      vertex -1.3 0.28 0
      vertex -1.83542 2.27347 0
    endloop
  endfacet
  facet normal 0 0 1
    outer loop
      vertex -1.3 0.28 0
      vertex -1.86 2.25751 0
      vertex -1.32927 0.278465 0
    endloop
  endfacet
  facet normal -0 0 1
    outer loop
      vertex -1.88611 2.24421 0
      vertex -1.32927 0.278465 0
      vertex -1.86 2.25751 0
    endloop
  endfacet
  facet normal 0 0 1
    outer loop
      vertex -1.32927 0.278465 0
      vertex -1.88611 2.24421 0
      vertex -1.35821 0.273881 0
    endloop
  endfacet
  facet normal -0 0 1
    outer loop
      vertex -1.91348 2.2337 0
      vertex -1.35821 0.273881 0
      vertex -1.88611 2.24421 0
    endloop
  endfacet
  facet normal 0 0 1
    outer loop
      vertex -1.35821 0.273881 0
      vertex -1.91348 2.2337 0
      vertex -1.38652 0.266295 0
    endloop
  endfacet
  facet normal 0 0 1
    outer loop
      vertex -0.578465 4.17073 0
      vertex -1.72153 2.47073 0
      vertex -1.72612 2.44178 0
    endloop
  endfacet
  facet normal 0 0 1
    outer loop
      vertex -0.578465 4.17073 0
      vertex -1.72 2.5 0
      vertex -1.72153 2.47073 0
    endloop
  endfacet
  facet normal 0 0 1
    outer loop
      vertex -4.1 5.6 0
      vertex -0.573881 4.25821 0
      vertex -0.566296 4.28652 0
    endloop
  endfacet
  facet normal 0 0 1
    outer loop
      vertex -4.1 5.6 0
      vertex -0.566296 4.28652 0
      vertex -0.555792 4.31389 0
    endloop
  endfacet
  facet normal 0 0 1
    outer loop
      vertex -4.1 5.6 0
      vertex -0.555792 4.31389 0
      vertex -0.542486 4.34 0
    endloop
  endfacet
  facet normal 0 0 1
    outer loop
      vertex -0.578465 4.17073 0
      vertex -1.72153 2.52927 0
      vertex -1.72 2.5 0
    endloop
  endfacet
  facet normal 0 0 1
    outer loop
      vertex -4.1 5.6 0
      vertex -0.542486 4.34 0
      vertex -0.526525 4.36458 0
    endloop
  endfacet
  facet normal 0 0 1
    outer loop
      vertex -0.578465 4.17073 0
      vertex -1.72612 2.55822 0
      vertex -1.72153 2.52927 0
    endloop
  endfacet
  facet normal 0 0 1
    outer loop
      vertex -0.578465 4.17073 0
      vertex -1.7337 2.58652 0
      vertex -1.72612 2.55822 0
    endloop
  endfacet
  facet normal 0 0 1
    outer loop
      vertex -0.578465 4.17073 0
      vertex -1.74421 2.61389 0
      vertex -1.7337 2.58652 0
    endloop
  endfacet
  facet normal 0 0 1
    outer loop
      vertex -0.578465 4.17073 0
      vertex -1.75751 2.64 0
      vertex -1.74421 2.61389 0
    endloop
  endfacet
  facet normal 0 0 1
    outer loop
      vertex -0.578465 4.17073 0
      vertex -1.77347 2.66458 0
      vertex -1.75751 2.64 0
    endloop
  endfacet
  facet normal 0 0 1
    outer loop
      vertex -0.578465 4.17073 0
      vertex -1.79192 2.68736 0
      vertex -1.77347 2.66458 0
    endloop
  endfacet
  facet normal 0 0 1
    outer loop
      vertex -0.578465 4.17073 0
      vertex -1.81264 2.70808 0
      vertex -1.79192 2.68736 0
    endloop
  endfacet
  facet normal 0 0 1
    outer loop
      vertex -0.578465 4.17073 0
      vertex -1.83542 2.72652 0
      vertex -1.81264 2.70808 0
    endloop
  endfacet
  facet normal 0 0 1
    outer loop
      vertex -0.578465 4.17073 0
      vertex -1.86 2.74249 0
      vertex -1.83542 2.72652 0
    endloop
  endfacet
  facet normal 0 0 1
    outer loop
      vertex -4.1 5.6 0
      vertex -0.526525 4.36458 0
      vertex -0.50808 4.38736 0
    endloop
  endfacet
  facet normal 0 0 1
    outer loop
      vertex -0.578465 4.17073 0
      vertex -1.88611 2.75579 0
      vertex -1.86 2.74249 0
    endloop
  endfacet
  facet normal 0 0 1
    outer loop
      vertex -0.578465 4.17073 0
      vertex -1.91348 2.7663 0
      vertex -1.88611 2.75579 0
    endloop
  endfacet
  facet normal 0 0 1
    outer loop
      vertex -0.578465 4.17073 0
      vertex -1.94178 2.77388 0
      vertex -1.91348 2.7663 0
    endloop
  endfacet
  facet normal 0 0 1
    outer loop
      vertex -0.578465 4.17073 0
      vertex -1.97073 2.77847 0
      vertex -1.94178 2.77388 0
    endloop
  endfacet
  facet normal 0 0 1
    outer loop
      vertex -0.58 4.2 0
      vertex -2 2.78 0
      vertex -1.97073 2.77847 0
    endloop
  endfacet
  facet normal 0 0 1
    outer loop
      vertex -0.578465 4.22927 0
      vertex -2.02927 2.77847 0
      vertex -2 2.78 0
    endloop
  endfacet
  facet normal 0 0 1
    outer loop
      vertex -0.573881 4.25821 0
      vertex -2.05822 2.77388 0
      vertex -2.02927 2.77847 0
    endloop
  endfacet
  facet normal 0 0 1
    outer loop
      vertex -0.573881 4.25821 0
      vertex -4.1 5.6 0
      vertex -2.05822 2.77388 0
    endloop
  endfacet
  facet normal 0 0 1
    outer loop
      vertex -2.05822 2.77388 0
      vertex -4.1 5.6 0
      vertex -2.08652 2.7663 0
    endloop
  endfacet
  facet normal 0 0 1
    outer loop
      vertex -2.08652 2.7663 0
      vertex -4.1 5.6 0
      vertex -2.11389 2.75579 0
    endloop
  endfacet
  facet normal 0 0 1
    outer loop
      vertex -2.11389 2.75579 0
      vertex -4.1 5.6 0
      vertex -2.14 2.74249 0
    endloop
  endfacet
  facet normal 0 0 1
    outer loop
      vertex -2.14 2.74249 0
      vertex -4.1 5.6 0
      vertex -2.16458 2.72652 0
    endloop
  endfacet
  facet normal 0 0 1
    outer loop
      vertex -4.1 5.6 0
      vertex -0.50808 4.38736 0
      vertex -0.487356 4.40808 0
    endloop
  endfacet
  facet normal 0 0 1
    outer loop
      vertex -2.16458 2.72652 0
      vertex -4.1 5.6 0
      vertex -2.18736 2.70808 0
    endloop
  endfacet
  facet normal 0 0 1
    outer loop
      vertex -2.27388 2.55822 0
      vertex -5.6 4.1 0
      vertex -2.27847 2.52927 0
    endloop
  endfacet
  facet normal 0 0 1
    outer loop
      vertex -2.2663 2.58652 0
      vertex -5.6 4.1 0
      vertex -2.27388 2.55822 0
    endloop
  endfacet
  facet normal 0 0 1
    outer loop
      vertex -2.25579 2.61389 0
      vertex -5.6 4.1 0
      vertex -2.2663 2.58652 0
    endloop
  endfacet
  facet normal 0 0 1
    outer loop
      vertex -2.24249 2.64 0
      vertex -5.6 4.1 0
      vertex -2.25579 2.61389 0
    endloop
  endfacet
  facet normal 0 0 1
    outer loop
      vertex -2.22652 2.66458 0
      vertex -5.6 4.1 0
      vertex -2.24249 2.64 0
    endloop
  endfacet
  facet normal -0 0 1
    outer loop
      vertex -5.6 4.1 0
      vertex -2.22652 2.66458 0
      vertex -4.1 5.6 0
    endloop
  endfacet
  facet normal 0 0 1
    outer loop
      vertex -2.20808 2.68736 0
      vertex -4.1 5.6 0
      vertex -2.22652 2.66458 0
    endloop
  endfacet
  facet normal 0 0 1
    outer loop
      vertex -2.18736 2.70808 0
      vertex -4.1 5.6 0
      vertex -2.20808 2.68736 0
    endloop
  endfacet
  facet normal 0 0 1
    outer loop
      vertex -0.46458 4.42652 0
      vertex -4.1 5.6 0
      vertex -0.487356 4.40808 0
    endloop
  endfacet
  facet normal 0 0 1
    outer loop
      vertex -0.44 4.44249 0
      vertex -4.1 5.6 0
      vertex -0.46458 4.42652 0
    endloop
  endfacet
  facet normal 0 0 1
    outer loop
      vertex -0.413886 4.45579 0
      vertex -4.1 5.6 0
      vertex -0.44 4.44249 0
    endloop
  endfacet
  facet normal 0 0 1
    outer loop
      vertex -0.386524 4.4663 0
      vertex -4.1 5.6 0
      vertex -0.413886 4.45579 0
    endloop
  endfacet
  facet normal 0 0 1
    outer loop
      vertex -0.358214 4.47388 0
      vertex -4.1 5.6 0
      vertex -0.386524 4.4663 0
    endloop
  endfacet
  facet normal 0 0 1
    outer loop
      vertex -0.329268 4.47847 0
      vertex -4.1 5.6 0
      vertex -0.358214 4.47388 0
    endloop
  endfacet
  facet normal -0 0 1
    outer loop
      vertex 1.27847 -3.47073 0
      vertex 5.6 -4.1 0
      vertex 3.08316 0.608741 0
    endloop
  endfacet
  facet normal 0 0 1
    outer loop
      vertex 5.6 -4.1 0
      vertex 4.1 -5.6 0
      vertex 5.58906 -4.2808 0
    endloop
  endfacet
  facet normal 0 0 1
    outer loop
      vertex 5.58906 -4.2808 0
      vertex 4.1 -5.6 0
      vertex 5.55641 -4.45897 0
    endloop
  endfacet
  facet normal 0 0 1
    outer loop
      vertex 5.55641 -4.45897 0
      vertex 4.1 -5.6 0
      vertex 5.50252 -4.63191 0
    endloop
  endfacet
  facet normal 0 0 1
    outer loop
      vertex 5.50252 -4.63191 0
      vertex 4.1 -5.6 0
      vertex 5.42818 -4.79708 0
    endloop
  endfacet
  facet normal 0 0 1
    outer loop
      vertex 5.42818 -4.79708 0
      vertex 4.1 -5.6 0
      vertex 5.33448 -4.9521 0
    endloop
  endfacet
  facet normal 0 0 1
    outer loop
      vertex 5.33448 -4.9521 0
      vertex 4.1 -5.6 0
      vertex 5.22277 -5.09468 0
    endloop
  endfacet
  facet normal 0 0 1
    outer loop
      vertex 5.22277 -5.09468 0
      vertex 4.1 -5.6 0
      vertex 5.09468 -5.22277 0
    endloop
  endfacet
  facet normal 0 0 1
    outer loop
      vertex 5.09468 -5.22277 0
      vertex 4.1 -5.6 0
      vertex 4.9521 -5.33448 0
    endloop
  endfacet
  facet normal 0 0 1
    outer loop
      vertex 4.9521 -5.33448 0
      vertex 4.1 -5.6 0
      vertex 4.79708 -5.42818 0
    endloop
  endfacet
  facet normal 0 0 1
    outer loop
      vertex 4.79708 -5.42818 0
      vertex 4.1 -5.6 0
      vertex 4.63191 -5.50252 0
    endloop
  endfacet
  facet normal 0 0 1
    outer loop
      vertex 4.63191 -5.50252 0
      vertex 4.1 -5.6 0
      vertex 4.45897 -5.55641 0
    endloop
  endfacet
  facet normal 0 -0 1
    outer loop
      vertex 4.1 -5.6 0
      vertex 5.6 -4.1 0
      vertex 1.28 -3.5 0
    endloop
  endfacet
  facet normal 0 0 1
    outer loop
      vertex 1.27847 -3.47073 0
      vertex 3.08316 0.608741 0
      vertex 3.04181 0.602191 0
    endloop
  endfacet
  facet normal 0 0 1
    outer loop
      vertex 1.52652 -0.164579 0
      vertex 3.04181 0.602191 0
      vertex 3 0.599999 0
    endloop
  endfacet
  facet normal 0 0 1
    outer loop
      vertex 1.54249 -0.139999 0
      vertex 3 0.599999 0
      vertex 2.95819 0.602191 0
    endloop
  endfacet
  facet normal 0 0 1
    outer loop
      vertex 1.55579 -0.113886 0
      vertex 2.95819 0.602191 0
      vertex 2.91683 0.608741 0
    endloop
  endfacet
  facet normal 0 0 1
    outer loop
      vertex 1.5663 -0.086524 0
      vertex 2.91683 0.608741 0
      vertex 2.87639 0.619576 0
    endloop
  endfacet
  facet normal 0 0 1
    outer loop
      vertex 1.57388 -0.0582151 0
      vertex 2.87639 0.619576 0
      vertex 2.83731 0.634582 0
    endloop
  endfacet
  facet normal 0 0 1
    outer loop
      vertex 1.57847 -0.0292673 0
      vertex 2.83731 0.634582 0
      vertex 2.8 0.653589 0
    endloop
  endfacet
  facet normal 0 0 1
    outer loop
      vertex 1.58 0 0
      vertex 2.8 0.653589 0
      vertex 2.76488 0.676393 0
    endloop
  endfacet
  facet normal 0 0 1
    outer loop
      vertex 1.58 0 0
      vertex 2.76488 0.676393 0
      vertex 2.73235 0.702742 0
    endloop
  endfacet
  facet normal 0 0 1
    outer loop
      vertex 1.58 0 0
      vertex 2.73235 0.702742 0
      vertex 2.70274 0.732347 0
    endloop
  endfacet
  facet normal 0 0 1
    outer loop
      vertex 1.58 0 0
      vertex 2.70274 0.732347 0
      vertex 2.67639 0.764885 0
    endloop
  endfacet
  facet normal 0 0 1
    outer loop
      vertex 1.58 0 0
      vertex 2.67639 0.764885 0
      vertex 2.65359 0.799999 0
    endloop
  endfacet
  facet normal 0 0 1
    outer loop
      vertex 1.58 0 0
      vertex 2.65359 0.799999 0
      vertex 2.63458 0.837305 0
    endloop
  endfacet
  facet normal 0 0 1
    outer loop
      vertex 1.58 0 0
      vertex 2.63458 0.837305 0
      vertex 2.61958 0.876392 0
    endloop
  endfacet
  facet normal 0 0 1
    outer loop
      vertex 1.58 0 0
      vertex 2.61958 0.876392 0
      vertex 2.60874 0.916835 0
    endloop
  endfacet
  facet normal -0 0 1
    outer loop
      vertex 2.14 2.25751 0
      vertex 2.76488 1.32361 0
      vertex 2.16458 2.27347 0
    endloop
  endfacet
  facet normal 0 0 1
    outer loop
      vertex 2.76488 1.32361 0
      vertex 2.14 2.25751 0
      vertex 2.73235 1.29726 0
    endloop
  endfacet
  facet normal -0 0 1
    outer loop
      vertex 2.11389 2.24421 0
      vertex 2.73235 1.29726 0
      vertex 2.14 2.25751 0
    endloop
  endfacet
  facet normal 0 0 1
    outer loop
      vertex 2.73235 1.29726 0
      vertex 2.11389 2.24421 0
      vertex 2.70274 1.26765 0
    endloop
  endfacet
  facet normal -0 0 1
    outer loop
      vertex 2.08652 2.2337 0
      vertex 2.70274 1.26765 0
      vertex 2.11389 2.24421 0
    endloop
  endfacet
  facet normal -0 0 1
    outer loop
      vertex 2.05822 2.22612 0
      vertex 2.70274 1.26765 0
      vertex 2.08652 2.2337 0
    endloop
  endfacet
  facet normal 0 0 1
    outer loop
      vertex 2.70274 1.26765 0
      vertex 2.05822 2.22612 0
      vertex 2.67639 1.23511 0
    endloop
  endfacet
  facet normal -0 0 1
    outer loop
      vertex 2.02927 2.22153 0
      vertex 2.67639 1.23511 0
      vertex 2.05822 2.22612 0
    endloop
  endfacet
  facet normal 0 0 1
    outer loop
      vertex 2.67639 1.23511 0
      vertex 2.02927 2.22153 0
      vertex 2.65359 1.2 0
    endloop
  endfacet
  facet normal -0 0 1
    outer loop
      vertex 2 2.22 0
      vertex 2.65359 1.2 0
      vertex 2.02927 2.22153 0
    endloop
  endfacet
  facet normal 0 0 1
    outer loop
      vertex 2.65359 1.2 0
      vertex 2 2.22 0
      vertex 2.63458 1.16269 0
    endloop
  endfacet
  facet normal 0 0 1
    outer loop
      vertex 1.97073 2.22153 0
      vertex 2.63458 1.16269 0
      vertex 2 2.22 0
    endloop
  endfacet
  facet normal 0 0 1
    outer loop
      vertex 2.63458 1.16269 0
      vertex 1.97073 2.22153 0
      vertex 2.61958 1.12361 0
    endloop
  endfacet
  facet normal 0 0 1
    outer loop
      vertex 1.94178 2.22612 0
      vertex 2.61958 1.12361 0
      vertex 1.97073 2.22153 0
    endloop
  endfacet
  facet normal 0 0 1
    outer loop
      vertex 2.61958 1.12361 0
      vertex 1.94178 2.22612 0
      vertex 2.60874 1.08316 0
    endloop
  endfacet
  facet normal 0 0 1
    outer loop
      vertex 1.91348 2.2337 0
      vertex 2.60874 1.08316 0
      vertex 1.94178 2.22612 0
    endloop
  endfacet
  facet normal 0 0 1
    outer loop
      vertex 2.60874 1.08316 0
      vertex 1.91348 2.2337 0
      vertex 2.60219 1.04181 0
    endloop
  endfacet
  facet normal 0 0 1
    outer loop
      vertex 1.88611 2.24421 0
      vertex 2.60219 1.04181 0
      vertex 1.91348 2.2337 0
    endloop
  endfacet
  facet normal 0 0 1
    outer loop
      vertex 1.58 0 0
      vertex 2.60219 1.04181 0
      vertex 1.88611 2.24421 0
    endloop
  endfacet
  facet normal 0 0 1
    outer loop
      vertex 2.60219 1.04181 0
      vertex 1.58 0 0
      vertex 2.6 1 0
    endloop
  endfacet
  facet normal 0 0 1
    outer loop
      vertex 2.6 1 0
      vertex 1.58 0 0
      vertex 2.60219 0.958188 0
    endloop
  endfacet
  facet normal 0 0 1
    outer loop
      vertex 2.60219 0.958188 0
      vertex 1.58 0 0
      vertex 2.60874 0.916835 0
    endloop
  endfacet
  facet normal 0 0 1
    outer loop
      vertex 1.58 0 0
      vertex 1.88611 2.24421 0
      vertex 1.86 2.25751 0
    endloop
  endfacet
  facet normal 0 0 1
    outer loop
      vertex 1.58 0 0
      vertex 1.86 2.25751 0
      vertex 1.83542 2.27347 0
    endloop
  endfacet
  facet normal 0 0 1
    outer loop
      vertex 1.58 0 0
      vertex 1.83542 2.27347 0
      vertex 1.81264 2.29192 0
    endloop
  endfacet
  facet normal 0 0 1
    outer loop
      vertex 1.58 0 0
      vertex 1.81264 2.29192 0
      vertex 1.79192 2.31264 0
    endloop
  endfacet
  facet normal 0 0 1
    outer loop
      vertex 1.58 0 0
      vertex 1.79192 2.31264 0
      vertex 1.77347 2.33542 0
    endloop
  endfacet
  facet normal 0 0 1
    outer loop
      vertex 1.58 0 0
      vertex 1.77347 2.33542 0
      vertex 1.75751 2.36 0
    endloop
  endfacet
  facet normal 0 0 1
    outer loop
      vertex 1.58 0 0
      vertex 1.75751 2.36 0
      vertex 1.74421 2.38611 0
    endloop
  endfacet
  facet normal 0 0 1
    outer loop
      vertex 1.58 0 0
      vertex 1.74421 2.38611 0
      vertex 1.7337 2.41348 0
    endloop
  endfacet
  facet normal 0 0 1
    outer loop
      vertex 1.58 0 0
      vertex 1.72153 2.47073 0
      vertex 1.72 2.5 0
    endloop
  endfacet
  facet normal 0 0 1
    outer loop
      vertex 1.58 0 0
      vertex 1.72612 2.44178 0
      vertex 1.72153 2.47073 0
    endloop
  endfacet
  facet normal 0 0 1
    outer loop
      vertex 1.58 0 0
      vertex 1.7337 2.41348 0
      vertex 1.72612 2.44178 0
    endloop
  endfacet
  facet normal 0 0 1
    outer loop
      vertex 2.8 0.653589 0
      vertex 1.58 0 0
      vertex 1.57847 -0.0292673 0
    endloop
  endfacet
  facet normal 0 0 1
    outer loop
      vertex 2.83731 0.634582 0
      vertex 1.57847 -0.0292673 0
      vertex 1.57388 -0.0582151 0
    endloop
  endfacet
  facet normal 0 0 1
    outer loop
      vertex 2.87639 0.619576 0
      vertex 1.57388 -0.0582151 0
      vertex 1.5663 -0.086524 0
    endloop
  endfacet
  facet normal 0 0 1
    outer loop
      vertex 2.91683 0.608741 0
      vertex 1.5663 -0.086524 0
      vertex 1.55579 -0.113886 0
    endloop
  endfacet
  facet normal 0 0 1
    outer loop
      vertex 2.95819 0.602191 0
      vertex 1.55579 -0.113886 0
      vertex 1.54249 -0.139999 0
    endloop
  endfacet
  facet normal 0 0 1
    outer loop
      vertex 3 0.599999 0
      vertex 1.54249 -0.139999 0
      vertex 1.52652 -0.164579 0
    endloop
  endfacet
  facet normal 0 0 1
    outer loop
      vertex 3.04181 0.602191 0
      vertex 1.52652 -0.164579 0
      vertex 1.50808 -0.187356 0
    endloop
  endfacet
  facet normal 0 0 1
    outer loop
      vertex 1.27847 -3.47073 0
      vertex 3.04181 0.602191 0
      vertex 1.50808 -0.187356 0
    endloop
  endfacet
  facet normal 0 0 1
    outer loop
      vertex 1.27847 -3.47073 0
      vertex 1.50808 -0.187356 0
      vertex 1.48736 -0.20808 0
    endloop
  endfacet
  facet normal 0 0 1
    outer loop
      vertex 1.27847 -3.47073 0
      vertex 1.48736 -0.20808 0
      vertex 1.46458 -0.226524 0
    endloop
  endfacet
  facet normal 0 0 1
    outer loop
      vertex 1.27847 -3.47073 0
      vertex 1.46458 -0.226524 0
      vertex 1.44 -0.242487 0
    endloop
  endfacet
  facet normal 0 0 1
    outer loop
      vertex 1.27847 -3.47073 0
      vertex 1.44 -0.242487 0
      vertex 1.41389 -0.255793 0
    endloop
  endfacet
  facet normal 0 0 1
    outer loop
      vertex 1.27847 -3.47073 0
      vertex 1.41389 -0.255793 0
      vertex 1.38652 -0.266295 0
    endloop
  endfacet
  facet normal 0 0 1
    outer loop
      vertex 1.27847 -3.47073 0
      vertex 1.38652 -0.266295 0
      vertex 1.35821 -0.273881 0
    endloop
  endfacet
  facet normal 0 0 1
    outer loop
      vertex 1.27847 -3.47073 0
      vertex 1.35821 -0.273881 0
      vertex 1.32927 -0.278465 0
    endloop
  endfacet
  facet normal 0 0 1
    outer loop
      vertex 1.05822 -3.22612 0
      vertex 1.32927 -0.278465 0
      vertex 1.3 -0.28 0
    endloop
  endfacet
  facet normal 0 0 1
    outer loop
      vertex 4.45897 -5.55641 0
      vertex 4.1 -5.6 0
      vertex 4.2808 -5.58906 0
    endloop
  endfacet
  facet normal -0 0 1
    outer loop
      vertex 1.27847 -3.52927 0
      vertex 4.1 -5.6 0
      vertex 1.28 -3.5 0
    endloop
  endfacet
  facet normal -0 0 1
    outer loop
      vertex 1.27388 -3.55822 0
      vertex 4.1 -5.6 0
      vertex 1.27847 -3.52927 0
    endloop
  endfacet
  facet normal -0 0 1
    outer loop
      vertex 1.2663 -3.58652 0
      vertex 4.1 -5.6 0
      vertex 1.27388 -3.55822 0
    endloop
  endfacet
  facet normal -0 0 1
    outer loop
      vertex 1.25579 -3.61389 0
      vertex 4.1 -5.6 0
      vertex 1.2663 -3.58652 0
    endloop
  endfacet
  facet normal -0 0 1
    outer loop
      vertex 1.24249 -3.64 0
      vertex 4.1 -5.6 0
      vertex 1.25579 -3.61389 0
    endloop
  endfacet
  facet normal -0 0 1
    outer loop
      vertex 1.22652 -3.66458 0
      vertex 4.1 -5.6 0
      vertex 1.24249 -3.64 0
    endloop
  endfacet
  facet normal -0 0 1
    outer loop
      vertex 1.20808 -3.68736 0
      vertex 4.1 -5.6 0
      vertex 1.22652 -3.66458 0
    endloop
  endfacet
  facet normal -0 0 1
    outer loop
      vertex 1.18736 -3.70808 0
      vertex 4.1 -5.6 0
      vertex 1.20808 -3.68736 0
    endloop
  endfacet
  facet normal -0 0 1
    outer loop
      vertex 1.16458 -3.72652 0
      vertex 4.1 -5.6 0
      vertex 1.18736 -3.70808 0
    endloop
  endfacet
  facet normal -0 0 1
    outer loop
      vertex 1.14 -3.74249 0
      vertex 4.1 -5.6 0
      vertex 1.16458 -3.72652 0
    endloop
  endfacet
  facet normal -0 0 1
    outer loop
      vertex 1.11389 -3.75579 0
      vertex 4.1 -5.6 0
      vertex 1.14 -3.74249 0
    endloop
  endfacet
  facet normal -0 0 1
    outer loop
      vertex 1.08652 -3.7663 0
      vertex 4.1 -5.6 0
      vertex 1.11389 -3.75579 0
    endloop
  endfacet
  facet normal -0 0 1
    outer loop
      vertex 1.05822 -3.77388 0
      vertex 4.1 -5.6 0
      vertex 1.08652 -3.7663 0
    endloop
  endfacet
  facet normal -0 0 1
    outer loop
      vertex 1.02927 -3.77847 0
      vertex 4.1 -5.6 0
      vertex 1.05822 -3.77388 0
    endloop
  endfacet
  facet normal -0 0 1
    outer loop
      vertex 1 -3.78 0
      vertex 4.1 -5.6 0
      vertex 1.02927 -3.77847 0
    endloop
  endfacet
  facet normal 0 0 1
    outer loop
      vertex 0.970732 -3.77847 0
      vertex 4.1 -5.6 0
      vertex 1 -3.78 0
    endloop
  endfacet
  facet normal 0 0 1
    outer loop
      vertex 0.941784 -3.77388 0
      vertex 4.1 -5.6 0
      vertex 0.970732 -3.77847 0
    endloop
  endfacet
  facet normal 0 0 1
    outer loop
      vertex -0.941784 -3.77388 0
      vertex 0.941784 -3.77388 0
      vertex 0.913475 -3.7663 0
    endloop
  endfacet
  facet normal 0 0 1
    outer loop
      vertex -0.913475 -3.7663 0
      vertex 0.913475 -3.7663 0
      vertex 0.886113 -3.75579 0
    endloop
  endfacet
  facet normal 0 0 1
    outer loop
      vertex -0.886113 -3.75579 0
      vertex 0.886113 -3.75579 0
      vertex 0.86 -3.74249 0
    endloop
  endfacet
  facet normal -0 0 1
    outer loop
      vertex 0.46458 3.97347 0
      vertex 1.77347 2.66458 0
      vertex 0.487356 3.99192 0
    endloop
  endfacet
  facet normal 0 0 1
    outer loop
      vertex 1.77347 2.66458 0
      vertex 0.46458 3.97347 0
      vertex 1.75751 2.64 0
    endloop
  endfacet
  facet normal -0 0 1
    outer loop
      vertex 0.44 3.95751 0
      vertex 1.75751 2.64 0
      vertex 0.46458 3.97347 0
    endloop
  endfacet
  facet normal 0 0 1
    outer loop
      vertex 1.75751 2.64 0
      vertex 0.44 3.95751 0
      vertex 1.74421 2.61389 0
    endloop
  endfacet
  facet normal -0 0 1
    outer loop
      vertex 0.413886 3.94421 0
      vertex 1.74421 2.61389 0
      vertex 0.44 3.95751 0
    endloop
  endfacet
  facet normal 0 0 1
    outer loop
      vertex 1.74421 2.61389 0
      vertex 0.413886 3.94421 0
      vertex 1.7337 2.58652 0
    endloop
  endfacet
  facet normal -0 0 1
    outer loop
      vertex 0.386524 3.9337 0
      vertex 1.7337 2.58652 0
      vertex 0.413886 3.94421 0
    endloop
  endfacet
  facet normal -0 0 1
    outer loop
      vertex 0.358214 3.92612 0
      vertex 1.7337 2.58652 0
      vertex 0.386524 3.9337 0
    endloop
  endfacet
  facet normal 0 0 1
    outer loop
      vertex 1.72612 2.55822 0
      vertex 0.358214 3.92612 0
      vertex 0.329268 3.92153 0
    endloop
  endfacet
  facet normal 0 0 1
    outer loop
      vertex 1.72153 2.52927 0
      vertex 0.329268 3.92153 0
      vertex 0.299999 3.92 0
    endloop
  endfacet
  facet normal 0 0 1
    outer loop
      vertex 1.72 2.5 0
      vertex 0.299999 3.92 0
      vertex 0.270732 3.92153 0
    endloop
  endfacet
  facet normal 0 0 1
    outer loop
      vertex 1.72 2.5 0
      vertex 0.270732 3.92153 0
      vertex -0.270732 3.92153 0
    endloop
  endfacet
  facet normal 0 0 1
    outer loop
      vertex 1.72 2.5 0
      vertex -0.270732 3.92153 0
      vertex -0.299999 3.92 0
    endloop
  endfacet
  facet normal 0 0 1
    outer loop
      vertex 1.07347 0.164579 0
      vertex -0.358214 3.92612 0
      vertex 1.05751 0.139999 0
    endloop
  endfacet
  facet normal 0 0 1
    outer loop
      vertex -0.386524 3.9337 0
      vertex 1.05751 0.139999 0
      vertex -0.358214 3.92612 0
    endloop
  endfacet
  facet normal 0 0 1
    outer loop
      vertex 0.726118 -3.44178 0
      vertex -0.721534 -3.47073 0
      vertex 0.721534 -3.47073 0
    endloop
  endfacet
  facet normal 0 0 1
    outer loop
      vertex 0.721534 -3.47073 0
      vertex -0.721534 -3.47073 0
      vertex 0.719999 -3.5 0
    endloop
  endfacet
  facet normal 0 0 1
    outer loop
      vertex -0.270732 3.92153 0
      vertex 0.270732 3.92153 0
      vertex 0.241784 3.92612 0
    endloop
  endfacet
  facet normal 0 0 1
    outer loop
      vertex -0.241784 3.92612 0
      vertex 0.241784 3.92612 0
      vertex 0.213475 3.9337 0
    endloop
  endfacet
  facet normal 0 0 1
    outer loop
      vertex -0.213475 3.9337 0
      vertex 0.213475 3.9337 0
      vertex 0.186113 3.94421 0
    endloop
  endfacet
  facet normal 0 0 1
    outer loop
      vertex -0.186113 3.94421 0
      vertex 0.186113 3.94421 0
      vertex 0.16 3.95751 0
    endloop
  endfacet
  facet normal 0 0 1
    outer loop
      vertex -0.16 3.95751 0
      vertex 0.16 3.95751 0
      vertex 0.13542 3.97347 0
    endloop
  endfacet
  facet normal 0 0 1
    outer loop
      vertex -0.13542 3.97347 0
      vertex 0.13542 3.97347 0
      vertex 0.112643 3.99192 0
    endloop
  endfacet
  facet normal 0 0 1
    outer loop
      vertex -0.112643 3.99192 0
      vertex 0.112643 3.99192 0
      vertex 0.0919189 4.01264 0
    endloop
  endfacet
  facet normal 0 0 1
    outer loop
      vertex -0.0919189 4.01264 0
      vertex 0.0919189 4.01264 0
      vertex 0.0734749 4.03542 0
    endloop
  endfacet
  facet normal 0 0 1
    outer loop
      vertex -0.0734749 4.03542 0
      vertex 0.0734749 4.03542 0
      vertex 0.0575123 4.06 0
    endloop
  endfacet
  facet normal 0 0 1
    outer loop
      vertex -0.0575123 4.06 0
      vertex 0.0575123 4.06 0
      vertex 0.0442066 4.08611 0
    endloop
  endfacet
  facet normal 0 0 1
    outer loop
      vertex -0.0442066 4.08611 0
      vertex 0.0442066 4.08611 0
      vertex 0.0337038 4.11347 0
    endloop
  endfacet
  facet normal 0 0 1
    outer loop
      vertex -0.0337038 4.11347 0
      vertex 0.0337038 4.11347 0
      vertex 0.0261183 4.14178 0
    endloop
  endfacet
  facet normal 0 0 1
    outer loop
      vertex -0.0261183 4.14178 0
      vertex 0.0261183 4.14178 0
      vertex 0.021533 4.17073 0
    endloop
  endfacet
  facet normal -0 0 1
    outer loop
      vertex -0.0199995 4.2 0
      vertex 0.021533 4.17073 0
      vertex 0.0199995 4.2 0
    endloop
  endfacet
  facet normal 0 0 1
    outer loop
      vertex -0.021533 4.17073 0
      vertex 0.021533 4.17073 0
      vertex -0.0199995 4.2 0
    endloop
  endfacet
  facet normal 0 0 1
    outer loop
      vertex -0.0261183 4.14178 0
      vertex 0.021533 4.17073 0
      vertex -0.021533 4.17073 0
    endloop
  endfacet
  facet normal 0 0 1
    outer loop
      vertex 0.0261183 4.14178 0
      vertex -0.0261183 4.14178 0
      vertex -0.0337038 4.11347 0
    endloop
  endfacet
  facet normal 0 0 1
    outer loop
      vertex 0.0337038 4.11347 0
      vertex -0.0337038 4.11347 0
      vertex -0.0442066 4.08611 0
    endloop
  endfacet
  facet normal 0 0 1
    outer loop
      vertex 0.0442066 4.08611 0
      vertex -0.0442066 4.08611 0
      vertex -0.0575123 4.06 0
    endloop
  endfacet
  facet normal 0 0 1
    outer loop
      vertex 0.0575123 4.06 0
      vertex -0.0575123 4.06 0
      vertex -0.0734749 4.03542 0
    endloop
  endfacet
  facet normal 0 0 1
    outer loop
      vertex 0.0734749 4.03542 0
      vertex -0.0734749 4.03542 0
      vertex -0.0919189 4.01264 0
    endloop
  endfacet
  facet normal 0 0 1
    outer loop
      vertex 0.0919189 4.01264 0
      vertex -0.0919189 4.01264 0
      vertex -0.112643 3.99192 0
    endloop
  endfacet
  facet normal 0 0 1
    outer loop
      vertex 0.112643 3.99192 0
      vertex -0.112643 3.99192 0
      vertex -0.13542 3.97347 0
    endloop
  endfacet
  facet normal 0 0 1
    outer loop
      vertex 0.13542 3.97347 0
      vertex -0.13542 3.97347 0
      vertex -0.16 3.95751 0
    endloop
  endfacet
  facet normal 0 0 1
    outer loop
      vertex 0.16 3.95751 0
      vertex -0.16 3.95751 0
      vertex -0.186113 3.94421 0
    endloop
  endfacet
  facet normal 0 0 1
    outer loop
      vertex 0.186113 3.94421 0
      vertex -0.186113 3.94421 0
      vertex -0.213475 3.9337 0
    endloop
  endfacet
  facet normal 0 0 1
    outer loop
      vertex 0.213475 3.9337 0
      vertex -0.213475 3.9337 0
      vertex -0.241784 3.92612 0
    endloop
  endfacet
  facet normal 0 0 1
    outer loop
      vertex 0.241784 3.92612 0
      vertex -0.241784 3.92612 0
      vertex -0.270732 3.92153 0
    endloop
  endfacet
  facet normal 0 0 1
    outer loop
      vertex 1.05751 0.139999 0
      vertex -0.386524 3.9337 0
      vertex 1.04421 0.113886 0
    endloop
  endfacet
  facet normal 0 0 1
    outer loop
      vertex -0.413886 3.94421 0
      vertex 1.04421 0.113886 0
      vertex -0.386524 3.9337 0
    endloop
  endfacet
  facet normal 0 0 1
    outer loop
      vertex 1.04421 0.113886 0
      vertex -0.413886 3.94421 0
      vertex 1.0337 0.086524 0
    endloop
  endfacet
  facet normal 0 0 1
    outer loop
      vertex -0.44 3.95751 0
      vertex 1.0337 0.086524 0
      vertex -0.413886 3.94421 0
    endloop
  endfacet
  facet normal 0 0 1
    outer loop
      vertex 1.0337 0.086524 0
      vertex -0.44 3.95751 0
      vertex 1.02612 0.0582151 0
    endloop
  endfacet
  facet normal 0 0 1
    outer loop
      vertex -0.46458 3.97347 0
      vertex 1.02612 0.0582151 0
      vertex -0.44 3.95751 0
    endloop
  endfacet
  facet normal 0 0 1
    outer loop
      vertex 1.02612 0.0582151 0
      vertex -0.46458 3.97347 0
      vertex 1.02153 0.0292673 0
    endloop
  endfacet
  facet normal 0 0 1
    outer loop
      vertex -0.487356 3.99192 0
      vertex 1.02153 0.0292673 0
      vertex -0.46458 3.97347 0
    endloop
  endfacet
  facet normal 0 0 1
    outer loop
      vertex 1.02153 0.0292673 0
      vertex -0.487356 3.99192 0
      vertex -0.721534 -3.47073 0
    endloop
  endfacet
  facet normal 0 0 1
    outer loop
      vertex 0.719999 -3.5 0
      vertex -0.719999 -3.5 0
      vertex 0.721534 -3.52927 0
    endloop
  endfacet
  facet normal 0 0 1
    outer loop
      vertex -0.721534 -3.47073 0
      vertex -0.487356 3.99192 0
      vertex -0.50808 4.01264 0
    endloop
  endfacet
  facet normal 0 0 1
    outer loop
      vertex -0.721534 -3.47073 0
      vertex -0.50808 4.01264 0
      vertex -0.526525 4.03542 0
    endloop
  endfacet
  facet normal 0 0 1
    outer loop
      vertex -0.721534 -3.47073 0
      vertex -0.526525 4.03542 0
      vertex -0.542486 4.06 0
    endloop
  endfacet
  facet normal 0 0 1
    outer loop
      vertex -0.721534 -3.47073 0
      vertex -0.542486 4.06 0
      vertex -0.555792 4.08611 0
    endloop
  endfacet
  facet normal 0 0 1
    outer loop
      vertex -0.721534 -3.47073 0
      vertex -0.555792 4.08611 0
      vertex -0.566296 4.11347 0
    endloop
  endfacet
  facet normal 0 0 1
    outer loop
      vertex -0.721534 -3.47073 0
      vertex -0.566296 4.11347 0
      vertex -0.573881 4.14178 0
    endloop
  endfacet
  facet normal 0 0 1
    outer loop
      vertex -1.97073 2.77847 0
      vertex -0.578465 4.17073 0
      vertex -0.58 4.2 0
    endloop
  endfacet
  facet normal 0 0 1
    outer loop
      vertex -0.721534 -3.47073 0
      vertex -0.573881 4.14178 0
      vertex -0.578465 4.17073 0
    endloop
  endfacet
  facet normal 0 0 1
    outer loop
      vertex -0.721534 -3.52927 0
      vertex 0.721534 -3.52927 0
      vertex -0.719999 -3.5 0
    endloop
  endfacet
  facet normal 0 0 1
    outer loop
      vertex 0.721534 -3.52927 0
      vertex -0.721534 -3.52927 0
      vertex 0.726118 -3.55822 0
    endloop
  endfacet
  facet normal 0 0 1
    outer loop
      vertex -0.726118 -3.55822 0
      vertex 0.726118 -3.55822 0
      vertex -0.721534 -3.52927 0
    endloop
  endfacet
  facet normal 0 0 1
    outer loop
      vertex 0.726118 -3.55822 0
      vertex -0.726118 -3.55822 0
      vertex 0.733704 -3.58652 0
    endloop
  endfacet
  facet normal 0 0 1
    outer loop
      vertex -0.733704 -3.58652 0
      vertex 0.733704 -3.58652 0
      vertex -0.726118 -3.55822 0
    endloop
  endfacet
  facet normal 0 0 1
    outer loop
      vertex 0.733704 -3.58652 0
      vertex -0.733704 -3.58652 0
      vertex 0.744206 -3.61389 0
    endloop
  endfacet
  facet normal 0 0 1
    outer loop
      vertex -0.744206 -3.61389 0
      vertex 0.744206 -3.61389 0
      vertex -0.733704 -3.58652 0
    endloop
  endfacet
  facet normal 0 0 1
    outer loop
      vertex 0.744206 -3.61389 0
      vertex -0.744206 -3.61389 0
      vertex 0.757512 -3.64 0
    endloop
  endfacet
  facet normal 0 0 1
    outer loop
      vertex -0.757512 -3.64 0
      vertex 0.757512 -3.64 0
      vertex -0.744206 -3.61389 0
    endloop
  endfacet
  facet normal 0 0 1
    outer loop
      vertex 0.757512 -3.64 0
      vertex -0.757512 -3.64 0
      vertex 0.773475 -3.66458 0
    endloop
  endfacet
  facet normal 0 0 1
    outer loop
      vertex -0.773475 -3.66458 0
      vertex 0.773475 -3.66458 0
      vertex -0.757512 -3.64 0
    endloop
  endfacet
  facet normal 0 0 1
    outer loop
      vertex 0.773475 -3.66458 0
      vertex -0.773475 -3.66458 0
      vertex 0.791919 -3.68736 0
    endloop
  endfacet
  facet normal 0 0 1
    outer loop
      vertex -0.791919 -3.68736 0
      vertex 0.791919 -3.68736 0
      vertex -0.773475 -3.66458 0
    endloop
  endfacet
  facet normal 0 0 1
    outer loop
      vertex 0.791919 -3.68736 0
      vertex -0.791919 -3.68736 0
      vertex 0.812643 -3.70808 0
    endloop
  endfacet
  facet normal 0 0 1
    outer loop
      vertex -0.812643 -3.70808 0
      vertex 0.812643 -3.70808 0
      vertex -0.791919 -3.68736 0
    endloop
  endfacet
  facet normal 0 0 1
    outer loop
      vertex 0.812643 -3.70808 0
      vertex -0.812643 -3.70808 0
      vertex 0.83542 -3.72652 0
    endloop
  endfacet
  facet normal 0 0 1
    outer loop
      vertex -0.83542 -3.72652 0
      vertex 0.83542 -3.72652 0
      vertex -0.812643 -3.70808 0
    endloop
  endfacet
  facet normal 0 0 1
    outer loop
      vertex 0.83542 -3.72652 0
      vertex -0.83542 -3.72652 0
      vertex 0.86 -3.74249 0
    endloop
  endfacet
  facet normal 0 0 1
    outer loop
      vertex -0.86 -3.74249 0
      vertex 0.86 -3.74249 0
      vertex -0.83542 -3.72652 0
    endloop
  endfacet
  facet normal 0 0 1
    outer loop
      vertex -0.886113 -3.75579 0
      vertex 0.86 -3.74249 0
      vertex -0.86 -3.74249 0
    endloop
  endfacet
  facet normal 0 0 1
    outer loop
      vertex 0.886113 -3.75579 0
      vertex -0.886113 -3.75579 0
      vertex -0.913475 -3.7663 0
    endloop
  endfacet
  facet normal 0 0 1
    outer loop
      vertex 0.913475 -3.7663 0
      vertex -0.913475 -3.7663 0
      vertex -0.941784 -3.77388 0
    endloop
  endfacet
  facet normal 0 0 1
    outer loop
      vertex 0.941784 -3.77388 0
      vertex -0.941784 -3.77388 0
      vertex 4.1 -5.6 0
    endloop
  endfacet
  facet normal 0 0 1
    outer loop
      vertex -4.1 -5.6 0
      vertex -0.941784 -3.77388 0
      vertex -0.970732 -3.77847 0
    endloop
  endfacet
  facet normal 0 0 1
    outer loop
      vertex -4.1 -5.6 0
      vertex -0.970732 -3.77847 0
      vertex -1 -3.78 0
    endloop
  endfacet
  facet normal 0 0 1
    outer loop
      vertex -4.1 -5.6 0
      vertex -1 -3.78 0
      vertex -1.02927 -3.77847 0
    endloop
  endfacet
  facet normal 0 0 1
    outer loop
      vertex -4.1 -5.6 0
      vertex -1.02927 -3.77847 0
      vertex -1.05822 -3.77388 0
    endloop
  endfacet
  facet normal 0 0 1
    outer loop
      vertex -4.1 -5.6 0
      vertex -1.05822 -3.77388 0
      vertex -1.08652 -3.7663 0
    endloop
  endfacet
  facet normal 0 0 1
    outer loop
      vertex -1.20808 -3.31264 0
      vertex -1.48736 -0.20808 0
      vertex -1.22652 -3.33542 0
    endloop
  endfacet
  facet normal 0 0 1
    outer loop
      vertex -1.50808 -0.187356 0
      vertex -1.22652 -3.33542 0
      vertex -1.48736 -0.20808 0
    endloop
  endfacet
  facet normal 0 0 1
    outer loop
      vertex -1.22652 -3.33542 0
      vertex -1.50808 -0.187356 0
      vertex -1.24249 -3.36 0
    endloop
  endfacet
  facet normal 0 0 1
    outer loop
      vertex -5.6 -4.1 0
      vertex -1.24249 -3.36 0
      vertex -1.50808 -0.187356 0
    endloop
  endfacet
  facet normal 0 0 1
    outer loop
      vertex -1.24249 -3.36 0
      vertex -5.6 -4.1 0
      vertex -1.25579 -3.38611 0
    endloop
  endfacet
  facet normal 0 0 1
    outer loop
      vertex -1.25579 -3.38611 0
      vertex -5.6 -4.1 0
      vertex -1.2663 -3.41348 0
    endloop
  endfacet
  facet normal 0 0 1
    outer loop
      vertex -1.2663 -3.41348 0
      vertex -5.6 -4.1 0
      vertex -1.27388 -3.44178 0
    endloop
  endfacet
  facet normal 0 0 1
    outer loop
      vertex -1.27388 -3.44178 0
      vertex -5.6 -4.1 0
      vertex -1.27847 -3.47073 0
    endloop
  endfacet
  facet normal 0 0 1
    outer loop
      vertex -1.27847 -3.47073 0
      vertex -5.6 -4.1 0
      vertex -1.28 -3.5 0
    endloop
  endfacet
  facet normal 0 0 1
    outer loop
      vertex -5.6 -4.1 0
      vertex -1.50808 -0.187356 0
      vertex -1.52652 -0.164579 0
    endloop
  endfacet
  facet normal 0 0 1
    outer loop
      vertex -5.6 -4.1 0
      vertex -1.52652 -0.164579 0
      vertex -1.54249 -0.139999 0
    endloop
  endfacet
  facet normal 0 0 1
    outer loop
      vertex -5.6 -4.1 0
      vertex -1.54249 -0.139999 0
      vertex -1.55579 -0.113886 0
    endloop
  endfacet
  facet normal 0 0 1
    outer loop
      vertex -5.6 -4.1 0
      vertex -1.55579 -0.113886 0
      vertex -1.5663 -0.086524 0
    endloop
  endfacet
  facet normal 0 0 1
    outer loop
      vertex -5.6 -4.1 0
      vertex -1.5663 -0.086524 0
      vertex -1.57388 -0.0582151 0
    endloop
  endfacet
  facet normal 0 0 1
    outer loop
      vertex -5.6 -4.1 0
      vertex -1.57388 -0.0582151 0
      vertex -1.57847 -0.0292673 0
    endloop
  endfacet
  facet normal -0 0 1
    outer loop
      vertex -1.94178 2.22612 0
      vertex -1.38652 0.266295 0
      vertex -1.91348 2.2337 0
    endloop
  endfacet
  facet normal 0 0 1
    outer loop
      vertex -1.38652 0.266295 0
      vertex -1.94178 2.22612 0
      vertex -1.41389 0.255793 0
    endloop
  endfacet
  facet normal -0 0 1
    outer loop
      vertex -1.97073 2.22153 0
      vertex -1.41389 0.255793 0
      vertex -1.94178 2.22612 0
    endloop
  endfacet
  facet normal 0 0 1
    outer loop
      vertex -1.41389 0.255793 0
      vertex -1.97073 2.22153 0
      vertex -1.44 0.242487 0
    endloop
  endfacet
  facet normal -0 0 1
    outer loop
      vertex -2 2.22 0
      vertex -1.44 0.242487 0
      vertex -1.97073 2.22153 0
    endloop
  endfacet
  facet normal 0 0 1
    outer loop
      vertex -1.44 0.242487 0
      vertex -2 2.22 0
      vertex -1.46458 0.226524 0
    endloop
  endfacet
  facet normal 0 0 1
    outer loop
      vertex -2.02927 2.22153 0
      vertex -1.46458 0.226524 0
      vertex -2 2.22 0
    endloop
  endfacet
  facet normal 0 0 1
    outer loop
      vertex -1.46458 0.226524 0
      vertex -2.02927 2.22153 0
      vertex -1.48736 0.20808 0
    endloop
  endfacet
  facet normal 0 0 1
    outer loop
      vertex -2.05822 2.22612 0
      vertex -1.48736 0.20808 0
      vertex -2.02927 2.22153 0
    endloop
  endfacet
  facet normal 0 0 1
    outer loop
      vertex -1.48736 0.20808 0
      vertex -2.05822 2.22612 0
      vertex -1.50808 0.187356 0
    endloop
  endfacet
  facet normal 0 0 1
    outer loop
      vertex -2.08652 2.2337 0
      vertex -1.50808 0.187356 0
      vertex -2.05822 2.22612 0
    endloop
  endfacet
  facet normal 0 0 1
    outer loop
      vertex -1.50808 0.187356 0
      vertex -2.08652 2.2337 0
      vertex -1.52652 0.164579 0
    endloop
  endfacet
  facet normal 0 0 1
    outer loop
      vertex -2.11389 2.24421 0
      vertex -1.52652 0.164579 0
      vertex -2.08652 2.2337 0
    endloop
  endfacet
  facet normal 0 0 1
    outer loop
      vertex -1.52652 0.164579 0
      vertex -2.11389 2.24421 0
      vertex -1.54249 0.139999 0
    endloop
  endfacet
  facet normal 0 0 1
    outer loop
      vertex -2.14 2.25751 0
      vertex -1.54249 0.139999 0
      vertex -2.11389 2.24421 0
    endloop
  endfacet
  facet normal 0 0 1
    outer loop
      vertex -1.54249 0.139999 0
      vertex -2.14 2.25751 0
      vertex -1.55579 0.113886 0
    endloop
  endfacet
  facet normal 0 0 1
    outer loop
      vertex -2.16458 2.27347 0
      vertex -1.55579 0.113886 0
      vertex -2.14 2.25751 0
    endloop
  endfacet
  facet normal 0 0 1
    outer loop
      vertex -1.55579 0.113886 0
      vertex -2.16458 2.27347 0
      vertex -1.5663 0.086524 0
    endloop
  endfacet
  facet normal 0 0 1
    outer loop
      vertex -2.18736 2.29192 0
      vertex -1.5663 0.086524 0
      vertex -2.16458 2.27347 0
    endloop
  endfacet
  facet normal 0 0 1
    outer loop
      vertex -1.5663 0.086524 0
      vertex -2.18736 2.29192 0
      vertex -1.57388 0.0582151 0
    endloop
  endfacet
  facet normal 0 0 1
    outer loop
      vertex -2.20808 2.31264 0
      vertex -1.57388 0.0582151 0
      vertex -2.18736 2.29192 0
    endloop
  endfacet
  facet normal 0 0 1
    outer loop
      vertex -1.57388 0.0582151 0
      vertex -2.20808 2.31264 0
      vertex -1.57847 0.0292673 0
    endloop
  endfacet
  facet normal 0 0 1
    outer loop
      vertex -2.22652 2.33542 0
      vertex -1.57847 0.0292673 0
      vertex -2.20808 2.31264 0
    endloop
  endfacet
  facet normal 0 0 1
    outer loop
      vertex -1.57847 0.0292673 0
      vertex -2.22652 2.33542 0
      vertex -1.58 0 0
    endloop
  endfacet
  facet normal 0 0 1
    outer loop
      vertex -5.6 4.1 0
      vertex -1.58 0 0
      vertex -2.22652 2.33542 0
    endloop
  endfacet
  facet normal 0 -0 1
    outer loop
      vertex -4.1 -5.6 0
      vertex -1.28 -3.5 0
      vertex -5.6 -4.1 0
    endloop
  endfacet
  facet normal 0 0 1
    outer loop
      vertex -5.6 -4.1 0
      vertex -1.58 0 0
      vertex -5.6 4.1 0
    endloop
  endfacet
  facet normal 0 0 1
    outer loop
      vertex -5.6 4.1 0
      vertex -2.22652 2.33542 0
      vertex -2.24249 2.36 0
    endloop
  endfacet
  facet normal 0 0 1
    outer loop
      vertex -5.6 4.1 0
      vertex -2.24249 2.36 0
      vertex -2.25579 2.38611 0
    endloop
  endfacet
  facet normal 0 0 1
    outer loop
      vertex -5.6 4.1 0
      vertex -2.25579 2.38611 0
      vertex -2.2663 2.41348 0
    endloop
  endfacet
  facet normal 0 0 1
    outer loop
      vertex -5.6 4.1 0
      vertex -2.2663 2.41348 0
      vertex -2.27388 2.44178 0
    endloop
  endfacet
  facet normal 0 0 1
    outer loop
      vertex -2.27847 2.52927 0
      vertex -5.6 4.1 0
      vertex -2.28 2.5 0
    endloop
  endfacet
  facet normal 0 0 1
    outer loop
      vertex -2.28 2.5 0
      vertex -5.6 4.1 0
      vertex -2.27847 2.47073 0
    endloop
  endfacet
  facet normal 0 0 1
    outer loop
      vertex -2.27847 2.47073 0
      vertex -5.6 4.1 0
      vertex -2.27388 2.44178 0
    endloop
  endfacet
  facet normal 0 0 1
    outer loop
      vertex -1.58 0 0
      vertex -5.6 -4.1 0
      vertex -1.57847 -0.0292673 0
    endloop
  endfacet
  facet normal 0 0 1
    outer loop
      vertex -0.941784 -3.77388 0
      vertex -4.1 -5.6 0
      vertex 4.1 -5.6 0
    endloop
  endfacet
  facet normal 0 0 1
    outer loop
      vertex -1.11389 -3.75579 0
      vertex -4.1 -5.6 0
      vertex -1.08652 -3.7663 0
    endloop
  endfacet
  facet normal 0 0 1
    outer loop
      vertex -1.14 -3.74249 0
      vertex -4.1 -5.6 0
      vertex -1.11389 -3.75579 0
    endloop
  endfacet
  facet normal 0 0 1
    outer loop
      vertex -1.16458 -3.72652 0
      vertex -4.1 -5.6 0
      vertex -1.14 -3.74249 0
    endloop
  endfacet
  facet normal 0 0 1
    outer loop
      vertex -1.18736 -3.70808 0
      vertex -4.1 -5.6 0
      vertex -1.16458 -3.72652 0
    endloop
  endfacet
  facet normal 0 0 1
    outer loop
      vertex -1.20808 -3.68736 0
      vertex -4.1 -5.6 0
      vertex -1.18736 -3.70808 0
    endloop
  endfacet
  facet normal 0 0 1
    outer loop
      vertex -1.22652 -3.66458 0
      vertex -4.1 -5.6 0
      vertex -1.20808 -3.68736 0
    endloop
  endfacet
  facet normal 0 0 1
    outer loop
      vertex -1.24249 -3.64 0
      vertex -4.1 -5.6 0
      vertex -1.22652 -3.66458 0
    endloop
  endfacet
  facet normal 0 0 1
    outer loop
      vertex -1.25579 -3.61389 0
      vertex -4.1 -5.6 0
      vertex -1.24249 -3.64 0
    endloop
  endfacet
  facet normal 0 0 1
    outer loop
      vertex -1.2663 -3.58652 0
      vertex -4.1 -5.6 0
      vertex -1.25579 -3.61389 0
    endloop
  endfacet
  facet normal 0 0 1
    outer loop
      vertex -1.28 -3.5 0
      vertex -4.1 -5.6 0
      vertex -1.27847 -3.52927 0
    endloop
  endfacet
  facet normal 0 0 1
    outer loop
      vertex -5.6 4.1 0
      vertex -4.1 5.6 0
      vertex -4.2808 5.58906 0
    endloop
  endfacet
  facet normal 0 0 1
    outer loop
      vertex -1.27847 -3.52927 0
      vertex -4.1 -5.6 0
      vertex -1.27388 -3.55822 0
    endloop
  endfacet
  facet normal 0 0 1
    outer loop
      vertex -5.6 4.1 0
      vertex -4.2808 5.58906 0
      vertex -4.45897 5.55641 0
    endloop
  endfacet
  facet normal 0 0 1
    outer loop
      vertex -1.27388 -3.55822 0
      vertex -4.1 -5.6 0
      vertex -1.2663 -3.58652 0
    endloop
  endfacet
  facet normal 0 0 1
    outer loop
      vertex -5.6 4.1 0
      vertex -4.45897 5.55641 0
      vertex -4.63191 5.50252 0
    endloop
  endfacet
  facet normal 0 0 1
    outer loop
      vertex -4.1 -5.6 0
      vertex -5.6 -4.1 0
      vertex -4.2808 -5.58906 0
    endloop
  endfacet
  facet normal 0 0 1
    outer loop
      vertex -5.6 4.1 0
      vertex -4.63191 5.50252 0
      vertex -4.79708 5.42818 0
    endloop
  endfacet
  facet normal 0 0 1
    outer loop
      vertex -4.2808 -5.58906 0
      vertex -5.6 -4.1 0
      vertex -4.45897 -5.55641 0
    endloop
  endfacet
  facet normal 0 0 1
    outer loop
      vertex -5.6 4.1 0
      vertex -4.79708 5.42818 0
      vertex -4.9521 5.33448 0
    endloop
  endfacet
  facet normal 0 0 1
    outer loop
      vertex -4.45897 -5.55641 0
      vertex -5.6 -4.1 0
      vertex -4.63191 -5.50252 0
    endloop
  endfacet
  facet normal 0 0 1
    outer loop
      vertex -5.6 4.1 0
      vertex -4.9521 5.33448 0
      vertex -5.09468 5.22277 0
    endloop
  endfacet
  facet normal 0 0 1
    outer loop
      vertex -4.63191 -5.50252 0
      vertex -5.6 -4.1 0
      vertex -4.79708 -5.42818 0
    endloop
  endfacet
  facet normal 0 0 1
    outer loop
      vertex -5.6 4.1 0
      vertex -5.09468 5.22277 0
      vertex -5.22277 5.09468 0
    endloop
  endfacet
  facet normal 0 0 1
    outer loop
      vertex -4.79708 -5.42818 0
      vertex -5.6 -4.1 0
      vertex -4.9521 -5.33448 0
    endloop
  endfacet
  facet normal 0 0 1
    outer loop
      vertex -5.6 4.1 0
      vertex -5.22277 5.09468 0
      vertex -5.33448 4.9521 0
    endloop
  endfacet
  facet normal 0 0 1
    outer loop
      vertex -4.9521 -5.33448 0
      vertex -5.6 -4.1 0
      vertex -5.09468 -5.22277 0
    endloop
  endfacet
  facet normal 0 0 1
    outer loop
      vertex -5.6 4.1 0
      vertex -5.33448 4.9521 0
      vertex -5.42818 4.79708 0
    endloop
  endfacet
  facet normal 0 0 1
    outer loop
      vertex -5.09468 -5.22277 0
      vertex -5.6 -4.1 0
      vertex -5.22277 -5.09468 0
    endloop
  endfacet
  facet normal 0 0 1
    outer loop
      vertex -5.6 4.1 0
      vertex -5.42818 4.79708 0
      vertex -5.50252 4.63191 0
    endloop
  endfacet
  facet normal 0 0 1
    outer loop
      vertex -5.22277 -5.09468 0
      vertex -5.6 -4.1 0
      vertex -5.33448 -4.9521 0
    endloop
  endfacet
  facet normal 0 0 1
    outer loop
      vertex -5.6 4.1 0
      vertex -5.50252 4.63191 0
      vertex -5.55641 4.45897 0
    endloop
  endfacet
  facet normal 0 0 1
    outer loop
      vertex -5.33448 -4.9521 0
      vertex -5.6 -4.1 0
      vertex -5.42818 -4.79708 0
    endloop
  endfacet
  facet normal 0 0 1
    outer loop
      vertex -5.6 4.1 0
      vertex -5.55641 4.45897 0
      vertex -5.58906 4.2808 0
    endloop
  endfacet
  facet normal 0 0 1
    outer loop
      vertex -5.42818 -4.79708 0
      vertex -5.6 -4.1 0
      vertex -5.50252 -4.63191 0
    endloop
  endfacet
  facet normal 0 0 1
    outer loop
      vertex -5.50252 -4.63191 0
      vertex -5.6 -4.1 0
      vertex -5.55641 -4.45897 0
    endloop
  endfacet
  facet normal 0 0 1
    outer loop
      vertex -5.55641 -4.45897 0
      vertex -5.6 -4.1 0
      vertex -5.58906 -4.2808 0
    endloop
  endfacet
  facet normal 0 0 1
    outer loop
      vertex -0.812643 -3.29192 0
      vertex -1.09192 -0.187356 0
      vertex -0.83542 -3.27347 0
    endloop
  endfacet
  facet normal -0 0 1
    outer loop
      vertex -1.11264 -0.20808 0
      vertex -0.83542 -3.27347 0
      vertex -1.09192 -0.187356 0
    endloop
  endfacet
  facet normal 0 0 1
    outer loop
      vertex -0.83542 -3.27347 0
      vertex -1.11264 -0.20808 0
      vertex -0.86 -3.25751 0
    endloop
  endfacet
  facet normal -0 0 1
    outer loop
      vertex -1.13542 -0.226524 0
      vertex -0.86 -3.25751 0
      vertex -1.11264 -0.20808 0
    endloop
  endfacet
  facet normal 0 0 1
    outer loop
      vertex -0.86 -3.25751 0
      vertex -1.13542 -0.226524 0
      vertex -0.886113 -3.24421 0
    endloop
  endfacet
  facet normal -0 0 1
    outer loop
      vertex -1.16 -0.242487 0
      vertex -0.886113 -3.24421 0
      vertex -1.13542 -0.226524 0
    endloop
  endfacet
  facet normal 0 0 1
    outer loop
      vertex -0.886113 -3.24421 0
      vertex -1.16 -0.242487 0
      vertex -0.913475 -3.2337 0
    endloop
  endfacet
  facet normal -0 0 1
    outer loop
      vertex -1.18611 -0.255793 0
      vertex -0.913475 -3.2337 0
      vertex -1.16 -0.242487 0
    endloop
  endfacet
  facet normal 0 0 1
    outer loop
      vertex -0.913475 -3.2337 0
      vertex -1.18611 -0.255793 0
      vertex -0.941784 -3.22612 0
    endloop
  endfacet
  facet normal -0 0 1
    outer loop
      vertex -1.21348 -0.266295 0
      vertex -0.941784 -3.22612 0
      vertex -1.18611 -0.255793 0
    endloop
  endfacet
  facet normal 0 0 1
    outer loop
      vertex -0.941784 -3.22612 0
      vertex -1.21348 -0.266295 0
      vertex -0.970732 -3.22153 0
    endloop
  endfacet
  facet normal -0 0 1
    outer loop
      vertex -1.24178 -0.273881 0
      vertex -0.970732 -3.22153 0
      vertex -1.21348 -0.266295 0
    endloop
  endfacet
  facet normal 0 0 1
    outer loop
      vertex -0.970732 -3.22153 0
      vertex -1.24178 -0.273881 0
      vertex -1 -3.22 0
    endloop
  endfacet
  facet normal -0 0 1
    outer loop
      vertex -1.27073 -0.278465 0
      vertex -1 -3.22 0
      vertex -1.24178 -0.273881 0
    endloop
  endfacet
  facet normal 0 0 1
    outer loop
      vertex -1 -3.22 0
      vertex -1.27073 -0.278465 0
      vertex -1.02927 -3.22153 0
    endloop
  endfacet
  facet normal -0 0 1
    outer loop
      vertex -1.3 -0.28 0
      vertex -1.02927 -3.22153 0
      vertex -1.27073 -0.278465 0
    endloop
  endfacet
  facet normal 0 0 1
    outer loop
      vertex -1.02927 -3.22153 0
      vertex -1.3 -0.28 0
      vertex -1.05822 -3.22612 0
    endloop
  endfacet
  facet normal 0 0 1
    outer loop
      vertex -1.32927 -0.278465 0
      vertex -1.05822 -3.22612 0
      vertex -1.3 -0.28 0
    endloop
  endfacet
  facet normal 0 0 1
    outer loop
      vertex -1.05822 -3.22612 0
      vertex -1.32927 -0.278465 0
      vertex -1.08652 -3.2337 0
    endloop
  endfacet
  facet normal 0 0 1
    outer loop
      vertex -1.35821 -0.273881 0
      vertex -1.08652 -3.2337 0
      vertex -1.32927 -0.278465 0
    endloop
  endfacet
  facet normal 0 0 1
    outer loop
      vertex -1.08652 -3.2337 0
      vertex -1.35821 -0.273881 0
      vertex -1.11389 -3.24421 0
    endloop
  endfacet
  facet normal 0 0 1
    outer loop
      vertex -1.38652 -0.266295 0
      vertex -1.11389 -3.24421 0
      vertex -1.35821 -0.273881 0
    endloop
  endfacet
  facet normal 0 0 1
    outer loop
      vertex -1.11389 -3.24421 0
      vertex -1.38652 -0.266295 0
      vertex -1.14 -3.25751 0
    endloop
  endfacet
  facet normal 0 0 1
    outer loop
      vertex -1.41389 -0.255793 0
      vertex -1.14 -3.25751 0
      vertex -1.38652 -0.266295 0
    endloop
  endfacet
  facet normal 0 0 1
    outer loop
      vertex -1.14 -3.25751 0
      vertex -1.41389 -0.255793 0
      vertex -1.16458 -3.27347 0
    endloop
  endfacet
  facet normal 0 0 1
    outer loop
      vertex -1.44 -0.242487 0
      vertex -1.16458 -3.27347 0
      vertex -1.41389 -0.255793 0
    endloop
  endfacet
  facet normal 0 0 1
    outer loop
      vertex -1.16458 -3.27347 0
      vertex -1.44 -0.242487 0
      vertex -1.18736 -3.29192 0
    endloop
  endfacet
  facet normal 0 0 1
    outer loop
      vertex -1.46458 -0.226524 0
      vertex -1.18736 -3.29192 0
      vertex -1.44 -0.242487 0
    endloop
  endfacet
  facet normal 0 0 1
    outer loop
      vertex -1.18736 -3.29192 0
      vertex -1.46458 -0.226524 0
      vertex -1.20808 -3.31264 0
    endloop
  endfacet
  facet normal 0 0 1
    outer loop
      vertex -1.48736 -0.20808 0
      vertex -1.20808 -3.31264 0
      vertex -1.46458 -0.226524 0
    endloop
  endfacet
  facet normal 0 -1 0
    outer loop
      vertex -4.1 -5.6 -7
      vertex 4.1 -5.6 0
      vertex -4.1 -5.6 0
    endloop
  endfacet
  facet normal 0 -1 -0
    outer loop
      vertex 4.1 -5.6 0
      vertex -4.1 -5.6 -7
      vertex 4.1 -5.6 -7
    endloop
  endfacet
  facet normal 0.998174 0.0603984 0
    outer loop
      vertex 5.6 4.1 0
      vertex 5.58906 4.2808 -7
      vertex 5.58906 4.2808 0
    endloop
  endfacet
  facet normal 0.998174 0.0603984 0
    outer loop
      vertex 5.58906 4.2808 -7
      vertex 5.6 4.1 0
      vertex 5.6 4.1 -7
    endloop
  endfacet
  facet normal -1 0 0
    outer loop
      vertex -5.6 -4.1 -7
      vertex -5.6 4.1 0
      vertex -5.6 4.1 -7
    endloop
  endfacet
  facet normal -1 -0 0
    outer loop
      vertex -5.6 4.1 0
      vertex -5.6 -4.1 -7
      vertex -5.6 -4.1 0
    endloop
  endfacet
  facet normal -0.707107 -0.707107 0
    outer loop
      vertex -5.09468 -5.22277 -7
      vertex -5.22277 -5.09468 0
      vertex -5.22277 -5.09468 -7
    endloop
  endfacet
  facet normal -0.707107 -0.707107 0
    outer loop
      vertex -5.22277 -5.09468 0
      vertex -5.09468 -5.22277 -7
      vertex -5.09468 -5.22277 0
    endloop
  endfacet
  facet normal 0.787168 -0.616738 0
    outer loop
      vertex 5.22277 -5.09468 0
      vertex 5.33448 -4.9521 -7
      vertex 5.33448 -4.9521 0
    endloop
  endfacet
  facet normal 0.787168 -0.616738 0
    outer loop
      vertex 5.33448 -4.9521 -7
      vertex 5.22277 -5.09468 0
      vertex 5.22277 -5.09468 -7
    endloop
  endfacet
  facet normal 0.983621 0.18025 0
    outer loop
      vertex 5.58906 4.2808 0
      vertex 5.55641 4.45897 -7
      vertex 5.55641 4.45897 0
    endloop
  endfacet
  facet normal 0.983621 0.18025 0
    outer loop
      vertex 5.55641 4.45897 -7
      vertex 5.58906 4.2808 0
      vertex 5.58906 4.2808 -7
    endloop
  endfacet
  facet normal 0 1 -0
    outer loop
      vertex 4.1 5.6 -7
      vertex -4.1 5.6 0
      vertex 4.1 5.6 0
    endloop
  endfacet
  facet normal 0 1 0
    outer loop
      vertex -4.1 5.6 0
      vertex 4.1 5.6 -7
      vertex -4.1 5.6 -7
    endloop
  endfacet
  facet normal -0.787168 -0.616738 0
    outer loop
      vertex -5.22277 -5.09468 -7
      vertex -5.33448 -4.9521 0
      vertex -5.33448 -4.9521 -7
    endloop
  endfacet
  facet normal -0.787168 -0.616738 0
    outer loop
      vertex -5.33448 -4.9521 0
      vertex -5.22277 -5.09468 -7
      vertex -5.22277 -5.09468 0
    endloop
  endfacet
  facet normal -0.616738 -0.787168 0
    outer loop
      vertex -5.09468 -5.22277 -7
      vertex -4.9521 -5.33448 0
      vertex -5.09468 -5.22277 0
    endloop
  endfacet
  facet normal -0.616738 -0.787168 -0
    outer loop
      vertex -4.9521 -5.33448 0
      vertex -5.09468 -5.22277 -7
      vertex -4.9521 -5.33448 -7
    endloop
  endfacet
  facet normal 0.0603984 -0.998174 0
    outer loop
      vertex 4.1 -5.6 -7
      vertex 4.2808 -5.58906 0
      vertex 4.1 -5.6 0
    endloop
  endfacet
  facet normal 0.0603984 -0.998174 0
    outer loop
      vertex 4.2808 -5.58906 0
      vertex 4.1 -5.6 -7
      vertex 4.2808 -5.58906 -7
    endloop
  endfacet
  facet normal 1 -0 0
    outer loop
      vertex 5.6 -4.1 0
      vertex 5.6 4.1 -7
      vertex 5.6 4.1 0
    endloop
  endfacet
  facet normal 1 0 0
    outer loop
      vertex 5.6 4.1 -7
      vertex 5.6 -4.1 0
      vertex 5.6 -4.1 -7
    endloop
  endfacet
  facet normal 0.0603984 0.998174 -0
    outer loop
      vertex 4.2808 5.58906 -7
      vertex 4.1 5.6 0
      vertex 4.2808 5.58906 0
    endloop
  endfacet
  facet normal 0.0603984 0.998174 0
    outer loop
      vertex 4.1 5.6 0
      vertex 4.2808 5.58906 -7
      vertex 4.1 5.6 -7
    endloop
  endfacet
  facet normal -0.0603984 0.998174 0
    outer loop
      vertex -4.1 5.6 -7
      vertex -4.2808 5.58906 0
      vertex -4.1 5.6 0
    endloop
  endfacet
  facet normal -0.0603984 0.998174 0
    outer loop
      vertex -4.2808 5.58906 0
      vertex -4.1 5.6 -7
      vertex -4.2808 5.58906 -7
    endloop
  endfacet
  facet normal -0.954721 -0.297502 0
    outer loop
      vertex -5.50252 -4.63191 -7
      vertex -5.55641 -4.45897 0
      vertex -5.55641 -4.45897 -7
    endloop
  endfacet
  facet normal -0.954721 -0.297502 0
    outer loop
      vertex -5.55641 -4.45897 0
      vertex -5.50252 -4.63191 -7
      vertex -5.50252 -4.63191 0
    endloop
  endfacet
  facet normal -0.911894 -0.410427 0
    outer loop
      vertex -5.42818 -4.79708 -7
      vertex -5.50252 -4.63191 0
      vertex -5.50252 -4.63191 -7
    endloop
  endfacet
  facet normal -0.911894 -0.410427 0
    outer loop
      vertex -5.50252 -4.63191 0
      vertex -5.42818 -4.79708 -7
      vertex -5.42818 -4.79708 0
    endloop
  endfacet
  facet normal 0 0 -1
    outer loop
      vertex 4.1 -5.6 -7
      vertex 5.6 -4.1 -7
      vertex 5.58906 -4.2808 -7
    endloop
  endfacet
  facet normal -0 0 -1
    outer loop
      vertex 5.6 -4.1 -7
      vertex 4.1 -5.6 -7
      vertex 5.6 4.1 -7
    endloop
  endfacet
  facet normal 0 0 -1
    outer loop
      vertex 4.1 -5.6 -7
      vertex 5.58906 -4.2808 -7
      vertex 5.55641 -4.45897 -7
    endloop
  endfacet
  facet normal 0 0 -1
    outer loop
      vertex 4.1 5.6 -7
      vertex 5.6 4.1 -7
      vertex 4.1 -5.6 -7
    endloop
  endfacet
  facet normal 0 0 -1
    outer loop
      vertex 4.1 -5.6 -7
      vertex 5.55641 -4.45897 -7
      vertex 5.50252 -4.63191 -7
    endloop
  endfacet
  facet normal 0 0 -1
    outer loop
      vertex 5.6 4.1 -7
      vertex 4.1 5.6 -7
      vertex 5.58906 4.2808 -7
    endloop
  endfacet
  facet normal 0 0 -1
    outer loop
      vertex 4.1 -5.6 -7
      vertex 5.50252 -4.63191 -7
      vertex 5.42818 -4.79708 -7
    endloop
  endfacet
  facet normal 0 0 -1
    outer loop
      vertex 5.58906 4.2808 -7
      vertex 4.1 5.6 -7
      vertex 5.55641 4.45897 -7
    endloop
  endfacet
  facet normal 0 0 -1
    outer loop
      vertex 4.1 -5.6 -7
      vertex 5.42818 -4.79708 -7
      vertex 5.33448 -4.9521 -7
    endloop
  endfacet
  facet normal 0 0 -1
    outer loop
      vertex 5.55641 4.45897 -7
      vertex 4.1 5.6 -7
      vertex 5.50252 4.63191 -7
    endloop
  endfacet
  facet normal 0 0 -1
    outer loop
      vertex 4.1 -5.6 -7
      vertex 5.33448 -4.9521 -7
      vertex 5.22277 -5.09468 -7
    endloop
  endfacet
  facet normal 0 0 -1
    outer loop
      vertex 5.50252 4.63191 -7
      vertex 4.1 5.6 -7
      vertex 5.42818 4.79708 -7
    endloop
  endfacet
  facet normal 0 0 -1
    outer loop
      vertex 4.1 -5.6 -7
      vertex 5.22277 -5.09468 -7
      vertex 5.09468 -5.22277 -7
    endloop
  endfacet
  facet normal 0 0 -1
    outer loop
      vertex 5.42818 4.79708 -7
      vertex 4.1 5.6 -7
      vertex 5.33448 4.9521 -7
    endloop
  endfacet
  facet normal 0 0 -1
    outer loop
      vertex 4.1 -5.6 -7
      vertex 5.09468 -5.22277 -7
      vertex 4.9521 -5.33448 -7
    endloop
  endfacet
  facet normal 0 0 -1
    outer loop
      vertex 5.33448 4.9521 -7
      vertex 4.1 5.6 -7
      vertex 5.22277 5.09468 -7
    endloop
  endfacet
  facet normal 0 0 -1
    outer loop
      vertex 4.1 -5.6 -7
      vertex 4.9521 -5.33448 -7
      vertex 4.79708 -5.42818 -7
    endloop
  endfacet
  facet normal 0 0 -1
    outer loop
      vertex 5.22277 5.09468 -7
      vertex 4.1 5.6 -7
      vertex 5.09468 5.22277 -7
    endloop
  endfacet
  facet normal 0 0 -1
    outer loop
      vertex 4.1 -5.6 -7
      vertex 4.79708 -5.42818 -7
      vertex 4.63191 -5.50252 -7
    endloop
  endfacet
  facet normal 0 0 -1
    outer loop
      vertex 5.09468 5.22277 -7
      vertex 4.1 5.6 -7
      vertex 4.9521 5.33448 -7
    endloop
  endfacet
  facet normal 0 0 -1
    outer loop
      vertex 4.1 -5.6 -7
      vertex 4.63191 -5.50252 -7
      vertex 4.45897 -5.55641 -7
    endloop
  endfacet
  facet normal 0 0 -1
    outer loop
      vertex 4.9521 5.33448 -7
      vertex 4.1 5.6 -7
      vertex 4.79708 5.42818 -7
    endloop
  endfacet
  facet normal 0 0 -1
    outer loop
      vertex 4.1 -5.6 -7
      vertex 4.45897 -5.55641 -7
      vertex 4.2808 -5.58906 -7
    endloop
  endfacet
  facet normal 0 0 -1
    outer loop
      vertex 4.79708 5.42818 -7
      vertex 4.1 5.6 -7
      vertex 4.63191 5.50252 -7
    endloop
  endfacet
  facet normal 0 0 -1
    outer loop
      vertex 4.63191 5.50252 -7
      vertex 4.1 5.6 -7
      vertex 4.45897 5.55641 -7
    endloop
  endfacet
  facet normal 0 0 -1
    outer loop
      vertex 4.45897 5.55641 -7
      vertex 4.1 5.6 -7
      vertex 4.2808 5.58906 -7
    endloop
  endfacet
  facet normal 0 0 -1
    outer loop
      vertex -4.1 -5.6 -7
      vertex 4.1 5.6 -7
      vertex 4.1 -5.6 -7
    endloop
  endfacet
  facet normal 0 0 -1
    outer loop
      vertex -4.1 -5.6 -7
      vertex -4.1 5.6 -7
      vertex 4.1 5.6 -7
    endloop
  endfacet
  facet normal 0 0 -1
    outer loop
      vertex -5.6 -4.1 -7
      vertex -4.1 -5.6 -7
      vertex -4.2808 -5.58906 -7
    endloop
  endfacet
  facet normal 0 0 -1
    outer loop
      vertex -4.1 -5.6 -7
      vertex -5.6 -4.1 -7
      vertex -4.1 5.6 -7
    endloop
  endfacet
  facet normal 0 0 -1
    outer loop
      vertex -5.6 -4.1 -7
      vertex -4.2808 -5.58906 -7
      vertex -4.45897 -5.55641 -7
    endloop
  endfacet
  facet normal 0 0 -1
    outer loop
      vertex -5.6 4.1 -7
      vertex -4.1 5.6 -7
      vertex -5.6 -4.1 -7
    endloop
  endfacet
  facet normal 0 0 -1
    outer loop
      vertex -5.6 -4.1 -7
      vertex -4.45897 -5.55641 -7
      vertex -4.63191 -5.50252 -7
    endloop
  endfacet
  facet normal 0 0 -1
    outer loop
      vertex -4.1 5.6 -7
      vertex -5.6 4.1 -7
      vertex -4.2808 5.58906 -7
    endloop
  endfacet
  facet normal 0 0 -1
    outer loop
      vertex -5.6 -4.1 -7
      vertex -4.63191 -5.50252 -7
      vertex -4.79708 -5.42818 -7
    endloop
  endfacet
  facet normal 0 0 -1
    outer loop
      vertex -4.2808 5.58906 -7
      vertex -5.6 4.1 -7
      vertex -4.45897 5.55641 -7
    endloop
  endfacet
  facet normal 0 0 -1
    outer loop
      vertex -5.6 -4.1 -7
      vertex -4.79708 -5.42818 -7
      vertex -4.9521 -5.33448 -7
    endloop
  endfacet
  facet normal 0 0 -1
    outer loop
      vertex -4.45897 5.55641 -7
      vertex -5.6 4.1 -7
      vertex -4.63191 5.50252 -7
    endloop
  endfacet
  facet normal 0 0 -1
    outer loop
      vertex -5.6 -4.1 -7
      vertex -4.9521 -5.33448 -7
      vertex -5.09468 -5.22277 -7
    endloop
  endfacet
  facet normal 0 0 -1
    outer loop
      vertex -4.63191 5.50252 -7
      vertex -5.6 4.1 -7
      vertex -4.79708 5.42818 -7
    endloop
  endfacet
  facet normal 0 0 -1
    outer loop
      vertex -5.6 -4.1 -7
      vertex -5.09468 -5.22277 -7
      vertex -5.22277 -5.09468 -7
    endloop
  endfacet
  facet normal 0 0 -1
    outer loop
      vertex -4.79708 5.42818 -7
      vertex -5.6 4.1 -7
      vertex -4.9521 5.33448 -7
    endloop
  endfacet
  facet normal 0 0 -1
    outer loop
      vertex -5.6 -4.1 -7
      vertex -5.22277 -5.09468 -7
      vertex -5.33448 -4.9521 -7
    endloop
  endfacet
  facet normal 0 0 -1
    outer loop
      vertex -4.9521 5.33448 -7
      vertex -5.6 4.1 -7
      vertex -5.09468 5.22277 -7
    endloop
  endfacet
  facet normal 0 0 -1
    outer loop
      vertex -5.6 -4.1 -7
      vertex -5.33448 -4.9521 -7
      vertex -5.42818 -4.79708 -7
    endloop
  endfacet
  facet normal 0 0 -1
    outer loop
      vertex -5.09468 5.22277 -7
      vertex -5.6 4.1 -7
      vertex -5.22277 5.09468 -7
    endloop
  endfacet
  facet normal 0 0 -1
    outer loop
      vertex -5.6 -4.1 -7
      vertex -5.42818 -4.79708 -7
      vertex -5.50252 -4.63191 -7
    endloop
  endfacet
  facet normal 0 0 -1
    outer loop
      vertex -5.22277 5.09468 -7
      vertex -5.6 4.1 -7
      vertex -5.33448 4.9521 -7
    endloop
  endfacet
  facet normal 0 0 -1
    outer loop
      vertex -5.6 -4.1 -7
      vertex -5.50252 -4.63191 -7
      vertex -5.55641 -4.45897 -7
    endloop
  endfacet
  facet normal 0 0 -1
    outer loop
      vertex -5.33448 4.9521 -7
      vertex -5.6 4.1 -7
      vertex -5.42818 4.79708 -7
    endloop
  endfacet
  facet normal 0 0 -1
    outer loop
      vertex -5.6 -4.1 -7
      vertex -5.55641 -4.45897 -7
      vertex -5.58906 -4.2808 -7
    endloop
  endfacet
  facet normal 0 0 -1
    outer loop
      vertex -5.42818 4.79708 -7
      vertex -5.6 4.1 -7
      vertex -5.50252 4.63191 -7
    endloop
  endfacet
  facet normal 0 0 -1
    outer loop
      vertex -5.50252 4.63191 -7
      vertex -5.6 4.1 -7
      vertex -5.55641 4.45897 -7
    endloop
  endfacet
  facet normal 0 0 -1
    outer loop
      vertex -5.55641 4.45897 -7
      vertex -5.6 4.1 -7
      vertex -5.58906 4.2808 -7
    endloop
  endfacet
  facet normal 0.707107 0.707107 0
    outer loop
      vertex 5.22277 5.09468 0
      vertex 5.09468 5.22277 -7
      vertex 5.09468 5.22277 0
    endloop
  endfacet
  facet normal 0.707107 0.707107 0
    outer loop
      vertex 5.09468 5.22277 -7
      vertex 5.22277 5.09468 0
      vertex 5.22277 5.09468 -7
    endloop
  endfacet
  facet normal 0.616738 0.787168 -0
    outer loop
      vertex 5.09468 5.22277 -7
      vertex 4.9521 5.33448 0
      vertex 5.09468 5.22277 0
    endloop
  endfacet
  facet normal 0.616738 0.787168 0
    outer loop
      vertex 4.9521 5.33448 0
      vertex 5.09468 5.22277 -7
      vertex 4.9521 5.33448 -7
    endloop
  endfacet
  facet normal -0.616738 0.787168 0
    outer loop
      vertex -4.9521 5.33448 -7
      vertex -5.09468 5.22277 0
      vertex -4.9521 5.33448 0
    endloop
  endfacet
  facet normal -0.616738 0.787168 0
    outer loop
      vertex -5.09468 5.22277 0
      vertex -4.9521 5.33448 -7
      vertex -5.09468 5.22277 -7
    endloop
  endfacet
  facet normal -0.297502 0.954721 0
    outer loop
      vertex -4.45897 5.55641 -7
      vertex -4.63191 5.50252 0
      vertex -4.45897 5.55641 0
    endloop
  endfacet
  facet normal -0.297502 0.954721 0
    outer loop
      vertex -4.63191 5.50252 0
      vertex -4.45897 5.55641 -7
      vertex -4.63191 5.50252 -7
    endloop
  endfacet
  facet normal -0.911894 0.410427 0
    outer loop
      vertex -5.50252 4.63191 -7
      vertex -5.42818 4.79708 0
      vertex -5.42818 4.79708 -7
    endloop
  endfacet
  facet normal -0.911894 0.410427 0
    outer loop
      vertex -5.42818 4.79708 0
      vertex -5.50252 4.63191 -7
      vertex -5.50252 4.63191 0
    endloop
  endfacet
  facet normal -0.954721 0.297502 0
    outer loop
      vertex -5.55641 4.45897 -7
      vertex -5.50252 4.63191 0
      vertex -5.50252 4.63191 -7
    endloop
  endfacet
  facet normal -0.954721 0.297502 0
    outer loop
      vertex -5.50252 4.63191 0
      vertex -5.55641 4.45897 -7
      vertex -5.55641 4.45897 0
    endloop
  endfacet
  facet normal -0.517286 -0.855813 0
    outer loop
      vertex -4.9521 -5.33448 -7
      vertex -4.79708 -5.42818 0
      vertex -4.9521 -5.33448 0
    endloop
  endfacet
  facet normal -0.517286 -0.855813 -0
    outer loop
      vertex -4.79708 -5.42818 0
      vertex -4.9521 -5.33448 -7
      vertex -4.79708 -5.42818 -7
    endloop
  endfacet
  facet normal -0.983621 -0.18025 0
    outer loop
      vertex -5.55641 -4.45897 -7
      vertex -5.58906 -4.2808 0
      vertex -5.58906 -4.2808 -7
    endloop
  endfacet
  facet normal -0.983621 -0.18025 0
    outer loop
      vertex -5.58906 -4.2808 0
      vertex -5.55641 -4.45897 -7
      vertex -5.55641 -4.45897 0
    endloop
  endfacet
  facet normal 0.954721 -0.297502 0
    outer loop
      vertex 5.50252 -4.63191 0
      vertex 5.55641 -4.45897 -7
      vertex 5.55641 -4.45897 0
    endloop
  endfacet
  facet normal 0.954721 -0.297502 0
    outer loop
      vertex 5.55641 -4.45897 -7
      vertex 5.50252 -4.63191 0
      vertex 5.50252 -4.63191 -7
    endloop
  endfacet
  facet normal 0.983621 -0.18025 0
    outer loop
      vertex 5.55641 -4.45897 0
      vertex 5.58906 -4.2808 -7
      vertex 5.58906 -4.2808 0
    endloop
  endfacet
  facet normal 0.983621 -0.18025 0
    outer loop
      vertex 5.58906 -4.2808 -7
      vertex 5.55641 -4.45897 0
      vertex 5.55641 -4.45897 -7
    endloop
  endfacet
  facet normal 0.517286 -0.855813 0
    outer loop
      vertex 4.79708 -5.42818 -7
      vertex 4.9521 -5.33448 0
      vertex 4.79708 -5.42818 0
    endloop
  endfacet
  facet normal 0.517286 -0.855813 0
    outer loop
      vertex 4.9521 -5.33448 0
      vertex 4.79708 -5.42818 -7
      vertex 4.9521 -5.33448 -7
    endloop
  endfacet
  facet normal 0.297502 0.954721 -0
    outer loop
      vertex 4.63191 5.50252 -7
      vertex 4.45897 5.55641 0
      vertex 4.63191 5.50252 0
    endloop
  endfacet
  facet normal 0.297502 0.954721 0
    outer loop
      vertex 4.45897 5.55641 0
      vertex 4.63191 5.50252 -7
      vertex 4.45897 5.55641 -7
    endloop
  endfacet
  facet normal 0.410427 0.911894 -0
    outer loop
      vertex 4.79708 5.42818 -7
      vertex 4.63191 5.50252 0
      vertex 4.79708 5.42818 0
    endloop
  endfacet
  facet normal 0.410427 0.911894 0
    outer loop
      vertex 4.63191 5.50252 0
      vertex 4.79708 5.42818 -7
      vertex 4.63191 5.50252 -7
    endloop
  endfacet
  facet normal 0.517286 0.855813 -0
    outer loop
      vertex 4.9521 5.33448 -7
      vertex 4.79708 5.42818 0
      vertex 4.9521 5.33448 0
    endloop
  endfacet
  facet normal 0.517286 0.855813 0
    outer loop
      vertex 4.79708 5.42818 0
      vertex 4.9521 5.33448 -7
      vertex 4.79708 5.42818 -7
    endloop
  endfacet
  facet normal -0.18025 0.983621 0
    outer loop
      vertex -4.2808 5.58906 -7
      vertex -4.45897 5.55641 0
      vertex -4.2808 5.58906 0
    endloop
  endfacet
  facet normal -0.18025 0.983621 0
    outer loop
      vertex -4.45897 5.55641 0
      vertex -4.2808 5.58906 -7
      vertex -4.45897 5.55641 -7
    endloop
  endfacet
  facet normal -0.855813 0.517286 0
    outer loop
      vertex -5.42818 4.79708 -7
      vertex -5.33448 4.9521 0
      vertex -5.33448 4.9521 -7
    endloop
  endfacet
  facet normal -0.855813 0.517286 0
    outer loop
      vertex -5.33448 4.9521 0
      vertex -5.42818 4.79708 -7
      vertex -5.42818 4.79708 0
    endloop
  endfacet
  facet normal -0.787168 0.616738 0
    outer loop
      vertex -5.33448 4.9521 -7
      vertex -5.22277 5.09468 0
      vertex -5.22277 5.09468 -7
    endloop
  endfacet
  facet normal -0.787168 0.616738 0
    outer loop
      vertex -5.22277 5.09468 0
      vertex -5.33448 4.9521 -7
      vertex -5.33448 4.9521 0
    endloop
  endfacet
  facet normal -0.707107 0.707107 0
    outer loop
      vertex -5.22277 5.09468 -7
      vertex -5.09468 5.22277 0
      vertex -5.09468 5.22277 -7
    endloop
  endfacet
  facet normal -0.707107 0.707107 0
    outer loop
      vertex -5.09468 5.22277 0
      vertex -5.22277 5.09468 -7
      vertex -5.22277 5.09468 0
    endloop
  endfacet
  facet normal -0.983621 0.18025 0
    outer loop
      vertex -5.58906 4.2808 -7
      vertex -5.55641 4.45897 0
      vertex -5.55641 4.45897 -7
    endloop
  endfacet
  facet normal -0.983621 0.18025 0
    outer loop
      vertex -5.55641 4.45897 0
      vertex -5.58906 4.2808 -7
      vertex -5.58906 4.2808 0
    endloop
  endfacet
  facet normal -0.998174 0.0603984 0
    outer loop
      vertex -5.6 4.1 -7
      vertex -5.58906 4.2808 0
      vertex -5.58906 4.2808 -7
    endloop
  endfacet
  facet normal -0.998174 0.0603984 0
    outer loop
      vertex -5.58906 4.2808 0
      vertex -5.6 4.1 -7
      vertex -5.6 4.1 0
    endloop
  endfacet
  facet normal -0.410427 -0.911894 0
    outer loop
      vertex -4.79708 -5.42818 -7
      vertex -4.63191 -5.50252 0
      vertex -4.79708 -5.42818 0
    endloop
  endfacet
  facet normal -0.410427 -0.911894 -0
    outer loop
      vertex -4.63191 -5.50252 0
      vertex -4.79708 -5.42818 -7
      vertex -4.63191 -5.50252 -7
    endloop
  endfacet
  facet normal -0.297502 -0.954721 0
    outer loop
      vertex -4.63191 -5.50252 -7
      vertex -4.45897 -5.55641 0
      vertex -4.63191 -5.50252 0
    endloop
  endfacet
  facet normal -0.297502 -0.954721 -0
    outer loop
      vertex -4.45897 -5.55641 0
      vertex -4.63191 -5.50252 -7
      vertex -4.45897 -5.55641 -7
    endloop
  endfacet
  facet normal -0.855813 -0.517286 0
    outer loop
      vertex -5.33448 -4.9521 -7
      vertex -5.42818 -4.79708 0
      vertex -5.42818 -4.79708 -7
    endloop
  endfacet
  facet normal -0.855813 -0.517286 0
    outer loop
      vertex -5.42818 -4.79708 0
      vertex -5.33448 -4.9521 -7
      vertex -5.33448 -4.9521 0
    endloop
  endfacet
  facet normal 0.998174 -0.0603984 0
    outer loop
      vertex 5.58906 -4.2808 0
      vertex 5.6 -4.1 -7
      vertex 5.6 -4.1 0
    endloop
  endfacet
  facet normal 0.998174 -0.0603984 0
    outer loop
      vertex 5.6 -4.1 -7
      vertex 5.58906 -4.2808 0
      vertex 5.58906 -4.2808 -7
    endloop
  endfacet
  facet normal 0.707107 -0.707107 0
    outer loop
      vertex 5.09468 -5.22277 0
      vertex 5.22277 -5.09468 -7
      vertex 5.22277 -5.09468 0
    endloop
  endfacet
  facet normal 0.707107 -0.707107 0
    outer loop
      vertex 5.22277 -5.09468 -7
      vertex 5.09468 -5.22277 0
      vertex 5.09468 -5.22277 -7
    endloop
  endfacet
  facet normal 0.410427 -0.911894 0
    outer loop
      vertex 4.63191 -5.50252 -7
      vertex 4.79708 -5.42818 0
      vertex 4.63191 -5.50252 0
    endloop
  endfacet
  facet normal 0.410427 -0.911894 0
    outer loop
      vertex 4.79708 -5.42818 0
      vertex 4.63191 -5.50252 -7
      vertex 4.79708 -5.42818 -7
    endloop
  endfacet
  facet normal 0.297502 -0.954721 0
    outer loop
      vertex 4.45897 -5.55641 -7
      vertex 4.63191 -5.50252 0
      vertex 4.45897 -5.55641 0
    endloop
  endfacet
  facet normal 0.297502 -0.954721 0
    outer loop
      vertex 4.63191 -5.50252 0
      vertex 4.45897 -5.55641 -7
      vertex 4.63191 -5.50252 -7
    endloop
  endfacet
  facet normal 0.18025 -0.983621 0
    outer loop
      vertex 4.2808 -5.58906 -7
      vertex 4.45897 -5.55641 0
      vertex 4.2808 -5.58906 0
    endloop
  endfacet
  facet normal 0.18025 -0.983621 0
    outer loop
      vertex 4.45897 -5.55641 0
      vertex 4.2808 -5.58906 -7
      vertex 4.45897 -5.55641 -7
    endloop
  endfacet
  facet normal 0.855813 -0.517286 0
    outer loop
      vertex 5.33448 -4.9521 0
      vertex 5.42818 -4.79708 -7
      vertex 5.42818 -4.79708 0
    endloop
  endfacet
  facet normal 0.855813 -0.517286 0
    outer loop
      vertex 5.42818 -4.79708 -7
      vertex 5.33448 -4.9521 0
      vertex 5.33448 -4.9521 -7
    endloop
  endfacet
  facet normal 0.954721 0.297502 0
    outer loop
      vertex 5.55641 4.45897 0
      vertex 5.50252 4.63191 -7
      vertex 5.50252 4.63191 0
    endloop
  endfacet
  facet normal 0.954721 0.297502 0
    outer loop
      vertex 5.50252 4.63191 -7
      vertex 5.55641 4.45897 0
      vertex 5.55641 4.45897 -7
    endloop
  endfacet
  facet normal 0.911894 0.410427 0
    outer loop
      vertex 5.50252 4.63191 0
      vertex 5.42818 4.79708 -7
      vertex 5.42818 4.79708 0
    endloop
  endfacet
  facet normal 0.911894 0.410427 0
    outer loop
      vertex 5.42818 4.79708 -7
      vertex 5.50252 4.63191 0
      vertex 5.50252 4.63191 -7
    endloop
  endfacet
  facet normal 0.18025 0.983621 -0
    outer loop
      vertex 4.45897 5.55641 -7
      vertex 4.2808 5.58906 0
      vertex 4.45897 5.55641 0
    endloop
  endfacet
  facet normal 0.18025 0.983621 0
    outer loop
      vertex 4.2808 5.58906 0
      vertex 4.45897 5.55641 -7
      vertex 4.2808 5.58906 -7
    endloop
  endfacet
  facet normal -0.0603984 -0.998174 0
    outer loop
      vertex -4.2808 -5.58906 -7
      vertex -4.1 -5.6 0
      vertex -4.2808 -5.58906 0
    endloop
  endfacet
  facet normal -0.0603984 -0.998174 -0
    outer loop
      vertex -4.1 -5.6 0
      vertex -4.2808 -5.58906 -7
      vertex -4.1 -5.6 -7
    endloop
  endfacet
  facet normal 0.616738 -0.787168 0
    outer loop
      vertex 4.9521 -5.33448 -7
      vertex 5.09468 -5.22277 0
      vertex 4.9521 -5.33448 0
    endloop
  endfacet
  facet normal 0.616738 -0.787168 0
    outer loop
      vertex 5.09468 -5.22277 0
      vertex 4.9521 -5.33448 -7
      vertex 5.09468 -5.22277 -7
    endloop
  endfacet
  facet normal 0.911894 -0.410427 0
    outer loop
      vertex 5.42818 -4.79708 0
      vertex 5.50252 -4.63191 -7
      vertex 5.50252 -4.63191 0
    endloop
  endfacet
  facet normal 0.911894 -0.410427 0
    outer loop
      vertex 5.50252 -4.63191 -7
      vertex 5.42818 -4.79708 0
      vertex 5.42818 -4.79708 -7
    endloop
  endfacet
  facet normal 0.787168 0.616738 0
    outer loop
      vertex 5.33448 4.9521 0
      vertex 5.22277 5.09468 -7
      vertex 5.22277 5.09468 0
    endloop
  endfacet
  facet normal 0.787168 0.616738 0
    outer loop
      vertex 5.22277 5.09468 -7
      vertex 5.33448 4.9521 0
      vertex 5.33448 4.9521 -7
    endloop
  endfacet
  facet normal 0.855813 0.517286 0
    outer loop
      vertex 5.42818 4.79708 0
      vertex 5.33448 4.9521 -7
      vertex 5.33448 4.9521 0
    endloop
  endfacet
  facet normal 0.855813 0.517286 0
    outer loop
      vertex 5.33448 4.9521 -7
      vertex 5.42818 4.79708 0
      vertex 5.42818 4.79708 -7
    endloop
  endfacet
  facet normal -0.517286 0.855813 0
    outer loop
      vertex -4.79708 5.42818 -7
      vertex -4.9521 5.33448 0
      vertex -4.79708 5.42818 0
    endloop
  endfacet
  facet normal -0.517286 0.855813 0
    outer loop
      vertex -4.9521 5.33448 0
      vertex -4.79708 5.42818 -7
      vertex -4.9521 5.33448 -7
    endloop
  endfacet
  facet normal -0.410427 0.911894 0
    outer loop
      vertex -4.63191 5.50252 -7
      vertex -4.79708 5.42818 0
      vertex -4.63191 5.50252 0
    endloop
  endfacet
  facet normal -0.410427 0.911894 0
    outer loop
      vertex -4.79708 5.42818 0
      vertex -4.63191 5.50252 -7
      vertex -4.79708 5.42818 -7
    endloop
  endfacet
  facet normal -0.18025 -0.983621 0
    outer loop
      vertex -4.45897 -5.55641 -7
      vertex -4.2808 -5.58906 0
      vertex -4.45897 -5.55641 0
    endloop
  endfacet
  facet normal -0.18025 -0.983621 -0
    outer loop
      vertex -4.2808 -5.58906 0
      vertex -4.45897 -5.55641 -7
      vertex -4.2808 -5.58906 -7
    endloop
  endfacet
  facet normal -0.998636 -0.0522055 0
    outer loop
      vertex 1.58 0 -1.5
      vertex 1.57847 0.0292673 0
      vertex 1.57847 0.0292673 -1.5
    endloop
  endfacet
  facet normal -0.998636 -0.0522055 0
    outer loop
      vertex 1.57847 0.0292673 0
      vertex 1.58 0 -1.5
      vertex 1.58 0 0
    endloop
  endfacet
  facet normal 0.998636 0.0522055 0
    outer loop
      vertex 1.02153 -0.0292673 0
      vertex 1.02 0 -1.5
      vertex 1.02 0 0
    endloop
  endfacet
  facet normal 0.998636 0.0522055 0
    outer loop
      vertex 1.02 0 -1.5
      vertex 1.02153 -0.0292673 0
      vertex 1.02153 -0.0292673 -1.5
    endloop
  endfacet
  facet normal 0.0523708 -0.998628 0
    outer loop
      vertex 1.27073 0.278465 -1.5
      vertex 1.3 0.28 0
      vertex 1.27073 0.278465 0
    endloop
  endfacet
  facet normal 0.0523708 -0.998628 0
    outer loop
      vertex 1.3 0.28 0
      vertex 1.27073 0.278465 -1.5
      vertex 1.3 0.28 -1.5
    endloop
  endfacet
  facet normal -0.0523708 0.998628 0
    outer loop
      vertex 1.32927 -0.278465 -1.5
      vertex 1.3 -0.28 0
      vertex 1.32927 -0.278465 0
    endloop
  endfacet
  facet normal -0.0523708 0.998628 0
    outer loop
      vertex 1.3 -0.28 0
      vertex 1.32927 -0.278465 -1.5
      vertex 1.3 -0.28 -1.5
    endloop
  endfacet
  facet normal -0.707175 -0.707039 0
    outer loop
      vertex 1.50808 0.187356 -1.5
      vertex 1.48736 0.20808 0
      vertex 1.48736 0.20808 -1.5
    endloop
  endfacet
  facet normal -0.707175 -0.707039 0
    outer loop
      vertex 1.48736 0.20808 0
      vertex 1.50808 0.187356 -1.5
      vertex 1.50808 0.187356 0
    endloop
  endfacet
  facet normal 0.707175 -0.707039 0
    outer loop
      vertex 1.09192 0.187356 0
      vertex 1.11264 0.20808 -1.5
      vertex 1.11264 0.20808 0
    endloop
  endfacet
  facet normal 0.707175 -0.707039 0
    outer loop
      vertex 1.11264 0.20808 -1.5
      vertex 1.09192 0.187356 0
      vertex 1.09192 0.187356 -1.5
    endloop
  endfacet
  facet normal 0.358238 -0.93363 0
    outer loop
      vertex 1.18611 0.255793 -1.5
      vertex 1.21348 0.266295 0
      vertex 1.18611 0.255793 0
    endloop
  endfacet
  facet normal 0.358238 -0.93363 0
    outer loop
      vertex 1.21348 0.266295 0
      vertex 1.18611 0.255793 -1.5
      vertex 1.21348 0.266295 -1.5
    endloop
  endfacet
  facet normal -0.933504 -0.358568 0
    outer loop
      vertex 1.5663 0.086524 -1.5
      vertex 1.55579 0.113886 0
      vertex 1.55579 0.113886 -1.5
    endloop
  endfacet
  facet normal -0.933504 -0.358568 0
    outer loop
      vertex 1.55579 0.113886 0
      vertex 1.5663 0.086524 -1.5
      vertex 1.5663 0.086524 0
    endloop
  endfacet
  facet normal -0.987661 -0.156605 0
    outer loop
      vertex 1.57847 0.0292673 -1.5
      vertex 1.57388 0.0582151 0
      vertex 1.57388 0.0582151 -1.5
    endloop
  endfacet
  facet normal -0.987661 -0.156605 0
    outer loop
      vertex 1.57388 0.0582151 0
      vertex 1.57847 0.0292673 -1.5
      vertex 1.57847 0.0292673 0
    endloop
  endfacet
  facet normal -0.358238 -0.93363 0
    outer loop
      vertex 1.38652 0.266295 -1.5
      vertex 1.41389 0.255793 0
      vertex 1.38652 0.266295 0
    endloop
  endfacet
  facet normal -0.358238 -0.93363 -0
    outer loop
      vertex 1.41389 0.255793 0
      vertex 1.38652 0.266295 -1.5
      vertex 1.41389 0.255793 -1.5
    endloop
  endfacet
  facet normal -0.544653 -0.838662 0
    outer loop
      vertex 1.44 0.242487 -1.5
      vertex 1.46458 0.226524 0
      vertex 1.44 0.242487 0
    endloop
  endfacet
  facet normal -0.544653 -0.838662 -0
    outer loop
      vertex 1.46458 0.226524 0
      vertex 1.44 0.242487 -1.5
      vertex 1.46458 0.226524 -1.5
    endloop
  endfacet
  facet normal 0.933504 -0.358568 0
    outer loop
      vertex 1.0337 0.086524 0
      vertex 1.04421 0.113886 -1.5
      vertex 1.04421 0.113886 0
    endloop
  endfacet
  facet normal 0.933504 -0.358568 0
    outer loop
      vertex 1.04421 0.113886 -1.5
      vertex 1.0337 0.086524 0
      vertex 1.0337 0.086524 -1.5
    endloop
  endfacet
  facet normal 0.156394 -0.987695 0
    outer loop
      vertex 1.24178 0.273881 -1.5
      vertex 1.27073 0.278465 0
      vertex 1.24178 0.273881 0
    endloop
  endfacet
  facet normal 0.156394 -0.987695 0
    outer loop
      vertex 1.27073 0.278465 0
      vertex 1.24178 0.273881 -1.5
      vertex 1.27073 0.278465 -1.5
    endloop
  endfacet
  facet normal -0.987661 0.156605 0
    outer loop
      vertex 1.57388 -0.0582151 -1.5
      vertex 1.57847 -0.0292673 0
      vertex 1.57847 -0.0292673 -1.5
    endloop
  endfacet
  facet normal -0.987661 0.156605 0
    outer loop
      vertex 1.57847 -0.0292673 0
      vertex 1.57388 -0.0582151 -1.5
      vertex 1.57388 -0.0582151 0
    endloop
  endfacet
  facet normal -0.156446 0.987686 0
    outer loop
      vertex 1.35821 -0.273881 -1.5
      vertex 1.32927 -0.278465 0
      vertex 1.35821 -0.273881 0
    endloop
  endfacet
  facet normal -0.156446 0.987686 0
    outer loop
      vertex 1.32927 -0.278465 0
      vertex 1.35821 -0.273881 -1.5
      vertex 1.32927 -0.278465 -1.5
    endloop
  endfacet
  facet normal -0.358238 0.93363 0
    outer loop
      vertex 1.41389 -0.255793 -1.5
      vertex 1.38652 -0.266295 0
      vertex 1.41389 -0.255793 0
    endloop
  endfacet
  facet normal -0.358238 0.93363 0
    outer loop
      vertex 1.38652 -0.266295 0
      vertex 1.41389 -0.255793 -1.5
      vertex 1.38652 -0.266295 -1.5
    endloop
  endfacet
  facet normal -0.965971 -0.258649 0
    outer loop
      vertex 1.57388 0.0582151 -1.5
      vertex 1.5663 0.086524 0
      vertex 1.5663 0.086524 -1.5
    endloop
  endfacet
  facet normal -0.965971 -0.258649 0
    outer loop
      vertex 1.5663 0.086524 0
      vertex 1.57388 0.0582151 -1.5
      vertex 1.57388 0.0582151 0
    endloop
  endfacet
  facet normal -0.838553 -0.54482 0
    outer loop
      vertex 1.54249 0.139999 -1.5
      vertex 1.52652 0.164579 0
      vertex 1.52652 0.164579 -1.5
    endloop
  endfacet
  facet normal -0.838553 -0.54482 0
    outer loop
      vertex 1.52652 0.164579 0
      vertex 1.54249 0.139999 -1.5
      vertex 1.54249 0.139999 0
    endloop
  endfacet
  facet normal -0.77722 -0.629229 0
    outer loop
      vertex 1.52652 0.164579 -1.5
      vertex 1.50808 0.187356 0
      vertex 1.50808 0.187356 -1.5
    endloop
  endfacet
  facet normal -0.77722 -0.629229 0
    outer loop
      vertex 1.50808 0.187356 0
      vertex 1.52652 0.164579 -1.5
      vertex 1.52652 0.164579 0
    endloop
  endfacet
  facet normal -0.891079 -0.453849 0
    outer loop
      vertex 1.55579 0.113886 -1.5
      vertex 1.54249 0.139999 0
      vertex 1.54249 0.139999 -1.5
    endloop
  endfacet
  facet normal -0.891079 -0.453849 0
    outer loop
      vertex 1.54249 0.139999 0
      vertex 1.55579 0.113886 -1.5
      vertex 1.55579 0.113886 0
    endloop
  endfacet
  facet normal -0.156446 -0.987686 0
    outer loop
      vertex 1.32927 0.278465 -1.5
      vertex 1.35821 0.273881 0
      vertex 1.32927 0.278465 0
    endloop
  endfacet
  facet normal -0.156446 -0.987686 -0
    outer loop
      vertex 1.35821 0.273881 0
      vertex 1.32927 0.278465 -1.5
      vertex 1.35821 0.273881 -1.5
    endloop
  endfacet
  facet normal -0.25883 -0.965923 0
    outer loop
      vertex 1.35821 0.273881 -1.5
      vertex 1.38652 0.266295 0
      vertex 1.35821 0.273881 0
    endloop
  endfacet
  facet normal -0.25883 -0.965923 -0
    outer loop
      vertex 1.38652 0.266295 0
      vertex 1.35821 0.273881 -1.5
      vertex 1.38652 0.266295 -1.5
    endloop
  endfacet
  facet normal -0.0523708 -0.998628 0
    outer loop
      vertex 1.3 0.28 -1.5
      vertex 1.32927 0.278465 0
      vertex 1.3 0.28 0
    endloop
  endfacet
  facet normal -0.0523708 -0.998628 -0
    outer loop
      vertex 1.32927 0.278465 0
      vertex 1.3 0.28 -1.5
      vertex 1.32927 0.278465 -1.5
    endloop
  endfacet
  facet normal -0.454053 -0.890975 0
    outer loop
      vertex 1.41389 0.255793 -1.5
      vertex 1.44 0.242487 0
      vertex 1.41389 0.255793 0
    endloop
  endfacet
  facet normal -0.454053 -0.890975 -0
    outer loop
      vertex 1.44 0.242487 0
      vertex 1.41389 0.255793 -1.5
      vertex 1.44 0.242487 -1.5
    endloop
  endfacet
  facet normal -0.629261 -0.777194 0
    outer loop
      vertex 1.46458 0.226524 -1.5
      vertex 1.48736 0.20808 0
      vertex 1.46458 0.226524 0
    endloop
  endfacet
  facet normal -0.629261 -0.777194 -0
    outer loop
      vertex 1.48736 0.20808 0
      vertex 1.46458 0.226524 -1.5
      vertex 1.48736 0.20808 -1.5
    endloop
  endfacet
  facet normal 0.987661 -0.156605 0
    outer loop
      vertex 1.02153 0.0292673 0
      vertex 1.02612 0.0582151 -1.5
      vertex 1.02612 0.0582151 0
    endloop
  endfacet
  facet normal 0.987661 -0.156605 0
    outer loop
      vertex 1.02612 0.0582151 -1.5
      vertex 1.02153 0.0292673 0
      vertex 1.02153 0.0292673 -1.5
    endloop
  endfacet
  facet normal 0 0 1
    outer loop
      vertex 1.57847 0.0292673 -1.5
      vertex 1.57847 -0.0292673 -1.5
      vertex 1.58 0 -1.5
    endloop
  endfacet
  facet normal 0 0 1
    outer loop
      vertex 1.57388 0.0582151 -1.5
      vertex 1.57847 -0.0292673 -1.5
      vertex 1.57847 0.0292673 -1.5
    endloop
  endfacet
  facet normal 0 0 1
    outer loop
      vertex 1.57388 0.0582151 -1.5
      vertex 1.57388 -0.0582151 -1.5
      vertex 1.57847 -0.0292673 -1.5
    endloop
  endfacet
  facet normal 0 0 1
    outer loop
      vertex 1.5663 0.086524 -1.5
      vertex 1.57388 -0.0582151 -1.5
      vertex 1.57388 0.0582151 -1.5
    endloop
  endfacet
  facet normal 0 0 1
    outer loop
      vertex 1.5663 0.086524 -1.5
      vertex 1.5663 -0.086524 -1.5
      vertex 1.57388 -0.0582151 -1.5
    endloop
  endfacet
  facet normal 0 0 1
    outer loop
      vertex 1.55579 0.113886 -1.5
      vertex 1.5663 -0.086524 -1.5
      vertex 1.5663 0.086524 -1.5
    endloop
  endfacet
  facet normal 0 0 1
    outer loop
      vertex 1.55579 0.113886 -1.5
      vertex 1.55579 -0.113886 -1.5
      vertex 1.5663 -0.086524 -1.5
    endloop
  endfacet
  facet normal 0 0 1
    outer loop
      vertex 1.54249 0.139999 -1.5
      vertex 1.55579 -0.113886 -1.5
      vertex 1.55579 0.113886 -1.5
    endloop
  endfacet
  facet normal 0 0 1
    outer loop
      vertex 1.54249 0.139999 -1.5
      vertex 1.54249 -0.139999 -1.5
      vertex 1.55579 -0.113886 -1.5
    endloop
  endfacet
  facet normal 0 0 1
    outer loop
      vertex 1.52652 0.164579 -1.5
      vertex 1.54249 -0.139999 -1.5
      vertex 1.54249 0.139999 -1.5
    endloop
  endfacet
  facet normal 0 0 1
    outer loop
      vertex 1.52652 0.164579 -1.5
      vertex 1.52652 -0.164579 -1.5
      vertex 1.54249 -0.139999 -1.5
    endloop
  endfacet
  facet normal 0 0 1
    outer loop
      vertex 1.50808 0.187356 -1.5
      vertex 1.52652 -0.164579 -1.5
      vertex 1.52652 0.164579 -1.5
    endloop
  endfacet
  facet normal 0 0 1
    outer loop
      vertex 1.50808 0.187356 -1.5
      vertex 1.50808 -0.187356 -1.5
      vertex 1.52652 -0.164579 -1.5
    endloop
  endfacet
  facet normal 0 0 1
    outer loop
      vertex 1.48736 0.20808 -1.5
      vertex 1.50808 -0.187356 -1.5
      vertex 1.50808 0.187356 -1.5
    endloop
  endfacet
  facet normal 0 0 1
    outer loop
      vertex 1.48736 0.20808 -1.5
      vertex 1.48736 -0.20808 -1.5
      vertex 1.50808 -0.187356 -1.5
    endloop
  endfacet
  facet normal 0 0 1
    outer loop
      vertex 1.46458 0.226524 -1.5
      vertex 1.48736 -0.20808 -1.5
      vertex 1.48736 0.20808 -1.5
    endloop
  endfacet
  facet normal 0 0 1
    outer loop
      vertex 1.46458 0.226524 -1.5
      vertex 1.46458 -0.226524 -1.5
      vertex 1.48736 -0.20808 -1.5
    endloop
  endfacet
  facet normal 0 0 1
    outer loop
      vertex 1.44 0.242487 -1.5
      vertex 1.46458 -0.226524 -1.5
      vertex 1.46458 0.226524 -1.5
    endloop
  endfacet
  facet normal 0 0 1
    outer loop
      vertex 1.44 0.242487 -1.5
      vertex 1.44 -0.242487 -1.5
      vertex 1.46458 -0.226524 -1.5
    endloop
  endfacet
  facet normal 0 0 1
    outer loop
      vertex 1.41389 0.255793 -1.5
      vertex 1.44 -0.242487 -1.5
      vertex 1.44 0.242487 -1.5
    endloop
  endfacet
  facet normal 0 0 1
    outer loop
      vertex 1.41389 0.255793 -1.5
      vertex 1.41389 -0.255793 -1.5
      vertex 1.44 -0.242487 -1.5
    endloop
  endfacet
  facet normal 0 0 1
    outer loop
      vertex 1.38652 0.266295 -1.5
      vertex 1.41389 -0.255793 -1.5
      vertex 1.41389 0.255793 -1.5
    endloop
  endfacet
  facet normal 0 0 1
    outer loop
      vertex 1.38652 0.266295 -1.5
      vertex 1.38652 -0.266295 -1.5
      vertex 1.41389 -0.255793 -1.5
    endloop
  endfacet
  facet normal 0 0 1
    outer loop
      vertex 1.35821 0.273881 -1.5
      vertex 1.38652 -0.266295 -1.5
      vertex 1.38652 0.266295 -1.5
    endloop
  endfacet
  facet normal 0 0 1
    outer loop
      vertex 1.35821 0.273881 -1.5
      vertex 1.35821 -0.273881 -1.5
      vertex 1.38652 -0.266295 -1.5
    endloop
  endfacet
  facet normal 0 0 1
    outer loop
      vertex 1.32927 0.278465 -1.5
      vertex 1.35821 -0.273881 -1.5
      vertex 1.35821 0.273881 -1.5
    endloop
  endfacet
  facet normal 0 0 1
    outer loop
      vertex 1.32927 0.278465 -1.5
      vertex 1.32927 -0.278465 -1.5
      vertex 1.35821 -0.273881 -1.5
    endloop
  endfacet
  facet normal 0 0 1
    outer loop
      vertex 1.3 0.28 -1.5
      vertex 1.32927 -0.278465 -1.5
      vertex 1.32927 0.278465 -1.5
    endloop
  endfacet
  facet normal 0 0 1
    outer loop
      vertex 1.3 0.28 -1.5
      vertex 1.3 -0.28 -1.5
      vertex 1.32927 -0.278465 -1.5
    endloop
  endfacet
  facet normal -0 0 1
    outer loop
      vertex 1.27073 0.278465 -1.5
      vertex 1.3 -0.28 -1.5
      vertex 1.3 0.28 -1.5
    endloop
  endfacet
  facet normal 0 0 1
    outer loop
      vertex 1.27073 0.278465 -1.5
      vertex 1.27073 -0.278465 -1.5
      vertex 1.3 -0.28 -1.5
    endloop
  endfacet
  facet normal -0 0 1
    outer loop
      vertex 1.24178 0.273881 -1.5
      vertex 1.27073 -0.278465 -1.5
      vertex 1.27073 0.278465 -1.5
    endloop
  endfacet
  facet normal 0 0 1
    outer loop
      vertex 1.24178 0.273881 -1.5
      vertex 1.24178 -0.273881 -1.5
      vertex 1.27073 -0.278465 -1.5
    endloop
  endfacet
  facet normal -0 0 1
    outer loop
      vertex 1.21348 0.266295 -1.5
      vertex 1.24178 -0.273881 -1.5
      vertex 1.24178 0.273881 -1.5
    endloop
  endfacet
  facet normal 0 0 1
    outer loop
      vertex 1.21348 0.266295 -1.5
      vertex 1.21348 -0.266295 -1.5
      vertex 1.24178 -0.273881 -1.5
    endloop
  endfacet
  facet normal -0 0 1
    outer loop
      vertex 1.18611 0.255793 -1.5
      vertex 1.21348 -0.266295 -1.5
      vertex 1.21348 0.266295 -1.5
    endloop
  endfacet
  facet normal 0 0 1
    outer loop
      vertex 1.18611 0.255793 -1.5
      vertex 1.18611 -0.255793 -1.5
      vertex 1.21348 -0.266295 -1.5
    endloop
  endfacet
  facet normal -0 0 1
    outer loop
      vertex 1.16 0.242487 -1.5
      vertex 1.18611 -0.255793 -1.5
      vertex 1.18611 0.255793 -1.5
    endloop
  endfacet
  facet normal 0 0 1
    outer loop
      vertex 1.16 0.242487 -1.5
      vertex 1.16 -0.242487 -1.5
      vertex 1.18611 -0.255793 -1.5
    endloop
  endfacet
  facet normal -0 0 1
    outer loop
      vertex 1.13542 0.226524 -1.5
      vertex 1.16 -0.242487 -1.5
      vertex 1.16 0.242487 -1.5
    endloop
  endfacet
  facet normal 0 0 1
    outer loop
      vertex 1.13542 0.226524 -1.5
      vertex 1.13542 -0.226524 -1.5
      vertex 1.16 -0.242487 -1.5
    endloop
  endfacet
  facet normal -0 0 1
    outer loop
      vertex 1.11264 0.20808 -1.5
      vertex 1.13542 -0.226524 -1.5
      vertex 1.13542 0.226524 -1.5
    endloop
  endfacet
  facet normal 0 0 1
    outer loop
      vertex 1.11264 0.20808 -1.5
      vertex 1.11264 -0.20808 -1.5
      vertex 1.13542 -0.226524 -1.5
    endloop
  endfacet
  facet normal -0 0 1
    outer loop
      vertex 1.09192 0.187356 -1.5
      vertex 1.11264 -0.20808 -1.5
      vertex 1.11264 0.20808 -1.5
    endloop
  endfacet
  facet normal 0 0 1
    outer loop
      vertex 1.09192 0.187356 -1.5
      vertex 1.09192 -0.187356 -1.5
      vertex 1.11264 -0.20808 -1.5
    endloop
  endfacet
  facet normal -0 0 1
    outer loop
      vertex 1.07347 0.164579 -1.5
      vertex 1.09192 -0.187356 -1.5
      vertex 1.09192 0.187356 -1.5
    endloop
  endfacet
  facet normal 0 0 1
    outer loop
      vertex 1.07347 0.164579 -1.5
      vertex 1.07347 -0.164579 -1.5
      vertex 1.09192 -0.187356 -1.5
    endloop
  endfacet
  facet normal -0 0 1
    outer loop
      vertex 1.05751 0.139999 -1.5
      vertex 1.07347 -0.164579 -1.5
      vertex 1.07347 0.164579 -1.5
    endloop
  endfacet
  facet normal 0 0 1
    outer loop
      vertex 1.05751 0.139999 -1.5
      vertex 1.05751 -0.139999 -1.5
      vertex 1.07347 -0.164579 -1.5
    endloop
  endfacet
  facet normal -0 0 1
    outer loop
      vertex 1.04421 0.113886 -1.5
      vertex 1.05751 -0.139999 -1.5
      vertex 1.05751 0.139999 -1.5
    endloop
  endfacet
  facet normal 0 0 1
    outer loop
      vertex 1.04421 0.113886 -1.5
      vertex 1.04421 -0.113886 -1.5
      vertex 1.05751 -0.139999 -1.5
    endloop
  endfacet
  facet normal -0 0 1
    outer loop
      vertex 1.0337 0.086524 -1.5
      vertex 1.04421 -0.113886 -1.5
      vertex 1.04421 0.113886 -1.5
    endloop
  endfacet
  facet normal 0 0 1
    outer loop
      vertex 1.0337 0.086524 -1.5
      vertex 1.0337 -0.086524 -1.5
      vertex 1.04421 -0.113886 -1.5
    endloop
  endfacet
  facet normal -0 0 1
    outer loop
      vertex 1.02612 0.0582151 -1.5
      vertex 1.0337 -0.086524 -1.5
      vertex 1.0337 0.086524 -1.5
    endloop
  endfacet
  facet normal 0 0 1
    outer loop
      vertex 1.02612 0.0582151 -1.5
      vertex 1.02612 -0.0582151 -1.5
      vertex 1.0337 -0.086524 -1.5
    endloop
  endfacet
  facet normal -0 0 1
    outer loop
      vertex 1.02153 0.0292673 -1.5
      vertex 1.02612 -0.0582151 -1.5
      vertex 1.02612 0.0582151 -1.5
    endloop
  endfacet
  facet normal 0 0 1
    outer loop
      vertex 1.02153 0.0292673 -1.5
      vertex 1.02153 -0.0292673 -1.5
      vertex 1.02612 -0.0582151 -1.5
    endloop
  endfacet
  facet normal 0 -0 1
    outer loop
      vertex 1.02153 -0.0292673 -1.5
      vertex 1.02153 0.0292673 -1.5
      vertex 1.02 0 -1.5
    endloop
  endfacet
  facet normal 0.838709 -0.544581 0
    outer loop
      vertex 1.05751 0.139999 0
      vertex 1.07347 0.164579 -1.5
      vertex 1.07347 0.164579 0
    endloop
  endfacet
  facet normal 0.838709 -0.544581 0
    outer loop
      vertex 1.07347 0.164579 -1.5
      vertex 1.05751 0.139999 0
      vertex 1.05751 0.139999 -1.5
    endloop
  endfacet
  facet normal 0.777053 -0.629435 0
    outer loop
      vertex 1.07347 0.164579 0
      vertex 1.09192 0.187356 -1.5
      vertex 1.09192 0.187356 0
    endloop
  endfacet
  facet normal 0.777053 -0.629435 0
    outer loop
      vertex 1.09192 0.187356 -1.5
      vertex 1.07347 0.164579 0
      vertex 1.07347 0.164579 -1.5
    endloop
  endfacet
  facet normal 0.891079 -0.453849 0
    outer loop
      vertex 1.04421 0.113886 0
      vertex 1.05751 0.139999 -1.5
      vertex 1.05751 0.139999 0
    endloop
  endfacet
  facet normal 0.891079 -0.453849 0
    outer loop
      vertex 1.05751 0.139999 -1.5
      vertex 1.04421 0.113886 0
      vertex 1.04421 0.113886 -1.5
    endloop
  endfacet
  facet normal 0.965971 -0.258649 0
    outer loop
      vertex 1.02612 0.0582151 0
      vertex 1.0337 0.086524 -1.5
      vertex 1.0337 0.086524 0
    endloop
  endfacet
  facet normal 0.965971 -0.258649 0
    outer loop
      vertex 1.0337 0.086524 -1.5
      vertex 1.02612 0.0582151 0
      vertex 1.02612 0.0582151 -1.5
    endloop
  endfacet
  facet normal 0.998636 -0.0522055 0
    outer loop
      vertex 1.02 0 0
      vertex 1.02153 0.0292673 -1.5
      vertex 1.02153 0.0292673 0
    endloop
  endfacet
  facet normal 0.998636 -0.0522055 0
    outer loop
      vertex 1.02153 0.0292673 -1.5
      vertex 1.02 0 0
      vertex 1.02 0 -1.5
    endloop
  endfacet
  facet normal 0.544653 -0.838662 0
    outer loop
      vertex 1.13542 0.226524 -1.5
      vertex 1.16 0.242487 0
      vertex 1.13542 0.226524 0
    endloop
  endfacet
  facet normal 0.544653 -0.838662 0
    outer loop
      vertex 1.16 0.242487 0
      vertex 1.13542 0.226524 -1.5
      vertex 1.16 0.242487 -1.5
    endloop
  endfacet
  facet normal 0.454053 -0.890975 0
    outer loop
      vertex 1.16 0.242487 -1.5
      vertex 1.18611 0.255793 0
      vertex 1.16 0.242487 0
    endloop
  endfacet
  facet normal 0.454053 -0.890975 0
    outer loop
      vertex 1.18611 0.255793 0
      vertex 1.16 0.242487 -1.5
      vertex 1.18611 0.255793 -1.5
    endloop
  endfacet
  facet normal 0.629261 -0.777194 0
    outer loop
      vertex 1.11264 0.20808 -1.5
      vertex 1.13542 0.226524 0
      vertex 1.11264 0.20808 0
    endloop
  endfacet
  facet normal 0.629261 -0.777194 0
    outer loop
      vertex 1.13542 0.226524 0
      vertex 1.11264 0.20808 -1.5
      vertex 1.13542 0.226524 -1.5
    endloop
  endfacet
  facet normal 0.258916 -0.9659 0
    outer loop
      vertex 1.21348 0.266295 -1.5
      vertex 1.24178 0.273881 0
      vertex 1.21348 0.266295 0
    endloop
  endfacet
  facet normal 0.258916 -0.9659 0
    outer loop
      vertex 1.24178 0.273881 0
      vertex 1.21348 0.266295 -1.5
      vertex 1.24178 0.273881 -1.5
    endloop
  endfacet
  facet normal -0.998636 0.0522055 0
    outer loop
      vertex 1.57847 -0.0292673 -1.5
      vertex 1.58 0 0
      vertex 1.58 0 -1.5
    endloop
  endfacet
  facet normal -0.998636 0.0522055 0
    outer loop
      vertex 1.58 0 0
      vertex 1.57847 -0.0292673 -1.5
      vertex 1.57847 -0.0292673 0
    endloop
  endfacet
  facet normal -0.707175 0.707039 0
    outer loop
      vertex 1.48736 -0.20808 -1.5
      vertex 1.50808 -0.187356 0
      vertex 1.50808 -0.187356 -1.5
    endloop
  endfacet
  facet normal -0.707175 0.707039 0
    outer loop
      vertex 1.50808 -0.187356 0
      vertex 1.48736 -0.20808 -1.5
      vertex 1.48736 -0.20808 0
    endloop
  endfacet
  facet normal 0.891079 0.453849 0
    outer loop
      vertex 1.05751 -0.139999 0
      vertex 1.04421 -0.113886 -1.5
      vertex 1.04421 -0.113886 0
    endloop
  endfacet
  facet normal 0.891079 0.453849 0
    outer loop
      vertex 1.04421 -0.113886 -1.5
      vertex 1.05751 -0.139999 0
      vertex 1.05751 -0.139999 -1.5
    endloop
  endfacet
  facet normal 0.777053 0.629435 0
    outer loop
      vertex 1.09192 -0.187356 0
      vertex 1.07347 -0.164579 -1.5
      vertex 1.07347 -0.164579 0
    endloop
  endfacet
  facet normal 0.777053 0.629435 0
    outer loop
      vertex 1.07347 -0.164579 -1.5
      vertex 1.09192 -0.187356 0
      vertex 1.09192 -0.187356 -1.5
    endloop
  endfacet
  facet normal -0.965971 0.258649 0
    outer loop
      vertex 1.5663 -0.086524 -1.5
      vertex 1.57388 -0.0582151 0
      vertex 1.57388 -0.0582151 -1.5
    endloop
  endfacet
  facet normal -0.965971 0.258649 0
    outer loop
      vertex 1.57388 -0.0582151 0
      vertex 1.5663 -0.086524 -1.5
      vertex 1.5663 -0.086524 0
    endloop
  endfacet
  facet normal -0.77722 0.629229 0
    outer loop
      vertex 1.50808 -0.187356 -1.5
      vertex 1.52652 -0.164579 0
      vertex 1.52652 -0.164579 -1.5
    endloop
  endfacet
  facet normal -0.77722 0.629229 0
    outer loop
      vertex 1.52652 -0.164579 0
      vertex 1.50808 -0.187356 -1.5
      vertex 1.50808 -0.187356 0
    endloop
  endfacet
  facet normal -0.891079 0.453849 0
    outer loop
      vertex 1.54249 -0.139999 -1.5
      vertex 1.55579 -0.113886 0
      vertex 1.55579 -0.113886 -1.5
    endloop
  endfacet
  facet normal -0.891079 0.453849 0
    outer loop
      vertex 1.55579 -0.113886 0
      vertex 1.54249 -0.139999 -1.5
      vertex 1.54249 -0.139999 0
    endloop
  endfacet
  facet normal 0.707175 0.707039 0
    outer loop
      vertex 1.11264 -0.20808 0
      vertex 1.09192 -0.187356 -1.5
      vertex 1.09192 -0.187356 0
    endloop
  endfacet
  facet normal 0.707175 0.707039 0
    outer loop
      vertex 1.09192 -0.187356 -1.5
      vertex 1.11264 -0.20808 0
      vertex 1.11264 -0.20808 -1.5
    endloop
  endfacet
  facet normal 0.965971 0.258649 0
    outer loop
      vertex 1.0337 -0.086524 0
      vertex 1.02612 -0.0582151 -1.5
      vertex 1.02612 -0.0582151 0
    endloop
  endfacet
  facet normal 0.965971 0.258649 0
    outer loop
      vertex 1.02612 -0.0582151 -1.5
      vertex 1.0337 -0.086524 0
      vertex 1.0337 -0.086524 -1.5
    endloop
  endfacet
  facet normal 0.987661 0.156605 0
    outer loop
      vertex 1.02612 -0.0582151 0
      vertex 1.02153 -0.0292673 -1.5
      vertex 1.02153 -0.0292673 0
    endloop
  endfacet
  facet normal 0.987661 0.156605 0
    outer loop
      vertex 1.02153 -0.0292673 -1.5
      vertex 1.02612 -0.0582151 0
      vertex 1.02612 -0.0582151 -1.5
    endloop
  endfacet
  facet normal -0.25883 0.965923 0
    outer loop
      vertex 1.38652 -0.266295 -1.5
      vertex 1.35821 -0.273881 0
      vertex 1.38652 -0.266295 0
    endloop
  endfacet
  facet normal -0.25883 0.965923 0
    outer loop
      vertex 1.35821 -0.273881 0
      vertex 1.38652 -0.266295 -1.5
      vertex 1.35821 -0.273881 -1.5
    endloop
  endfacet
  facet normal -0.838553 0.54482 0
    outer loop
      vertex 1.52652 -0.164579 -1.5
      vertex 1.54249 -0.139999 0
      vertex 1.54249 -0.139999 -1.5
    endloop
  endfacet
  facet normal -0.838553 0.54482 0
    outer loop
      vertex 1.54249 -0.139999 0
      vertex 1.52652 -0.164579 -1.5
      vertex 1.52652 -0.164579 0
    endloop
  endfacet
  facet normal -0.544653 0.838662 0
    outer loop
      vertex 1.46458 -0.226524 -1.5
      vertex 1.44 -0.242487 0
      vertex 1.46458 -0.226524 0
    endloop
  endfacet
  facet normal -0.544653 0.838662 0
    outer loop
      vertex 1.44 -0.242487 0
      vertex 1.46458 -0.226524 -1.5
      vertex 1.44 -0.242487 -1.5
    endloop
  endfacet
  facet normal -0.454053 0.890975 0
    outer loop
      vertex 1.44 -0.242487 -1.5
      vertex 1.41389 -0.255793 0
      vertex 1.44 -0.242487 0
    endloop
  endfacet
  facet normal -0.454053 0.890975 0
    outer loop
      vertex 1.41389 -0.255793 0
      vertex 1.44 -0.242487 -1.5
      vertex 1.41389 -0.255793 -1.5
    endloop
  endfacet
  facet normal -0.933504 0.358568 0
    outer loop
      vertex 1.55579 -0.113886 -1.5
      vertex 1.5663 -0.086524 0
      vertex 1.5663 -0.086524 -1.5
    endloop
  endfacet
  facet normal -0.933504 0.358568 0
    outer loop
      vertex 1.5663 -0.086524 0
      vertex 1.55579 -0.113886 -1.5
      vertex 1.55579 -0.113886 0
    endloop
  endfacet
  facet normal 0.0523708 0.998628 -0
    outer loop
      vertex 1.3 -0.28 -1.5
      vertex 1.27073 -0.278465 0
      vertex 1.3 -0.28 0
    endloop
  endfacet
  facet normal 0.0523708 0.998628 0
    outer loop
      vertex 1.27073 -0.278465 0
      vertex 1.3 -0.28 -1.5
      vertex 1.27073 -0.278465 -1.5
    endloop
  endfacet
  facet normal 0.838709 0.544581 0
    outer loop
      vertex 1.07347 -0.164579 0
      vertex 1.05751 -0.139999 -1.5
      vertex 1.05751 -0.139999 0
    endloop
  endfacet
  facet normal 0.838709 0.544581 0
    outer loop
      vertex 1.05751 -0.139999 -1.5
      vertex 1.07347 -0.164579 0
      vertex 1.07347 -0.164579 -1.5
    endloop
  endfacet
  facet normal 0.933504 0.358568 0
    outer loop
      vertex 1.04421 -0.113886 0
      vertex 1.0337 -0.086524 -1.5
      vertex 1.0337 -0.086524 0
    endloop
  endfacet
  facet normal 0.933504 0.358568 0
    outer loop
      vertex 1.0337 -0.086524 -1.5
      vertex 1.04421 -0.113886 0
      vertex 1.04421 -0.113886 -1.5
    endloop
  endfacet
  facet normal -0.629261 0.777194 0
    outer loop
      vertex 1.48736 -0.20808 -1.5
      vertex 1.46458 -0.226524 0
      vertex 1.48736 -0.20808 0
    endloop
  endfacet
  facet normal -0.629261 0.777194 0
    outer loop
      vertex 1.46458 -0.226524 0
      vertex 1.48736 -0.20808 -1.5
      vertex 1.46458 -0.226524 -1.5
    endloop
  endfacet
  facet normal 0.156394 0.987695 -0
    outer loop
      vertex 1.27073 -0.278465 -1.5
      vertex 1.24178 -0.273881 0
      vertex 1.27073 -0.278465 0
    endloop
  endfacet
  facet normal 0.156394 0.987695 0
    outer loop
      vertex 1.24178 -0.273881 0
      vertex 1.27073 -0.278465 -1.5
      vertex 1.24178 -0.273881 -1.5
    endloop
  endfacet
  facet normal 0.454053 0.890975 -0
    outer loop
      vertex 1.18611 -0.255793 -1.5
      vertex 1.16 -0.242487 0
      vertex 1.18611 -0.255793 0
    endloop
  endfacet
  facet normal 0.454053 0.890975 0
    outer loop
      vertex 1.16 -0.242487 0
      vertex 1.18611 -0.255793 -1.5
      vertex 1.16 -0.242487 -1.5
    endloop
  endfacet
  facet normal 0.258916 0.9659 -0
    outer loop
      vertex 1.24178 -0.273881 -1.5
      vertex 1.21348 -0.266295 0
      vertex 1.24178 -0.273881 0
    endloop
  endfacet
  facet normal 0.258916 0.9659 0
    outer loop
      vertex 1.21348 -0.266295 0
      vertex 1.24178 -0.273881 -1.5
      vertex 1.21348 -0.266295 -1.5
    endloop
  endfacet
  facet normal 0.358238 0.93363 -0
    outer loop
      vertex 1.21348 -0.266295 -1.5
      vertex 1.18611 -0.255793 0
      vertex 1.21348 -0.266295 0
    endloop
  endfacet
  facet normal 0.358238 0.93363 0
    outer loop
      vertex 1.18611 -0.255793 0
      vertex 1.21348 -0.266295 -1.5
      vertex 1.18611 -0.255793 -1.5
    endloop
  endfacet
  facet normal 0.544653 0.838662 -0
    outer loop
      vertex 1.16 -0.242487 -1.5
      vertex 1.13542 -0.226524 0
      vertex 1.16 -0.242487 0
    endloop
  endfacet
  facet normal 0.544653 0.838662 0
    outer loop
      vertex 1.13542 -0.226524 0
      vertex 1.16 -0.242487 -1.5
      vertex 1.13542 -0.226524 -1.5
    endloop
  endfacet
  facet normal 0.629261 0.777194 -0
    outer loop
      vertex 1.13542 -0.226524 -1.5
      vertex 1.11264 -0.20808 0
      vertex 1.13542 -0.226524 0
    endloop
  endfacet
  facet normal 0.629261 0.777194 0
    outer loop
      vertex 1.11264 -0.20808 0
      vertex 1.13542 -0.226524 -1.5
      vertex 1.11264 -0.20808 -1.5
    endloop
  endfacet
  facet normal -0.629261 -0.777194 0
    outer loop
      vertex -1.13542 0.226524 -1.5
      vertex -1.11264 0.20808 0
      vertex -1.13542 0.226524 0
    endloop
  endfacet
  facet normal -0.629261 -0.777194 -0
    outer loop
      vertex -1.11264 0.20808 0
      vertex -1.13542 0.226524 -1.5
      vertex -1.11264 0.20808 -1.5
    endloop
  endfacet
  facet normal 0.358238 -0.93363 0
    outer loop
      vertex -1.41389 0.255793 -1.5
      vertex -1.38652 0.266295 0
      vertex -1.41389 0.255793 0
    endloop
  endfacet
  facet normal 0.358238 -0.93363 0
    outer loop
      vertex -1.38652 0.266295 0
      vertex -1.41389 0.255793 -1.5
      vertex -1.38652 0.266295 -1.5
    endloop
  endfacet
  facet normal 0.891079 -0.453849 0
    outer loop
      vertex -1.55579 0.113886 0
      vertex -1.54249 0.139999 -1.5
      vertex -1.54249 0.139999 0
    endloop
  endfacet
  facet normal 0.891079 -0.453849 0
    outer loop
      vertex -1.54249 0.139999 -1.5
      vertex -1.55579 0.113886 0
      vertex -1.55579 0.113886 -1.5
    endloop
  endfacet
  facet normal -0.998636 0.0522055 0
    outer loop
      vertex -1.02153 -0.0292673 -1.5
      vertex -1.02 0 0
      vertex -1.02 0 -1.5
    endloop
  endfacet
  facet normal -0.998636 0.0522055 0
    outer loop
      vertex -1.02 0 0
      vertex -1.02153 -0.0292673 -1.5
      vertex -1.02153 -0.0292673 0
    endloop
  endfacet
  facet normal -0.933504 -0.358568 0
    outer loop
      vertex -1.0337 0.086524 -1.5
      vertex -1.04421 0.113886 0
      vertex -1.04421 0.113886 -1.5
    endloop
  endfacet
  facet normal -0.933504 -0.358568 0
    outer loop
      vertex -1.04421 0.113886 0
      vertex -1.0337 0.086524 -1.5
      vertex -1.0337 0.086524 0
    endloop
  endfacet
  facet normal -0.987661 -0.156605 0
    outer loop
      vertex -1.02153 0.0292673 -1.5
      vertex -1.02612 0.0582151 0
      vertex -1.02612 0.0582151 -1.5
    endloop
  endfacet
  facet normal -0.987661 -0.156605 0
    outer loop
      vertex -1.02612 0.0582151 0
      vertex -1.02153 0.0292673 -1.5
      vertex -1.02153 0.0292673 0
    endloop
  endfacet
  facet normal -0.891079 -0.453849 0
    outer loop
      vertex -1.04421 0.113886 -1.5
      vertex -1.05751 0.139999 0
      vertex -1.05751 0.139999 -1.5
    endloop
  endfacet
  facet normal -0.891079 -0.453849 0
    outer loop
      vertex -1.05751 0.139999 0
      vertex -1.04421 0.113886 -1.5
      vertex -1.04421 0.113886 0
    endloop
  endfacet
  facet normal -0.454053 -0.890975 0
    outer loop
      vertex -1.18611 0.255793 -1.5
      vertex -1.16 0.242487 0
      vertex -1.18611 0.255793 0
    endloop
  endfacet
  facet normal -0.454053 -0.890975 -0
    outer loop
      vertex -1.16 0.242487 0
      vertex -1.18611 0.255793 -1.5
      vertex -1.16 0.242487 -1.5
    endloop
  endfacet
  facet normal 0.707175 -0.707039 0
    outer loop
      vertex -1.50808 0.187356 0
      vertex -1.48736 0.20808 -1.5
      vertex -1.48736 0.20808 0
    endloop
  endfacet
  facet normal 0.707175 -0.707039 0
    outer loop
      vertex -1.48736 0.20808 -1.5
      vertex -1.50808 0.187356 0
      vertex -1.50808 0.187356 -1.5
    endloop
  endfacet
  facet normal 0.454053 -0.890975 0
    outer loop
      vertex -1.44 0.242487 -1.5
      vertex -1.41389 0.255793 0
      vertex -1.44 0.242487 0
    endloop
  endfacet
  facet normal 0.454053 -0.890975 0
    outer loop
      vertex -1.41389 0.255793 0
      vertex -1.44 0.242487 -1.5
      vertex -1.41389 0.255793 -1.5
    endloop
  endfacet
  facet normal 0.156446 -0.987686 0
    outer loop
      vertex -1.35821 0.273881 -1.5
      vertex -1.32927 0.278465 0
      vertex -1.35821 0.273881 0
    endloop
  endfacet
  facet normal 0.156446 -0.987686 0
    outer loop
      vertex -1.32927 0.278465 0
      vertex -1.35821 0.273881 -1.5
      vertex -1.32927 0.278465 -1.5
    endloop
  endfacet
  facet normal -0.933504 0.358568 0
    outer loop
      vertex -1.04421 -0.113886 -1.5
      vertex -1.0337 -0.086524 0
      vertex -1.0337 -0.086524 -1.5
    endloop
  endfacet
  facet normal -0.933504 0.358568 0
    outer loop
      vertex -1.0337 -0.086524 0
      vertex -1.04421 -0.113886 -1.5
      vertex -1.04421 -0.113886 0
    endloop
  endfacet
  facet normal 0.156446 0.987686 -0
    outer loop
      vertex -1.32927 -0.278465 -1.5
      vertex -1.35821 -0.273881 0
      vertex -1.32927 -0.278465 0
    endloop
  endfacet
  facet normal 0.156446 0.987686 0
    outer loop
      vertex -1.35821 -0.273881 0
      vertex -1.32927 -0.278465 -1.5
      vertex -1.35821 -0.273881 -1.5
    endloop
  endfacet
  facet normal 0.629261 0.777194 -0
    outer loop
      vertex -1.46458 -0.226524 -1.5
      vertex -1.48736 -0.20808 0
      vertex -1.46458 -0.226524 0
    endloop
  endfacet
  facet normal 0.629261 0.777194 0
    outer loop
      vertex -1.48736 -0.20808 0
      vertex -1.46458 -0.226524 -1.5
      vertex -1.48736 -0.20808 -1.5
    endloop
  endfacet
  facet normal -0.965971 -0.258649 0
    outer loop
      vertex -1.02612 0.0582151 -1.5
      vertex -1.0337 0.086524 0
      vertex -1.0337 0.086524 -1.5
    endloop
  endfacet
  facet normal -0.965971 -0.258649 0
    outer loop
      vertex -1.0337 0.086524 0
      vertex -1.02612 0.0582151 -1.5
      vertex -1.02612 0.0582151 0
    endloop
  endfacet
  facet normal -0.777053 -0.629435 0
    outer loop
      vertex -1.07347 0.164579 -1.5
      vertex -1.09192 0.187356 0
      vertex -1.09192 0.187356 -1.5
    endloop
  endfacet
  facet normal -0.777053 -0.629435 0
    outer loop
      vertex -1.09192 0.187356 0
      vertex -1.07347 0.164579 -1.5
      vertex -1.07347 0.164579 0
    endloop
  endfacet
  facet normal -0.838709 -0.544581 0
    outer loop
      vertex -1.05751 0.139999 -1.5
      vertex -1.07347 0.164579 0
      vertex -1.07347 0.164579 -1.5
    endloop
  endfacet
  facet normal -0.838709 -0.544581 0
    outer loop
      vertex -1.07347 0.164579 0
      vertex -1.05751 0.139999 -1.5
      vertex -1.05751 0.139999 0
    endloop
  endfacet
  facet normal -0.707175 -0.707039 0
    outer loop
      vertex -1.09192 0.187356 -1.5
      vertex -1.11264 0.20808 0
      vertex -1.11264 0.20808 -1.5
    endloop
  endfacet
  facet normal -0.707175 -0.707039 0
    outer loop
      vertex -1.11264 0.20808 0
      vertex -1.09192 0.187356 -1.5
      vertex -1.09192 0.187356 0
    endloop
  endfacet
  facet normal -0.544653 -0.838662 0
    outer loop
      vertex -1.16 0.242487 -1.5
      vertex -1.13542 0.226524 0
      vertex -1.16 0.242487 0
    endloop
  endfacet
  facet normal -0.544653 -0.838662 -0
    outer loop
      vertex -1.13542 0.226524 0
      vertex -1.16 0.242487 -1.5
      vertex -1.13542 0.226524 -1.5
    endloop
  endfacet
  facet normal -0.0523708 -0.998628 0
    outer loop
      vertex -1.3 0.28 -1.5
      vertex -1.27073 0.278465 0
      vertex -1.3 0.28 0
    endloop
  endfacet
  facet normal -0.0523708 -0.998628 -0
    outer loop
      vertex -1.27073 0.278465 0
      vertex -1.3 0.28 -1.5
      vertex -1.27073 0.278465 -1.5
    endloop
  endfacet
  facet normal -0.358238 -0.93363 0
    outer loop
      vertex -1.21348 0.266295 -1.5
      vertex -1.18611 0.255793 0
      vertex -1.21348 0.266295 0
    endloop
  endfacet
  facet normal -0.358238 -0.93363 -0
    outer loop
      vertex -1.18611 0.255793 0
      vertex -1.21348 0.266295 -1.5
      vertex -1.18611 0.255793 -1.5
    endloop
  endfacet
  facet normal -0.258916 -0.9659 0
    outer loop
      vertex -1.24178 0.273881 -1.5
      vertex -1.21348 0.266295 0
      vertex -1.24178 0.273881 0
    endloop
  endfacet
  facet normal -0.258916 -0.9659 -0
    outer loop
      vertex -1.21348 0.266295 0
      vertex -1.24178 0.273881 -1.5
      vertex -1.21348 0.266295 -1.5
    endloop
  endfacet
  facet normal 0.998636 -0.0522055 0
    outer loop
      vertex -1.58 0 0
      vertex -1.57847 0.0292673 -1.5
      vertex -1.57847 0.0292673 0
    endloop
  endfacet
  facet normal 0.998636 -0.0522055 0
    outer loop
      vertex -1.57847 0.0292673 -1.5
      vertex -1.58 0 0
      vertex -1.58 0 -1.5
    endloop
  endfacet
  facet normal 0.933504 -0.358568 0
    outer loop
      vertex -1.5663 0.086524 0
      vertex -1.55579 0.113886 -1.5
      vertex -1.55579 0.113886 0
    endloop
  endfacet
  facet normal 0.933504 -0.358568 0
    outer loop
      vertex -1.55579 0.113886 -1.5
      vertex -1.5663 0.086524 0
      vertex -1.5663 0.086524 -1.5
    endloop
  endfacet
  facet normal 0.965971 -0.258649 0
    outer loop
      vertex -1.57388 0.0582151 0
      vertex -1.5663 0.086524 -1.5
      vertex -1.5663 0.086524 0
    endloop
  endfacet
  facet normal 0.965971 -0.258649 0
    outer loop
      vertex -1.5663 0.086524 -1.5
      vertex -1.57388 0.0582151 0
      vertex -1.57388 0.0582151 -1.5
    endloop
  endfacet
  facet normal 0.838553 -0.54482 0
    outer loop
      vertex -1.54249 0.139999 0
      vertex -1.52652 0.164579 -1.5
      vertex -1.52652 0.164579 0
    endloop
  endfacet
  facet normal 0.838553 -0.54482 0
    outer loop
      vertex -1.52652 0.164579 -1.5
      vertex -1.54249 0.139999 0
      vertex -1.54249 0.139999 -1.5
    endloop
  endfacet
  facet normal 0.77722 -0.629229 0
    outer loop
      vertex -1.52652 0.164579 0
      vertex -1.50808 0.187356 -1.5
      vertex -1.50808 0.187356 0
    endloop
  endfacet
  facet normal 0.77722 -0.629229 0
    outer loop
      vertex -1.50808 0.187356 -1.5
      vertex -1.52652 0.164579 0
      vertex -1.52652 0.164579 -1.5
    endloop
  endfacet
  facet normal 0.25883 -0.965923 0
    outer loop
      vertex -1.38652 0.266295 -1.5
      vertex -1.35821 0.273881 0
      vertex -1.38652 0.266295 0
    endloop
  endfacet
  facet normal 0.25883 -0.965923 0
    outer loop
      vertex -1.35821 0.273881 0
      vertex -1.38652 0.266295 -1.5
      vertex -1.35821 0.273881 -1.5
    endloop
  endfacet
  facet normal 0.0523708 -0.998628 0
    outer loop
      vertex -1.32927 0.278465 -1.5
      vertex -1.3 0.28 0
      vertex -1.32927 0.278465 0
    endloop
  endfacet
  facet normal 0.0523708 -0.998628 0
    outer loop
      vertex -1.3 0.28 0
      vertex -1.32927 0.278465 -1.5
      vertex -1.3 0.28 -1.5
    endloop
  endfacet
  facet normal 0.544653 -0.838662 0
    outer loop
      vertex -1.46458 0.226524 -1.5
      vertex -1.44 0.242487 0
      vertex -1.46458 0.226524 0
    endloop
  endfacet
  facet normal 0.544653 -0.838662 0
    outer loop
      vertex -1.44 0.242487 0
      vertex -1.46458 0.226524 -1.5
      vertex -1.44 0.242487 -1.5
    endloop
  endfacet
  facet normal 0.629261 -0.777194 0
    outer loop
      vertex -1.48736 0.20808 -1.5
      vertex -1.46458 0.226524 0
      vertex -1.48736 0.20808 0
    endloop
  endfacet
  facet normal 0.629261 -0.777194 0
    outer loop
      vertex -1.46458 0.226524 0
      vertex -1.48736 0.20808 -1.5
      vertex -1.46458 0.226524 -1.5
    endloop
  endfacet
  facet normal -0.998636 -0.0522055 0
    outer loop
      vertex -1.02 0 -1.5
      vertex -1.02153 0.0292673 0
      vertex -1.02153 0.0292673 -1.5
    endloop
  endfacet
  facet normal -0.998636 -0.0522055 0
    outer loop
      vertex -1.02153 0.0292673 0
      vertex -1.02 0 -1.5
      vertex -1.02 0 0
    endloop
  endfacet
  facet normal -0.0523708 0.998628 0
    outer loop
      vertex -1.27073 -0.278465 -1.5
      vertex -1.3 -0.28 0
      vertex -1.27073 -0.278465 0
    endloop
  endfacet
  facet normal -0.0523708 0.998628 0
    outer loop
      vertex -1.3 -0.28 0
      vertex -1.27073 -0.278465 -1.5
      vertex -1.3 -0.28 -1.5
    endloop
  endfacet
  facet normal -0.965971 0.258649 0
    outer loop
      vertex -1.0337 -0.086524 -1.5
      vertex -1.02612 -0.0582151 0
      vertex -1.02612 -0.0582151 -1.5
    endloop
  endfacet
  facet normal -0.965971 0.258649 0
    outer loop
      vertex -1.02612 -0.0582151 0
      vertex -1.0337 -0.086524 -1.5
      vertex -1.0337 -0.086524 0
    endloop
  endfacet
  facet normal -0.891079 0.453849 0
    outer loop
      vertex -1.05751 -0.139999 -1.5
      vertex -1.04421 -0.113886 0
      vertex -1.04421 -0.113886 -1.5
    endloop
  endfacet
  facet normal -0.891079 0.453849 0
    outer loop
      vertex -1.04421 -0.113886 0
      vertex -1.05751 -0.139999 -1.5
      vertex -1.05751 -0.139999 0
    endloop
  endfacet
  facet normal -0.156394 0.987695 0
    outer loop
      vertex -1.24178 -0.273881 -1.5
      vertex -1.27073 -0.278465 0
      vertex -1.24178 -0.273881 0
    endloop
  endfacet
  facet normal -0.156394 0.987695 0
    outer loop
      vertex -1.27073 -0.278465 0
      vertex -1.24178 -0.273881 -1.5
      vertex -1.27073 -0.278465 -1.5
    endloop
  endfacet
  facet normal -0.258916 0.9659 0
    outer loop
      vertex -1.21348 -0.266295 -1.5
      vertex -1.24178 -0.273881 0
      vertex -1.21348 -0.266295 0
    endloop
  endfacet
  facet normal -0.258916 0.9659 0
    outer loop
      vertex -1.24178 -0.273881 0
      vertex -1.21348 -0.266295 -1.5
      vertex -1.24178 -0.273881 -1.5
    endloop
  endfacet
  facet normal -0.629261 0.777194 0
    outer loop
      vertex -1.11264 -0.20808 -1.5
      vertex -1.13542 -0.226524 0
      vertex -1.11264 -0.20808 0
    endloop
  endfacet
  facet normal -0.629261 0.777194 0
    outer loop
      vertex -1.13542 -0.226524 0
      vertex -1.11264 -0.20808 -1.5
      vertex -1.13542 -0.226524 -1.5
    endloop
  endfacet
  facet normal -0.454053 0.890975 0
    outer loop
      vertex -1.16 -0.242487 -1.5
      vertex -1.18611 -0.255793 0
      vertex -1.16 -0.242487 0
    endloop
  endfacet
  facet normal -0.454053 0.890975 0
    outer loop
      vertex -1.18611 -0.255793 0
      vertex -1.16 -0.242487 -1.5
      vertex -1.18611 -0.255793 -1.5
    endloop
  endfacet
  facet normal 0.0523708 0.998628 -0
    outer loop
      vertex -1.3 -0.28 -1.5
      vertex -1.32927 -0.278465 0
      vertex -1.3 -0.28 0
    endloop
  endfacet
  facet normal 0.0523708 0.998628 0
    outer loop
      vertex -1.32927 -0.278465 0
      vertex -1.3 -0.28 -1.5
      vertex -1.32927 -0.278465 -1.5
    endloop
  endfacet
  facet normal 0.358238 0.93363 -0
    outer loop
      vertex -1.38652 -0.266295 -1.5
      vertex -1.41389 -0.255793 0
      vertex -1.38652 -0.266295 0
    endloop
  endfacet
  facet normal 0.358238 0.93363 0
    outer loop
      vertex -1.41389 -0.255793 0
      vertex -1.38652 -0.266295 -1.5
      vertex -1.41389 -0.255793 -1.5
    endloop
  endfacet
  facet normal 0.454053 0.890975 -0
    outer loop
      vertex -1.41389 -0.255793 -1.5
      vertex -1.44 -0.242487 0
      vertex -1.41389 -0.255793 0
    endloop
  endfacet
  facet normal 0.454053 0.890975 0
    outer loop
      vertex -1.44 -0.242487 0
      vertex -1.41389 -0.255793 -1.5
      vertex -1.44 -0.242487 -1.5
    endloop
  endfacet
  facet normal 0.965971 0.258649 0
    outer loop
      vertex -1.5663 -0.086524 0
      vertex -1.57388 -0.0582151 -1.5
      vertex -1.57388 -0.0582151 0
    endloop
  endfacet
  facet normal 0.965971 0.258649 0
    outer loop
      vertex -1.57388 -0.0582151 -1.5
      vertex -1.5663 -0.086524 0
      vertex -1.5663 -0.086524 -1.5
    endloop
  endfacet
  facet normal 0.998636 0.0522055 0
    outer loop
      vertex -1.57847 -0.0292673 0
      vertex -1.58 0 -1.5
      vertex -1.58 0 0
    endloop
  endfacet
  facet normal 0.998636 0.0522055 0
    outer loop
      vertex -1.58 0 -1.5
      vertex -1.57847 -0.0292673 0
      vertex -1.57847 -0.0292673 -1.5
    endloop
  endfacet
  facet normal 0 0 1
    outer loop
      vertex -1.02153 0.0292673 -1.5
      vertex -1.02153 -0.0292673 -1.5
      vertex -1.02 0 -1.5
    endloop
  endfacet
  facet normal 0 0 1
    outer loop
      vertex -1.02612 0.0582151 -1.5
      vertex -1.02153 -0.0292673 -1.5
      vertex -1.02153 0.0292673 -1.5
    endloop
  endfacet
  facet normal 0 0 1
    outer loop
      vertex -1.02612 0.0582151 -1.5
      vertex -1.02612 -0.0582151 -1.5
      vertex -1.02153 -0.0292673 -1.5
    endloop
  endfacet
  facet normal 0 0 1
    outer loop
      vertex -1.0337 0.086524 -1.5
      vertex -1.02612 -0.0582151 -1.5
      vertex -1.02612 0.0582151 -1.5
    endloop
  endfacet
  facet normal 0 0 1
    outer loop
      vertex -1.0337 0.086524 -1.5
      vertex -1.0337 -0.086524 -1.5
      vertex -1.02612 -0.0582151 -1.5
    endloop
  endfacet
  facet normal 0 0 1
    outer loop
      vertex -1.04421 0.113886 -1.5
      vertex -1.0337 -0.086524 -1.5
      vertex -1.0337 0.086524 -1.5
    endloop
  endfacet
  facet normal 0 0 1
    outer loop
      vertex -1.04421 0.113886 -1.5
      vertex -1.04421 -0.113886 -1.5
      vertex -1.0337 -0.086524 -1.5
    endloop
  endfacet
  facet normal 0 0 1
    outer loop
      vertex -1.05751 0.139999 -1.5
      vertex -1.04421 -0.113886 -1.5
      vertex -1.04421 0.113886 -1.5
    endloop
  endfacet
  facet normal 0 0 1
    outer loop
      vertex -1.05751 0.139999 -1.5
      vertex -1.05751 -0.139999 -1.5
      vertex -1.04421 -0.113886 -1.5
    endloop
  endfacet
  facet normal 0 0 1
    outer loop
      vertex -1.07347 0.164579 -1.5
      vertex -1.05751 -0.139999 -1.5
      vertex -1.05751 0.139999 -1.5
    endloop
  endfacet
  facet normal 0 0 1
    outer loop
      vertex -1.07347 0.164579 -1.5
      vertex -1.07347 -0.164579 -1.5
      vertex -1.05751 -0.139999 -1.5
    endloop
  endfacet
  facet normal 0 0 1
    outer loop
      vertex -1.09192 0.187356 -1.5
      vertex -1.07347 -0.164579 -1.5
      vertex -1.07347 0.164579 -1.5
    endloop
  endfacet
  facet normal 0 0 1
    outer loop
      vertex -1.09192 0.187356 -1.5
      vertex -1.09192 -0.187356 -1.5
      vertex -1.07347 -0.164579 -1.5
    endloop
  endfacet
  facet normal 0 0 1
    outer loop
      vertex -1.11264 0.20808 -1.5
      vertex -1.09192 -0.187356 -1.5
      vertex -1.09192 0.187356 -1.5
    endloop
  endfacet
  facet normal 0 0 1
    outer loop
      vertex -1.11264 0.20808 -1.5
      vertex -1.11264 -0.20808 -1.5
      vertex -1.09192 -0.187356 -1.5
    endloop
  endfacet
  facet normal 0 0 1
    outer loop
      vertex -1.13542 0.226524 -1.5
      vertex -1.11264 -0.20808 -1.5
      vertex -1.11264 0.20808 -1.5
    endloop
  endfacet
  facet normal 0 0 1
    outer loop
      vertex -1.13542 0.226524 -1.5
      vertex -1.13542 -0.226524 -1.5
      vertex -1.11264 -0.20808 -1.5
    endloop
  endfacet
  facet normal 0 0 1
    outer loop
      vertex -1.16 0.242487 -1.5
      vertex -1.13542 -0.226524 -1.5
      vertex -1.13542 0.226524 -1.5
    endloop
  endfacet
  facet normal 0 0 1
    outer loop
      vertex -1.16 0.242487 -1.5
      vertex -1.16 -0.242487 -1.5
      vertex -1.13542 -0.226524 -1.5
    endloop
  endfacet
  facet normal 0 0 1
    outer loop
      vertex -1.18611 0.255793 -1.5
      vertex -1.16 -0.242487 -1.5
      vertex -1.16 0.242487 -1.5
    endloop
  endfacet
  facet normal 0 0 1
    outer loop
      vertex -1.18611 0.255793 -1.5
      vertex -1.18611 -0.255793 -1.5
      vertex -1.16 -0.242487 -1.5
    endloop
  endfacet
  facet normal 0 0 1
    outer loop
      vertex -1.21348 0.266295 -1.5
      vertex -1.18611 -0.255793 -1.5
      vertex -1.18611 0.255793 -1.5
    endloop
  endfacet
  facet normal 0 0 1
    outer loop
      vertex -1.21348 0.266295 -1.5
      vertex -1.21348 -0.266295 -1.5
      vertex -1.18611 -0.255793 -1.5
    endloop
  endfacet
  facet normal 0 0 1
    outer loop
      vertex -1.24178 0.273881 -1.5
      vertex -1.21348 -0.266295 -1.5
      vertex -1.21348 0.266295 -1.5
    endloop
  endfacet
  facet normal 0 0 1
    outer loop
      vertex -1.24178 0.273881 -1.5
      vertex -1.24178 -0.273881 -1.5
      vertex -1.21348 -0.266295 -1.5
    endloop
  endfacet
  facet normal 0 0 1
    outer loop
      vertex -1.27073 0.278465 -1.5
      vertex -1.24178 -0.273881 -1.5
      vertex -1.24178 0.273881 -1.5
    endloop
  endfacet
  facet normal 0 0 1
    outer loop
      vertex -1.27073 0.278465 -1.5
      vertex -1.27073 -0.278465 -1.5
      vertex -1.24178 -0.273881 -1.5
    endloop
  endfacet
  facet normal 0 0 1
    outer loop
      vertex -1.3 0.28 -1.5
      vertex -1.27073 -0.278465 -1.5
      vertex -1.27073 0.278465 -1.5
    endloop
  endfacet
  facet normal 0 0 1
    outer loop
      vertex -1.3 0.28 -1.5
      vertex -1.3 -0.28 -1.5
      vertex -1.27073 -0.278465 -1.5
    endloop
  endfacet
  facet normal -0 0 1
    outer loop
      vertex -1.32927 0.278465 -1.5
      vertex -1.3 -0.28 -1.5
      vertex -1.3 0.28 -1.5
    endloop
  endfacet
  facet normal 0 0 1
    outer loop
      vertex -1.32927 0.278465 -1.5
      vertex -1.32927 -0.278465 -1.5
      vertex -1.3 -0.28 -1.5
    endloop
  endfacet
  facet normal -0 0 1
    outer loop
      vertex -1.35821 0.273881 -1.5
      vertex -1.32927 -0.278465 -1.5
      vertex -1.32927 0.278465 -1.5
    endloop
  endfacet
  facet normal 0 0 1
    outer loop
      vertex -1.35821 0.273881 -1.5
      vertex -1.35821 -0.273881 -1.5
      vertex -1.32927 -0.278465 -1.5
    endloop
  endfacet
  facet normal -0 0 1
    outer loop
      vertex -1.38652 0.266295 -1.5
      vertex -1.35821 -0.273881 -1.5
      vertex -1.35821 0.273881 -1.5
    endloop
  endfacet
  facet normal 0 0 1
    outer loop
      vertex -1.38652 0.266295 -1.5
      vertex -1.38652 -0.266295 -1.5
      vertex -1.35821 -0.273881 -1.5
    endloop
  endfacet
  facet normal -0 0 1
    outer loop
      vertex -1.41389 0.255793 -1.5
      vertex -1.38652 -0.266295 -1.5
      vertex -1.38652 0.266295 -1.5
    endloop
  endfacet
  facet normal 0 0 1
    outer loop
      vertex -1.41389 0.255793 -1.5
      vertex -1.41389 -0.255793 -1.5
      vertex -1.38652 -0.266295 -1.5
    endloop
  endfacet
  facet normal -0 0 1
    outer loop
      vertex -1.44 0.242487 -1.5
      vertex -1.41389 -0.255793 -1.5
      vertex -1.41389 0.255793 -1.5
    endloop
  endfacet
  facet normal 0 0 1
    outer loop
      vertex -1.44 0.242487 -1.5
      vertex -1.44 -0.242487 -1.5
      vertex -1.41389 -0.255793 -1.5
    endloop
  endfacet
  facet normal -0 0 1
    outer loop
      vertex -1.46458 0.226524 -1.5
      vertex -1.44 -0.242487 -1.5
      vertex -1.44 0.242487 -1.5
    endloop
  endfacet
  facet normal 0 0 1
    outer loop
      vertex -1.46458 0.226524 -1.5
      vertex -1.46458 -0.226524 -1.5
      vertex -1.44 -0.242487 -1.5
    endloop
  endfacet
  facet normal -0 0 1
    outer loop
      vertex -1.48736 0.20808 -1.5
      vertex -1.46458 -0.226524 -1.5
      vertex -1.46458 0.226524 -1.5
    endloop
  endfacet
  facet normal 0 0 1
    outer loop
      vertex -1.48736 0.20808 -1.5
      vertex -1.48736 -0.20808 -1.5
      vertex -1.46458 -0.226524 -1.5
    endloop
  endfacet
  facet normal -0 0 1
    outer loop
      vertex -1.50808 0.187356 -1.5
      vertex -1.48736 -0.20808 -1.5
      vertex -1.48736 0.20808 -1.5
    endloop
  endfacet
  facet normal 0 0 1
    outer loop
      vertex -1.50808 0.187356 -1.5
      vertex -1.50808 -0.187356 -1.5
      vertex -1.48736 -0.20808 -1.5
    endloop
  endfacet
  facet normal -0 0 1
    outer loop
      vertex -1.52652 0.164579 -1.5
      vertex -1.50808 -0.187356 -1.5
      vertex -1.50808 0.187356 -1.5
    endloop
  endfacet
  facet normal 0 0 1
    outer loop
      vertex -1.52652 0.164579 -1.5
      vertex -1.52652 -0.164579 -1.5
      vertex -1.50808 -0.187356 -1.5
    endloop
  endfacet
  facet normal -0 0 1
    outer loop
      vertex -1.54249 0.139999 -1.5
      vertex -1.52652 -0.164579 -1.5
      vertex -1.52652 0.164579 -1.5
    endloop
  endfacet
  facet normal 0 0 1
    outer loop
      vertex -1.54249 0.139999 -1.5
      vertex -1.54249 -0.139999 -1.5
      vertex -1.52652 -0.164579 -1.5
    endloop
  endfacet
  facet normal -0 0 1
    outer loop
      vertex -1.55579 0.113886 -1.5
      vertex -1.54249 -0.139999 -1.5
      vertex -1.54249 0.139999 -1.5
    endloop
  endfacet
  facet normal 0 0 1
    outer loop
      vertex -1.55579 0.113886 -1.5
      vertex -1.55579 -0.113886 -1.5
      vertex -1.54249 -0.139999 -1.5
    endloop
  endfacet
  facet normal -0 0 1
    outer loop
      vertex -1.5663 0.086524 -1.5
      vertex -1.55579 -0.113886 -1.5
      vertex -1.55579 0.113886 -1.5
    endloop
  endfacet
  facet normal 0 0 1
    outer loop
      vertex -1.5663 0.086524 -1.5
      vertex -1.5663 -0.086524 -1.5
      vertex -1.55579 -0.113886 -1.5
    endloop
  endfacet
  facet normal -0 0 1
    outer loop
      vertex -1.57388 0.0582151 -1.5
      vertex -1.5663 -0.086524 -1.5
      vertex -1.5663 0.086524 -1.5
    endloop
  endfacet
  facet normal 0 0 1
    outer loop
      vertex -1.57388 0.0582151 -1.5
      vertex -1.57388 -0.0582151 -1.5
      vertex -1.5663 -0.086524 -1.5
    endloop
  endfacet
  facet normal -0 0 1
    outer loop
      vertex -1.57847 0.0292673 -1.5
      vertex -1.57388 -0.0582151 -1.5
      vertex -1.57388 0.0582151 -1.5
    endloop
  endfacet
  facet normal 0 0 1
    outer loop
      vertex -1.57847 0.0292673 -1.5
      vertex -1.57847 -0.0292673 -1.5
      vertex -1.57388 -0.0582151 -1.5
    endloop
  endfacet
  facet normal 0 -0 1
    outer loop
      vertex -1.57847 -0.0292673 -1.5
      vertex -1.57847 0.0292673 -1.5
      vertex -1.58 0 -1.5
    endloop
  endfacet
  facet normal 0.77722 0.629229 0
    outer loop
      vertex -1.50808 -0.187356 0
      vertex -1.52652 -0.164579 -1.5
      vertex -1.52652 -0.164579 0
    endloop
  endfacet
  facet normal 0.77722 0.629229 0
    outer loop
      vertex -1.52652 -0.164579 -1.5
      vertex -1.50808 -0.187356 0
      vertex -1.50808 -0.187356 -1.5
    endloop
  endfacet
  facet normal 0.891079 0.453849 0
    outer loop
      vertex -1.54249 -0.139999 0
      vertex -1.55579 -0.113886 -1.5
      vertex -1.55579 -0.113886 0
    endloop
  endfacet
  facet normal 0.891079 0.453849 0
    outer loop
      vertex -1.55579 -0.113886 -1.5
      vertex -1.54249 -0.139999 0
      vertex -1.54249 -0.139999 -1.5
    endloop
  endfacet
  facet normal -0.156394 -0.987695 0
    outer loop
      vertex -1.27073 0.278465 -1.5
      vertex -1.24178 0.273881 0
      vertex -1.27073 0.278465 0
    endloop
  endfacet
  facet normal -0.156394 -0.987695 -0
    outer loop
      vertex -1.24178 0.273881 0
      vertex -1.27073 0.278465 -1.5
      vertex -1.24178 0.273881 -1.5
    endloop
  endfacet
  facet normal 0.987661 -0.156605 0
    outer loop
      vertex -1.57847 0.0292673 0
      vertex -1.57388 0.0582151 -1.5
      vertex -1.57388 0.0582151 0
    endloop
  endfacet
  facet normal 0.987661 -0.156605 0
    outer loop
      vertex -1.57388 0.0582151 -1.5
      vertex -1.57847 0.0292673 0
      vertex -1.57847 0.0292673 -1.5
    endloop
  endfacet
  facet normal -0.987661 0.156605 0
    outer loop
      vertex -1.02612 -0.0582151 -1.5
      vertex -1.02153 -0.0292673 0
      vertex -1.02153 -0.0292673 -1.5
    endloop
  endfacet
  facet normal -0.987661 0.156605 0
    outer loop
      vertex -1.02153 -0.0292673 0
      vertex -1.02612 -0.0582151 -1.5
      vertex -1.02612 -0.0582151 0
    endloop
  endfacet
  facet normal -0.358238 0.93363 0
    outer loop
      vertex -1.18611 -0.255793 -1.5
      vertex -1.21348 -0.266295 0
      vertex -1.18611 -0.255793 0
    endloop
  endfacet
  facet normal -0.358238 0.93363 0
    outer loop
      vertex -1.21348 -0.266295 0
      vertex -1.18611 -0.255793 -1.5
      vertex -1.21348 -0.266295 -1.5
    endloop
  endfacet
  facet normal -0.707175 0.707039 0
    outer loop
      vertex -1.11264 -0.20808 -1.5
      vertex -1.09192 -0.187356 0
      vertex -1.09192 -0.187356 -1.5
    endloop
  endfacet
  facet normal -0.707175 0.707039 0
    outer loop
      vertex -1.09192 -0.187356 0
      vertex -1.11264 -0.20808 -1.5
      vertex -1.11264 -0.20808 0
    endloop
  endfacet
  facet normal -0.544653 0.838662 0
    outer loop
      vertex -1.13542 -0.226524 -1.5
      vertex -1.16 -0.242487 0
      vertex -1.13542 -0.226524 0
    endloop
  endfacet
  facet normal -0.544653 0.838662 0
    outer loop
      vertex -1.16 -0.242487 0
      vertex -1.13542 -0.226524 -1.5
      vertex -1.16 -0.242487 -1.5
    endloop
  endfacet
  facet normal 0.25883 0.965923 -0
    outer loop
      vertex -1.35821 -0.273881 -1.5
      vertex -1.38652 -0.266295 0
      vertex -1.35821 -0.273881 0
    endloop
  endfacet
  facet normal 0.25883 0.965923 0
    outer loop
      vertex -1.38652 -0.266295 0
      vertex -1.35821 -0.273881 -1.5
      vertex -1.38652 -0.266295 -1.5
    endloop
  endfacet
  facet normal 0.544653 0.838662 -0
    outer loop
      vertex -1.44 -0.242487 -1.5
      vertex -1.46458 -0.226524 0
      vertex -1.44 -0.242487 0
    endloop
  endfacet
  facet normal 0.544653 0.838662 0
    outer loop
      vertex -1.46458 -0.226524 0
      vertex -1.44 -0.242487 -1.5
      vertex -1.46458 -0.226524 -1.5
    endloop
  endfacet
  facet normal 0.933504 0.358568 0
    outer loop
      vertex -1.55579 -0.113886 0
      vertex -1.5663 -0.086524 -1.5
      vertex -1.5663 -0.086524 0
    endloop
  endfacet
  facet normal 0.933504 0.358568 0
    outer loop
      vertex -1.5663 -0.086524 -1.5
      vertex -1.55579 -0.113886 0
      vertex -1.55579 -0.113886 -1.5
    endloop
  endfacet
  facet normal 0.987661 0.156605 0
    outer loop
      vertex -1.57388 -0.0582151 0
      vertex -1.57847 -0.0292673 -1.5
      vertex -1.57847 -0.0292673 0
    endloop
  endfacet
  facet normal 0.987661 0.156605 0
    outer loop
      vertex -1.57847 -0.0292673 -1.5
      vertex -1.57388 -0.0582151 0
      vertex -1.57388 -0.0582151 -1.5
    endloop
  endfacet
  facet normal 0.838553 0.54482 0
    outer loop
      vertex -1.52652 -0.164579 0
      vertex -1.54249 -0.139999 -1.5
      vertex -1.54249 -0.139999 0
    endloop
  endfacet
  facet normal 0.838553 0.54482 0
    outer loop
      vertex -1.54249 -0.139999 -1.5
      vertex -1.52652 -0.164579 0
      vertex -1.52652 -0.164579 -1.5
    endloop
  endfacet
  facet normal 0.707175 0.707039 0
    outer loop
      vertex -1.48736 -0.20808 0
      vertex -1.50808 -0.187356 -1.5
      vertex -1.50808 -0.187356 0
    endloop
  endfacet
  facet normal 0.707175 0.707039 0
    outer loop
      vertex -1.50808 -0.187356 -1.5
      vertex -1.48736 -0.20808 0
      vertex -1.48736 -0.20808 -1.5
    endloop
  endfacet
  facet normal -0.838709 0.544581 0
    outer loop
      vertex -1.07347 -0.164579 -1.5
      vertex -1.05751 -0.139999 0
      vertex -1.05751 -0.139999 -1.5
    endloop
  endfacet
  facet normal -0.838709 0.544581 0
    outer loop
      vertex -1.05751 -0.139999 0
      vertex -1.07347 -0.164579 -1.5
      vertex -1.07347 -0.164579 0
    endloop
  endfacet
  facet normal -0.777053 0.629435 0
    outer loop
      vertex -1.09192 -0.187356 -1.5
      vertex -1.07347 -0.164579 0
      vertex -1.07347 -0.164579 -1.5
    endloop
  endfacet
  facet normal -0.777053 0.629435 0
    outer loop
      vertex -1.07347 -0.164579 0
      vertex -1.09192 -0.187356 -1.5
      vertex -1.09192 -0.187356 0
    endloop
  endfacet
  facet normal -0.998628 -0.0523708 0
    outer loop
      vertex 0.58 4.2 -2.5
      vertex 0.578465 4.22927 0
      vertex 0.578465 4.22927 -2.5
    endloop
  endfacet
  facet normal -0.998628 -0.0523708 0
    outer loop
      vertex 0.578465 4.22927 0
      vertex 0.58 4.2 -2.5
      vertex 0.58 4.2 0
    endloop
  endfacet
  facet normal 0.052206 -0.998636 0
    outer loop
      vertex 0.270732 4.47847 -2.5
      vertex 0.299999 4.48 0
      vertex 0.270732 4.47847 0
    endloop
  endfacet
  facet normal 0.052206 -0.998636 0
    outer loop
      vertex 0.299999 4.48 0
      vertex 0.270732 4.47847 -2.5
      vertex 0.299999 4.48 -2.5
    endloop
  endfacet
  facet normal -0.0522025 0.998637 0
    outer loop
      vertex 0.329268 3.92153 -2.5
      vertex 0.299999 3.92 0
      vertex 0.329268 3.92153 0
    endloop
  endfacet
  facet normal -0.0522025 0.998637 0
    outer loop
      vertex 0.299999 3.92 0
      vertex 0.329268 3.92153 -2.5
      vertex 0.299999 3.92 -2.5
    endloop
  endfacet
  facet normal -0.707039 -0.707175 0
    outer loop
      vertex 0.50808 4.38736 -2.5
      vertex 0.487356 4.40808 0
      vertex 0.487356 4.40808 -2.5
    endloop
  endfacet
  facet normal -0.707039 -0.707175 0
    outer loop
      vertex 0.487356 4.40808 0
      vertex 0.50808 4.38736 -2.5
      vertex 0.50808 4.38736 0
    endloop
  endfacet
  facet normal 0.707037 -0.707177 0
    outer loop
      vertex 0.0919189 4.38736 0
      vertex 0.112643 4.40808 -2.5
      vertex 0.112643 4.40808 0
    endloop
  endfacet
  facet normal 0.707037 -0.707177 0
    outer loop
      vertex 0.112643 4.40808 -2.5
      vertex 0.0919189 4.38736 0
      vertex 0.0919189 4.38736 -2.5
    endloop
  endfacet
  facet normal 0.358568 -0.933504 0
    outer loop
      vertex 0.186113 4.45579 -2.5
      vertex 0.213475 4.4663 0
      vertex 0.186113 4.45579 0
    endloop
  endfacet
  facet normal 0.358568 -0.933504 0
    outer loop
      vertex 0.213475 4.4663 0
      vertex 0.186113 4.45579 -2.5
      vertex 0.213475 4.4663 -2.5
    endloop
  endfacet
  facet normal -0.933607 -0.358298 0
    outer loop
      vertex 0.566296 4.28652 -2.5
      vertex 0.555792 4.31389 0
      vertex 0.555792 4.31389 -2.5
    endloop
  endfacet
  facet normal -0.933607 -0.358298 0
    outer loop
      vertex 0.555792 4.31389 0
      vertex 0.566296 4.28652 -2.5
      vertex 0.566296 4.28652 0
    endloop
  endfacet
  facet normal -0.987686 -0.156446 0
    outer loop
      vertex 0.578465 4.22927 -2.5
      vertex 0.573881 4.25821 0
      vertex 0.573881 4.25821 -2.5
    endloop
  endfacet
  facet normal -0.987686 -0.156446 0
    outer loop
      vertex 0.573881 4.25821 0
      vertex 0.578465 4.22927 -2.5
      vertex 0.578465 4.22927 0
    endloop
  endfacet
  facet normal -0.358568 -0.933504 0
    outer loop
      vertex 0.386524 4.4663 -2.5
      vertex 0.413886 4.45579 0
      vertex 0.386524 4.4663 0
    endloop
  endfacet
  facet normal -0.358568 -0.933504 -0
    outer loop
      vertex 0.413886 4.45579 0
      vertex 0.386524 4.4663 -2.5
      vertex 0.413886 4.45579 -2.5
    endloop
  endfacet
  facet normal -0.54482 -0.838553 0
    outer loop
      vertex 0.44 4.44249 -2.5
      vertex 0.46458 4.42652 0
      vertex 0.44 4.44249 0
    endloop
  endfacet
  facet normal -0.54482 -0.838553 -0
    outer loop
      vertex 0.46458 4.42652 0
      vertex 0.44 4.44249 -2.5
      vertex 0.46458 4.42652 -2.5
    endloop
  endfacet
  facet normal 0.890979 -0.454044 0
    outer loop
      vertex 0.0442066 4.31389 0
      vertex 0.0575123 4.34 -2.5
      vertex 0.0575123 4.34 0
    endloop
  endfacet
  facet normal 0.890979 -0.454044 0
    outer loop
      vertex 0.0575123 4.34 -2.5
      vertex 0.0442066 4.31389 0
      vertex 0.0442066 4.31389 -2.5
    endloop
  endfacet
  facet normal 0.838668 -0.544643 0
    outer loop
      vertex 0.0575123 4.34 0
      vertex 0.0734749 4.36458 -2.5
      vertex 0.0734749 4.36458 0
    endloop
  endfacet
  facet normal 0.838668 -0.544643 0
    outer loop
      vertex 0.0734749 4.36458 -2.5
      vertex 0.0575123 4.34 0
      vertex 0.0575123 4.34 -2.5
    endloop
  endfacet
  facet normal 0.156604 -0.987662 0
    outer loop
      vertex 0.241784 4.47388 -2.5
      vertex 0.270732 4.47847 0
      vertex 0.241784 4.47388 0
    endloop
  endfacet
  facet normal 0.156604 -0.987662 0
    outer loop
      vertex 0.270732 4.47847 0
      vertex 0.241784 4.47388 -2.5
      vertex 0.270732 4.47847 -2.5
    endloop
  endfacet
  facet normal -0.156614 0.98766 0
    outer loop
      vertex 0.358214 3.92612 -2.5
      vertex 0.329268 3.92153 0
      vertex 0.358214 3.92612 0
    endloop
  endfacet
  facet normal -0.156614 0.98766 0
    outer loop
      vertex 0.329268 3.92153 0
      vertex 0.358214 3.92612 -2.5
      vertex 0.329268 3.92153 -2.5
    endloop
  endfacet
  facet normal -0.965931 -0.258799 0
    outer loop
      vertex 0.573881 4.25821 -2.5
      vertex 0.566296 4.28652 0
      vertex 0.566296 4.28652 -2.5
    endloop
  endfacet
  facet normal -0.965931 -0.258799 0
    outer loop
      vertex 0.566296 4.28652 0
      vertex 0.573881 4.25821 -2.5
      vertex 0.573881 4.25821 0
    endloop
  endfacet
  facet normal -0.838693 -0.544605 0
    outer loop
      vertex 0.542486 4.34 -2.5
      vertex 0.526525 4.36458 0
      vertex 0.526525 4.36458 -2.5
    endloop
  endfacet
  facet normal -0.838693 -0.544605 0
    outer loop
      vertex 0.526525 4.36458 0
      vertex 0.542486 4.34 -2.5
      vertex 0.542486 4.34 0
    endloop
  endfacet
  facet normal -0.777177 -0.629282 0
    outer loop
      vertex 0.526525 4.36458 -2.5
      vertex 0.50808 4.38736 0
      vertex 0.50808 4.38736 -2.5
    endloop
  endfacet
  facet normal -0.777177 -0.629282 0
    outer loop
      vertex 0.50808 4.38736 0
      vertex 0.526525 4.36458 -2.5
      vertex 0.526525 4.36458 0
    endloop
  endfacet
  facet normal -0.890975 -0.454053 0
    outer loop
      vertex 0.555792 4.31389 -2.5
      vertex 0.542486 4.34 0
      vertex 0.542486 4.34 -2.5
    endloop
  endfacet
  facet normal -0.890975 -0.454053 0
    outer loop
      vertex 0.542486 4.34 0
      vertex 0.555792 4.31389 -2.5
      vertex 0.555792 4.31389 0
    endloop
  endfacet
  facet normal -0.156614 -0.98766 0
    outer loop
      vertex 0.329268 4.47847 -2.5
      vertex 0.358214 4.47388 0
      vertex 0.329268 4.47847 0
    endloop
  endfacet
  facet normal -0.156614 -0.98766 -0
    outer loop
      vertex 0.358214 4.47388 0
      vertex 0.329268 4.47847 -2.5
      vertex 0.358214 4.47388 -2.5
    endloop
  endfacet
  facet normal -0.0522025 -0.998637 0
    outer loop
      vertex 0.299999 4.48 -2.5
      vertex 0.329268 4.47847 0
      vertex 0.299999 4.48 0
    endloop
  endfacet
  facet normal -0.0522025 -0.998637 -0
    outer loop
      vertex 0.329268 4.47847 0
      vertex 0.299999 4.48 -2.5
      vertex 0.329268 4.47847 -2.5
    endloop
  endfacet
  facet normal -0.453835 -0.891086 0
    outer loop
      vertex 0.413886 4.45579 -2.5
      vertex 0.44 4.44249 0
      vertex 0.413886 4.45579 0
    endloop
  endfacet
  facet normal -0.453835 -0.891086 -0
    outer loop
      vertex 0.44 4.44249 0
      vertex 0.413886 4.45579 -2.5
      vertex 0.44 4.44249 -2.5
    endloop
  endfacet
  facet normal -0.629245 -0.777207 0
    outer loop
      vertex 0.46458 4.42652 -2.5
      vertex 0.487356 4.40808 0
      vertex 0.46458 4.42652 0
    endloop
  endfacet
  facet normal -0.629245 -0.777207 -0
    outer loop
      vertex 0.487356 4.40808 0
      vertex 0.46458 4.42652 -2.5
      vertex 0.487356 4.40808 -2.5
    endloop
  endfacet
  facet normal 0.98768 -0.15649 0
    outer loop
      vertex 0.021533 4.22927 0
      vertex 0.0261183 4.25821 -2.5
      vertex 0.0261183 4.25821 0
    endloop
  endfacet
  facet normal 0.98768 -0.15649 0
    outer loop
      vertex 0.0261183 4.25821 -2.5
      vertex 0.021533 4.22927 0
      vertex 0.021533 4.22927 -2.5
    endloop
  endfacet
  facet normal 0 0 1
    outer loop
      vertex 0.578465 4.22927 -2.5
      vertex 0.578465 4.17073 -2.5
      vertex 0.58 4.2 -2.5
    endloop
  endfacet
  facet normal 0 0 1
    outer loop
      vertex 0.573881 4.25821 -2.5
      vertex 0.578465 4.17073 -2.5
      vertex 0.578465 4.22927 -2.5
    endloop
  endfacet
  facet normal 0 0 1
    outer loop
      vertex 0.573881 4.25821 -2.5
      vertex 0.573881 4.14178 -2.5
      vertex 0.578465 4.17073 -2.5
    endloop
  endfacet
  facet normal 0 0 1
    outer loop
      vertex 0.566296 4.28652 -2.5
      vertex 0.573881 4.14178 -2.5
      vertex 0.573881 4.25821 -2.5
    endloop
  endfacet
  facet normal 0 0 1
    outer loop
      vertex 0.566296 4.28652 -2.5
      vertex 0.566296 4.11347 -2.5
      vertex 0.573881 4.14178 -2.5
    endloop
  endfacet
  facet normal 0 0 1
    outer loop
      vertex 0.555792 4.31389 -2.5
      vertex 0.566296 4.11347 -2.5
      vertex 0.566296 4.28652 -2.5
    endloop
  endfacet
  facet normal 0 0 1
    outer loop
      vertex 0.555792 4.31389 -2.5
      vertex 0.555792 4.08611 -2.5
      vertex 0.566296 4.11347 -2.5
    endloop
  endfacet
  facet normal 0 0 1
    outer loop
      vertex 0.542486 4.34 -2.5
      vertex 0.555792 4.08611 -2.5
      vertex 0.555792 4.31389 -2.5
    endloop
  endfacet
  facet normal 0 0 1
    outer loop
      vertex 0.542486 4.34 -2.5
      vertex 0.542486 4.06 -2.5
      vertex 0.555792 4.08611 -2.5
    endloop
  endfacet
  facet normal 0 0 1
    outer loop
      vertex 0.526525 4.36458 -2.5
      vertex 0.542486 4.06 -2.5
      vertex 0.542486 4.34 -2.5
    endloop
  endfacet
  facet normal 0 0 1
    outer loop
      vertex 0.526525 4.36458 -2.5
      vertex 0.526525 4.03542 -2.5
      vertex 0.542486 4.06 -2.5
    endloop
  endfacet
  facet normal 0 0 1
    outer loop
      vertex 0.50808 4.38736 -2.5
      vertex 0.526525 4.03542 -2.5
      vertex 0.526525 4.36458 -2.5
    endloop
  endfacet
  facet normal 0 0 1
    outer loop
      vertex 0.50808 4.38736 -2.5
      vertex 0.50808 4.01264 -2.5
      vertex 0.526525 4.03542 -2.5
    endloop
  endfacet
  facet normal 0 0 1
    outer loop
      vertex 0.487356 4.40808 -2.5
      vertex 0.50808 4.01264 -2.5
      vertex 0.50808 4.38736 -2.5
    endloop
  endfacet
  facet normal 0 0 1
    outer loop
      vertex 0.487356 4.40808 -2.5
      vertex 0.487356 3.99192 -2.5
      vertex 0.50808 4.01264 -2.5
    endloop
  endfacet
  facet normal 0 0 1
    outer loop
      vertex 0.46458 4.42652 -2.5
      vertex 0.487356 3.99192 -2.5
      vertex 0.487356 4.40808 -2.5
    endloop
  endfacet
  facet normal 0 0 1
    outer loop
      vertex 0.46458 4.42652 -2.5
      vertex 0.46458 3.97347 -2.5
      vertex 0.487356 3.99192 -2.5
    endloop
  endfacet
  facet normal 0 0 1
    outer loop
      vertex 0.44 4.44249 -2.5
      vertex 0.46458 3.97347 -2.5
      vertex 0.46458 4.42652 -2.5
    endloop
  endfacet
  facet normal 0 0 1
    outer loop
      vertex 0.44 4.44249 -2.5
      vertex 0.44 3.95751 -2.5
      vertex 0.46458 3.97347 -2.5
    endloop
  endfacet
  facet normal 0 0 1
    outer loop
      vertex 0.413886 4.45579 -2.5
      vertex 0.44 3.95751 -2.5
      vertex 0.44 4.44249 -2.5
    endloop
  endfacet
  facet normal 0 0 1
    outer loop
      vertex 0.413886 4.45579 -2.5
      vertex 0.413886 3.94421 -2.5
      vertex 0.44 3.95751 -2.5
    endloop
  endfacet
  facet normal 0 0 1
    outer loop
      vertex 0.386524 4.4663 -2.5
      vertex 0.413886 3.94421 -2.5
      vertex 0.413886 4.45579 -2.5
    endloop
  endfacet
  facet normal 0 0 1
    outer loop
      vertex 0.386524 4.4663 -2.5
      vertex 0.386524 3.9337 -2.5
      vertex 0.413886 3.94421 -2.5
    endloop
  endfacet
  facet normal 0 0 1
    outer loop
      vertex 0.358214 4.47388 -2.5
      vertex 0.386524 3.9337 -2.5
      vertex 0.386524 4.4663 -2.5
    endloop
  endfacet
  facet normal 0 0 1
    outer loop
      vertex 0.358214 4.47388 -2.5
      vertex 0.358214 3.92612 -2.5
      vertex 0.386524 3.9337 -2.5
    endloop
  endfacet
  facet normal 0 0 1
    outer loop
      vertex 0.329268 4.47847 -2.5
      vertex 0.358214 3.92612 -2.5
      vertex 0.358214 4.47388 -2.5
    endloop
  endfacet
  facet normal 0 0 1
    outer loop
      vertex 0.329268 4.47847 -2.5
      vertex 0.329268 3.92153 -2.5
      vertex 0.358214 3.92612 -2.5
    endloop
  endfacet
  facet normal 0 0 1
    outer loop
      vertex 0.299999 4.48 -2.5
      vertex 0.329268 3.92153 -2.5
      vertex 0.329268 4.47847 -2.5
    endloop
  endfacet
  facet normal 0 0 1
    outer loop
      vertex 0.299999 4.48 -2.5
      vertex 0.299999 3.92 -2.5
      vertex 0.329268 3.92153 -2.5
    endloop
  endfacet
  facet normal -0 0 1
    outer loop
      vertex 0.270732 4.47847 -2.5
      vertex 0.299999 3.92 -2.5
      vertex 0.299999 4.48 -2.5
    endloop
  endfacet
  facet normal 0 0 1
    outer loop
      vertex 0.270732 4.47847 -2.5
      vertex 0.270732 3.92153 -2.5
      vertex 0.299999 3.92 -2.5
    endloop
  endfacet
  facet normal -0 0 1
    outer loop
      vertex 0.241784 4.47388 -2.5
      vertex 0.270732 3.92153 -2.5
      vertex 0.270732 4.47847 -2.5
    endloop
  endfacet
  facet normal 0 0 1
    outer loop
      vertex 0.241784 4.47388 -2.5
      vertex 0.241784 3.92612 -2.5
      vertex 0.270732 3.92153 -2.5
    endloop
  endfacet
  facet normal -0 0 1
    outer loop
      vertex 0.213475 4.4663 -2.5
      vertex 0.241784 3.92612 -2.5
      vertex 0.241784 4.47388 -2.5
    endloop
  endfacet
  facet normal 0 0 1
    outer loop
      vertex 0.213475 4.4663 -2.5
      vertex 0.213475 3.9337 -2.5
      vertex 0.241784 3.92612 -2.5
    endloop
  endfacet
  facet normal -0 0 1
    outer loop
      vertex 0.186113 4.45579 -2.5
      vertex 0.213475 3.9337 -2.5
      vertex 0.213475 4.4663 -2.5
    endloop
  endfacet
  facet normal 0 0 1
    outer loop
      vertex 0.186113 4.45579 -2.5
      vertex 0.186113 3.94421 -2.5
      vertex 0.213475 3.9337 -2.5
    endloop
  endfacet
  facet normal -0 0 1
    outer loop
      vertex 0.16 4.44249 -2.5
      vertex 0.186113 3.94421 -2.5
      vertex 0.186113 4.45579 -2.5
    endloop
  endfacet
  facet normal 0 0 1
    outer loop
      vertex 0.16 4.44249 -2.5
      vertex 0.16 3.95751 -2.5
      vertex 0.186113 3.94421 -2.5
    endloop
  endfacet
  facet normal -0 0 1
    outer loop
      vertex 0.13542 4.42652 -2.5
      vertex 0.16 3.95751 -2.5
      vertex 0.16 4.44249 -2.5
    endloop
  endfacet
  facet normal 0 0 1
    outer loop
      vertex 0.13542 4.42652 -2.5
      vertex 0.13542 3.97347 -2.5
      vertex 0.16 3.95751 -2.5
    endloop
  endfacet
  facet normal -0 0 1
    outer loop
      vertex 0.112643 4.40808 -2.5
      vertex 0.13542 3.97347 -2.5
      vertex 0.13542 4.42652 -2.5
    endloop
  endfacet
  facet normal 0 0 1
    outer loop
      vertex 0.112643 4.40808 -2.5
      vertex 0.112643 3.99192 -2.5
      vertex 0.13542 3.97347 -2.5
    endloop
  endfacet
  facet normal -0 0 1
    outer loop
      vertex 0.0919189 4.38736 -2.5
      vertex 0.112643 3.99192 -2.5
      vertex 0.112643 4.40808 -2.5
    endloop
  endfacet
  facet normal 0 0 1
    outer loop
      vertex 0.0919189 4.38736 -2.5
      vertex 0.0919189 4.01264 -2.5
      vertex 0.112643 3.99192 -2.5
    endloop
  endfacet
  facet normal -0 0 1
    outer loop
      vertex 0.0734749 4.36458 -2.5
      vertex 0.0919189 4.01264 -2.5
      vertex 0.0919189 4.38736 -2.5
    endloop
  endfacet
  facet normal 0 0 1
    outer loop
      vertex 0.0734749 4.36458 -2.5
      vertex 0.0734749 4.03542 -2.5
      vertex 0.0919189 4.01264 -2.5
    endloop
  endfacet
  facet normal -0 0 1
    outer loop
      vertex 0.0575123 4.34 -2.5
      vertex 0.0734749 4.03542 -2.5
      vertex 0.0734749 4.36458 -2.5
    endloop
  endfacet
  facet normal 0 0 1
    outer loop
      vertex 0.0575123 4.34 -2.5
      vertex 0.0575123 4.06 -2.5
      vertex 0.0734749 4.03542 -2.5
    endloop
  endfacet
  facet normal -0 0 1
    outer loop
      vertex 0.0442066 4.31389 -2.5
      vertex 0.0575123 4.06 -2.5
      vertex 0.0575123 4.34 -2.5
    endloop
  endfacet
  facet normal 0 0 1
    outer loop
      vertex 0.0442066 4.31389 -2.5
      vertex 0.0442066 4.08611 -2.5
      vertex 0.0575123 4.06 -2.5
    endloop
  endfacet
  facet normal -0 0 1
    outer loop
      vertex 0.0337038 4.28652 -2.5
      vertex 0.0442066 4.08611 -2.5
      vertex 0.0442066 4.31389 -2.5
    endloop
  endfacet
  facet normal 0 0 1
    outer loop
      vertex 0.0337038 4.28652 -2.5
      vertex 0.0337038 4.11347 -2.5
      vertex 0.0442066 4.08611 -2.5
    endloop
  endfacet
  facet normal -0 0 1
    outer loop
      vertex 0.0261183 4.25821 -2.5
      vertex 0.0337038 4.11347 -2.5
      vertex 0.0337038 4.28652 -2.5
    endloop
  endfacet
  facet normal 0 0 1
    outer loop
      vertex 0.0261183 4.25821 -2.5
      vertex 0.0261183 4.14178 -2.5
      vertex 0.0337038 4.11347 -2.5
    endloop
  endfacet
  facet normal -0 0 1
    outer loop
      vertex 0.021533 4.22927 -2.5
      vertex 0.0261183 4.14178 -2.5
      vertex 0.0261183 4.25821 -2.5
    endloop
  endfacet
  facet normal 0 0 1
    outer loop
      vertex 0.021533 4.22927 -2.5
      vertex 0.021533 4.17073 -2.5
      vertex 0.0261183 4.14178 -2.5
    endloop
  endfacet
  facet normal 0 -0 1
    outer loop
      vertex 0.021533 4.17073 -2.5
      vertex 0.021533 4.22927 -2.5
      vertex 0.0199995 4.2 -2.5
    endloop
  endfacet
  facet normal 0.933621 -0.358262 0
    outer loop
      vertex 0.0337038 4.28652 0
      vertex 0.0442066 4.31389 -2.5
      vertex 0.0442066 4.31389 0
    endloop
  endfacet
  facet normal 0.933621 -0.358262 0
    outer loop
      vertex 0.0442066 4.31389 -2.5
      vertex 0.0337038 4.28652 0
      vertex 0.0337038 4.28652 -2.5
    endloop
  endfacet
  facet normal 0.99863 -0.0523198 0
    outer loop
      vertex 0.0199995 4.2 0
      vertex 0.021533 4.22927 -2.5
      vertex 0.021533 4.22927 0
    endloop
  endfacet
  facet normal 0.99863 -0.0523198 0
    outer loop
      vertex 0.021533 4.22927 -2.5
      vertex 0.0199995 4.2 0
      vertex 0.0199995 4.2 -2.5
    endloop
  endfacet
  facet normal 0.54482 -0.838553 0
    outer loop
      vertex 0.13542 4.42652 -2.5
      vertex 0.16 4.44249 0
      vertex 0.13542 4.42652 0
    endloop
  endfacet
  facet normal 0.54482 -0.838553 0
    outer loop
      vertex 0.16 4.44249 0
      vertex 0.13542 4.42652 -2.5
      vertex 0.16 4.44249 -2.5
    endloop
  endfacet
  facet normal -0.998628 0.0523708 0
    outer loop
      vertex 0.578465 4.17073 -2.5
      vertex 0.58 4.2 0
      vertex 0.58 4.2 -2.5
    endloop
  endfacet
  facet normal -0.998628 0.0523708 0
    outer loop
      vertex 0.58 4.2 0
      vertex 0.578465 4.17073 -2.5
      vertex 0.578465 4.17073 0
    endloop
  endfacet
  facet normal -0.707039 0.707175 0
    outer loop
      vertex 0.487356 3.99192 -2.5
      vertex 0.50808 4.01264 0
      vertex 0.50808 4.01264 -2.5
    endloop
  endfacet
  facet normal -0.707039 0.707175 0
    outer loop
      vertex 0.50808 4.01264 0
      vertex 0.487356 3.99192 -2.5
      vertex 0.487356 3.99192 0
    endloop
  endfacet
  facet normal 0.358568 0.933504 -0
    outer loop
      vertex 0.213475 3.9337 -2.5
      vertex 0.186113 3.94421 0
      vertex 0.213475 3.9337 0
    endloop
  endfacet
  facet normal 0.358568 0.933504 0
    outer loop
      vertex 0.186113 3.94421 0
      vertex 0.213475 3.9337 -2.5
      vertex 0.186113 3.94421 -2.5
    endloop
  endfacet
  facet normal 0.777194 0.629261 0
    outer loop
      vertex 0.0919189 4.01264 0
      vertex 0.0734749 4.03542 -2.5
      vertex 0.0734749 4.03542 0
    endloop
  endfacet
  facet normal 0.777194 0.629261 0
    outer loop
      vertex 0.0734749 4.03542 -2.5
      vertex 0.0919189 4.01264 0
      vertex 0.0919189 4.01264 -2.5
    endloop
  endfacet
  facet normal -0.358568 0.933504 0
    outer loop
      vertex 0.413886 3.94421 -2.5
      vertex 0.386524 3.9337 0
      vertex 0.413886 3.94421 0
    endloop
  endfacet
  facet normal -0.358568 0.933504 0
    outer loop
      vertex 0.386524 3.9337 0
      vertex 0.413886 3.94421 -2.5
      vertex 0.386524 3.9337 -2.5
    endloop
  endfacet
  facet normal -0.258639 -0.965974 0
    outer loop
      vertex 0.358214 4.47388 -2.5
      vertex 0.386524 4.4663 0
      vertex 0.358214 4.47388 0
    endloop
  endfacet
  facet normal -0.258639 -0.965974 -0
    outer loop
      vertex 0.386524 4.4663 0
      vertex 0.358214 4.47388 -2.5
      vertex 0.386524 4.4663 -2.5
    endloop
  endfacet
  facet normal 0.777194 -0.629261 0
    outer loop
      vertex 0.0734749 4.36458 0
      vertex 0.0919189 4.38736 -2.5
      vertex 0.0919189 4.38736 0
    endloop
  endfacet
  facet normal 0.777194 -0.629261 0
    outer loop
      vertex 0.0919189 4.38736 -2.5
      vertex 0.0734749 4.36458 0
      vertex 0.0734749 4.36458 -2.5
    endloop
  endfacet
  facet normal 0.965927 -0.258815 0
    outer loop
      vertex 0.0261183 4.25821 0
      vertex 0.0337038 4.28652 -2.5
      vertex 0.0337038 4.28652 0
    endloop
  endfacet
  facet normal 0.965927 -0.258815 0
    outer loop
      vertex 0.0337038 4.28652 -2.5
      vertex 0.0261183 4.25821 0
      vertex 0.0261183 4.25821 -2.5
    endloop
  endfacet
  facet normal 0.99863 0.0523198 0
    outer loop
      vertex 0.021533 4.17073 0
      vertex 0.0199995 4.2 -2.5
      vertex 0.0199995 4.2 0
    endloop
  endfacet
  facet normal 0.99863 0.0523198 0
    outer loop
      vertex 0.0199995 4.2 -2.5
      vertex 0.021533 4.17073 0
      vertex 0.021533 4.17073 -2.5
    endloop
  endfacet
  facet normal 0.629229 -0.77722 0
    outer loop
      vertex 0.112643 4.40808 -2.5
      vertex 0.13542 4.42652 0
      vertex 0.112643 4.40808 0
    endloop
  endfacet
  facet normal 0.629229 -0.77722 0
    outer loop
      vertex 0.13542 4.42652 0
      vertex 0.112643 4.40808 -2.5
      vertex 0.13542 4.42652 -2.5
    endloop
  endfacet
  facet normal 0.453849 -0.891079 0
    outer loop
      vertex 0.16 4.44249 -2.5
      vertex 0.186113 4.45579 0
      vertex 0.16 4.44249 0
    endloop
  endfacet
  facet normal 0.453849 -0.891079 0
    outer loop
      vertex 0.186113 4.45579 0
      vertex 0.16 4.44249 -2.5
      vertex 0.186113 4.45579 -2.5
    endloop
  endfacet
  facet normal 0.258648 -0.965972 0
    outer loop
      vertex 0.213475 4.4663 -2.5
      vertex 0.241784 4.47388 0
      vertex 0.213475 4.4663 0
    endloop
  endfacet
  facet normal 0.258648 -0.965972 0
    outer loop
      vertex 0.241784 4.47388 0
      vertex 0.213475 4.4663 -2.5
      vertex 0.241784 4.47388 -2.5
    endloop
  endfacet
  facet normal -0.965931 0.258799 0
    outer loop
      vertex 0.566296 4.11347 -2.5
      vertex 0.573881 4.14178 0
      vertex 0.573881 4.14178 -2.5
    endloop
  endfacet
  facet normal -0.965931 0.258799 0
    outer loop
      vertex 0.573881 4.14178 0
      vertex 0.566296 4.11347 -2.5
      vertex 0.566296 4.11347 0
    endloop
  endfacet
  facet normal -0.987695 0.156394 0
    outer loop
      vertex 0.573881 4.14178 -2.5
      vertex 0.578465 4.17073 0
      vertex 0.578465 4.17073 -2.5
    endloop
  endfacet
  facet normal -0.987695 0.156394 0
    outer loop
      vertex 0.578465 4.17073 0
      vertex 0.573881 4.14178 -2.5
      vertex 0.573881 4.14178 0
    endloop
  endfacet
  facet normal -0.777177 0.629282 0
    outer loop
      vertex 0.50808 4.01264 -2.5
      vertex 0.526525 4.03542 0
      vertex 0.526525 4.03542 -2.5
    endloop
  endfacet
  facet normal -0.777177 0.629282 0
    outer loop
      vertex 0.526525 4.03542 0
      vertex 0.50808 4.01264 -2.5
      vertex 0.50808 4.01264 0
    endloop
  endfacet
  facet normal -0.629451 0.77704 0
    outer loop
      vertex 0.487356 3.99192 -2.5
      vertex 0.46458 3.97347 0
      vertex 0.487356 3.99192 0
    endloop
  endfacet
  facet normal -0.629451 0.77704 0
    outer loop
      vertex 0.46458 3.97347 0
      vertex 0.487356 3.99192 -2.5
      vertex 0.46458 3.97347 -2.5
    endloop
  endfacet
  facet normal -0.890975 0.454053 0
    outer loop
      vertex 0.542486 4.06 -2.5
      vertex 0.555792 4.08611 0
      vertex 0.555792 4.08611 -2.5
    endloop
  endfacet
  facet normal -0.890975 0.454053 0
    outer loop
      vertex 0.555792 4.08611 0
      vertex 0.542486 4.06 -2.5
      vertex 0.542486 4.06 0
    endloop
  endfacet
  facet normal 0.258648 0.965972 -0
    outer loop
      vertex 0.241784 3.92612 -2.5
      vertex 0.213475 3.9337 0
      vertex 0.241784 3.92612 0
    endloop
  endfacet
  facet normal 0.258648 0.965972 0
    outer loop
      vertex 0.213475 3.9337 0
      vertex 0.241784 3.92612 -2.5
      vertex 0.213475 3.9337 -2.5
    endloop
  endfacet
  facet normal 0.629435 0.777053 -0
    outer loop
      vertex 0.13542 3.97347 -2.5
      vertex 0.112643 3.99192 0
      vertex 0.13542 3.97347 0
    endloop
  endfacet
  facet normal 0.629435 0.777053 0
    outer loop
      vertex 0.112643 3.99192 0
      vertex 0.13542 3.97347 -2.5
      vertex 0.112643 3.99192 -2.5
    endloop
  endfacet
  facet normal 0.707037 0.707177 0
    outer loop
      vertex 0.112643 3.99192 0
      vertex 0.0919189 4.01264 -2.5
      vertex 0.0919189 4.01264 0
    endloop
  endfacet
  facet normal 0.707037 0.707177 0
    outer loop
      vertex 0.0919189 4.01264 -2.5
      vertex 0.112643 3.99192 0
      vertex 0.112643 3.99192 -2.5
    endloop
  endfacet
  facet normal 0.890979 0.454044 0
    outer loop
      vertex 0.0575123 4.06 0
      vertex 0.0442066 4.08611 -2.5
      vertex 0.0442066 4.08611 0
    endloop
  endfacet
  facet normal 0.890979 0.454044 0
    outer loop
      vertex 0.0442066 4.08611 -2.5
      vertex 0.0575123 4.06 0
      vertex 0.0575123 4.06 -2.5
    endloop
  endfacet
  facet normal 0.933577 0.358376 0
    outer loop
      vertex 0.0442066 4.08611 0
      vertex 0.0337038 4.11347 -2.5
      vertex 0.0337038 4.11347 0
    endloop
  endfacet
  facet normal 0.933577 0.358376 0
    outer loop
      vertex 0.0337038 4.11347 -2.5
      vertex 0.0442066 4.08611 0
      vertex 0.0442066 4.08611 -2.5
    endloop
  endfacet
  facet normal 0.987688 0.156437 0
    outer loop
      vertex 0.0261183 4.14178 0
      vertex 0.021533 4.17073 -2.5
      vertex 0.021533 4.17073 0
    endloop
  endfacet
  facet normal 0.987688 0.156437 0
    outer loop
      vertex 0.021533 4.17073 -2.5
      vertex 0.0261183 4.14178 0
      vertex 0.0261183 4.14178 -2.5
    endloop
  endfacet
  facet normal -0.258639 0.965974 0
    outer loop
      vertex 0.386524 3.9337 -2.5
      vertex 0.358214 3.92612 0
      vertex 0.386524 3.9337 0
    endloop
  endfacet
  facet normal -0.258639 0.965974 0
    outer loop
      vertex 0.358214 3.92612 0
      vertex 0.386524 3.9337 -2.5
      vertex 0.358214 3.92612 -2.5
    endloop
  endfacet
  facet normal -0.838693 0.544605 0
    outer loop
      vertex 0.526525 4.03542 -2.5
      vertex 0.542486 4.06 0
      vertex 0.542486 4.06 -2.5
    endloop
  endfacet
  facet normal -0.838693 0.544605 0
    outer loop
      vertex 0.542486 4.06 0
      vertex 0.526525 4.03542 -2.5
      vertex 0.526525 4.03542 0
    endloop
  endfacet
  facet normal -0.453835 0.891086 0
    outer loop
      vertex 0.44 3.95751 -2.5
      vertex 0.413886 3.94421 0
      vertex 0.44 3.95751 0
    endloop
  endfacet
  facet normal -0.453835 0.891086 0
    outer loop
      vertex 0.413886 3.94421 0
      vertex 0.44 3.95751 -2.5
      vertex 0.413886 3.94421 -2.5
    endloop
  endfacet
  facet normal -0.933564 0.358412 0
    outer loop
      vertex 0.555792 4.08611 -2.5
      vertex 0.566296 4.11347 0
      vertex 0.566296 4.11347 -2.5
    endloop
  endfacet
  facet normal -0.933564 0.358412 0
    outer loop
      vertex 0.566296 4.11347 0
      vertex 0.555792 4.08611 -2.5
      vertex 0.555792 4.08611 0
    endloop
  endfacet
  facet normal 0.453849 0.891079 -0
    outer loop
      vertex 0.186113 3.94421 -2.5
      vertex 0.16 3.95751 0
      vertex 0.186113 3.94421 0
    endloop
  endfacet
  facet normal 0.453849 0.891079 0
    outer loop
      vertex 0.16 3.95751 0
      vertex 0.186113 3.94421 -2.5
      vertex 0.16 3.95751 -2.5
    endloop
  endfacet
  facet normal 0.838668 0.544643 0
    outer loop
      vertex 0.0734749 4.03542 0
      vertex 0.0575123 4.06 -2.5
      vertex 0.0575123 4.06 0
    endloop
  endfacet
  facet normal 0.838668 0.544643 0
    outer loop
      vertex 0.0575123 4.06 -2.5
      vertex 0.0734749 4.03542 0
      vertex 0.0734749 4.03542 -2.5
    endloop
  endfacet
  facet normal 0.965927 0.258815 0
    outer loop
      vertex 0.0337038 4.11347 0
      vertex 0.0261183 4.14178 -2.5
      vertex 0.0261183 4.14178 0
    endloop
  endfacet
  facet normal 0.965927 0.258815 0
    outer loop
      vertex 0.0261183 4.14178 -2.5
      vertex 0.0337038 4.11347 0
      vertex 0.0337038 4.11347 -2.5
    endloop
  endfacet
  facet normal -0.544581 0.838709 0
    outer loop
      vertex 0.46458 3.97347 -2.5
      vertex 0.44 3.95751 0
      vertex 0.46458 3.97347 0
    endloop
  endfacet
  facet normal -0.544581 0.838709 0
    outer loop
      vertex 0.44 3.95751 0
      vertex 0.46458 3.97347 -2.5
      vertex 0.44 3.95751 -2.5
    endloop
  endfacet
  facet normal 0.156604 0.987662 -0
    outer loop
      vertex 0.270732 3.92153 -2.5
      vertex 0.241784 3.92612 0
      vertex 0.270732 3.92153 0
    endloop
  endfacet
  facet normal 0.156604 0.987662 0
    outer loop
      vertex 0.241784 3.92612 0
      vertex 0.270732 3.92153 -2.5
      vertex 0.241784 3.92612 -2.5
    endloop
  endfacet
  facet normal 0.052206 0.998636 -0
    outer loop
      vertex 0.299999 3.92 -2.5
      vertex 0.270732 3.92153 0
      vertex 0.299999 3.92 0
    endloop
  endfacet
  facet normal 0.052206 0.998636 0
    outer loop
      vertex 0.270732 3.92153 0
      vertex 0.299999 3.92 -2.5
      vertex 0.270732 3.92153 -2.5
    endloop
  endfacet
  facet normal 0.544581 0.838709 -0
    outer loop
      vertex 0.16 3.95751 -2.5
      vertex 0.13542 3.97347 0
      vertex 0.16 3.95751 0
    endloop
  endfacet
  facet normal 0.544581 0.838709 0
    outer loop
      vertex 0.13542 3.97347 0
      vertex 0.16 3.95751 -2.5
      vertex 0.13542 3.97347 -2.5
    endloop
  endfacet
  facet normal -0.99863 -0.0523198 0
    outer loop
      vertex -0.0199995 4.2 -2.5
      vertex -0.021533 4.22927 0
      vertex -0.021533 4.22927 -2.5
    endloop
  endfacet
  facet normal -0.99863 -0.0523198 0
    outer loop
      vertex -0.021533 4.22927 0
      vertex -0.0199995 4.2 -2.5
      vertex -0.0199995 4.2 0
    endloop
  endfacet
  facet normal 0.998628 -0.0523708 0
    outer loop
      vertex -0.58 4.2 0
      vertex -0.578465 4.22927 -2.5
      vertex -0.578465 4.22927 0
    endloop
  endfacet
  facet normal 0.998628 -0.0523708 0
    outer loop
      vertex -0.578465 4.22927 -2.5
      vertex -0.58 4.2 0
      vertex -0.58 4.2 -2.5
    endloop
  endfacet
  facet normal 0.0522025 -0.998637 0
    outer loop
      vertex -0.329268 4.47847 -2.5
      vertex -0.299999 4.48 0
      vertex -0.329268 4.47847 0
    endloop
  endfacet
  facet normal 0.0522025 -0.998637 0
    outer loop
      vertex -0.299999 4.48 0
      vertex -0.329268 4.47847 -2.5
      vertex -0.299999 4.48 -2.5
    endloop
  endfacet
  facet normal -0.707037 -0.707177 0
    outer loop
      vertex -0.0919189 4.38736 -2.5
      vertex -0.112643 4.40808 0
      vertex -0.112643 4.40808 -2.5
    endloop
  endfacet
  facet normal -0.707037 -0.707177 0
    outer loop
      vertex -0.112643 4.40808 0
      vertex -0.0919189 4.38736 -2.5
      vertex -0.0919189 4.38736 0
    endloop
  endfacet
  facet normal 0.707039 -0.707175 0
    outer loop
      vertex -0.50808 4.38736 0
      vertex -0.487356 4.40808 -2.5
      vertex -0.487356 4.40808 0
    endloop
  endfacet
  facet normal 0.707039 -0.707175 0
    outer loop
      vertex -0.487356 4.40808 -2.5
      vertex -0.50808 4.38736 0
      vertex -0.50808 4.38736 -2.5
    endloop
  endfacet
  facet normal 0.358568 -0.933504 0
    outer loop
      vertex -0.413886 4.45579 -2.5
      vertex -0.386524 4.4663 0
      vertex -0.413886 4.45579 0
    endloop
  endfacet
  facet normal 0.358568 -0.933504 0
    outer loop
      vertex -0.386524 4.4663 0
      vertex -0.413886 4.45579 -2.5
      vertex -0.386524 4.4663 -2.5
    endloop
  endfacet
  facet normal 0.838693 0.544605 0
    outer loop
      vertex -0.526525 4.03542 0
      vertex -0.542486 4.06 -2.5
      vertex -0.542486 4.06 0
    endloop
  endfacet
  facet normal 0.838693 0.544605 0
    outer loop
      vertex -0.542486 4.06 -2.5
      vertex -0.526525 4.03542 0
      vertex -0.526525 4.03542 -2.5
    endloop
  endfacet
  facet normal -0.965927 -0.258815 0
    outer loop
      vertex -0.0261183 4.25821 -2.5
      vertex -0.0337038 4.28652 0
      vertex -0.0337038 4.28652 -2.5
    endloop
  endfacet
  facet normal -0.965927 -0.258815 0
    outer loop
      vertex -0.0337038 4.28652 0
      vertex -0.0261183 4.25821 -2.5
      vertex -0.0261183 4.25821 0
    endloop
  endfacet
  facet normal -0.98768 -0.15649 0
    outer loop
      vertex -0.021533 4.22927 -2.5
      vertex -0.0261183 4.25821 0
      vertex -0.0261183 4.25821 -2.5
    endloop
  endfacet
  facet normal -0.98768 -0.15649 0
    outer loop
      vertex -0.0261183 4.25821 0
      vertex -0.021533 4.22927 -2.5
      vertex -0.021533 4.22927 0
    endloop
  endfacet
  facet normal -0.358568 -0.933504 0
    outer loop
      vertex -0.213475 4.4663 -2.5
      vertex -0.186113 4.45579 0
      vertex -0.213475 4.4663 0
    endloop
  endfacet
  facet normal -0.358568 -0.933504 -0
    outer loop
      vertex -0.186113 4.45579 0
      vertex -0.213475 4.4663 -2.5
      vertex -0.186113 4.45579 -2.5
    endloop
  endfacet
  facet normal 0.890975 -0.454053 0
    outer loop
      vertex -0.555792 4.31389 0
      vertex -0.542486 4.34 -2.5
      vertex -0.542486 4.34 0
    endloop
  endfacet
  facet normal 0.890975 -0.454053 0
    outer loop
      vertex -0.542486 4.34 -2.5
      vertex -0.555792 4.31389 0
      vertex -0.555792 4.31389 -2.5
    endloop
  endfacet
  facet normal 0.838693 -0.544605 0
    outer loop
      vertex -0.542486 4.34 0
      vertex -0.526525 4.36458 -2.5
      vertex -0.526525 4.36458 0
    endloop
  endfacet
  facet normal 0.838693 -0.544605 0
    outer loop
      vertex -0.526525 4.36458 -2.5
      vertex -0.542486 4.34 0
      vertex -0.542486 4.34 -2.5
    endloop
  endfacet
  facet normal 0.965931 -0.258799 0
    outer loop
      vertex -0.573881 4.25821 0
      vertex -0.566296 4.28652 -2.5
      vertex -0.566296 4.28652 0
    endloop
  endfacet
  facet normal 0.965931 -0.258799 0
    outer loop
      vertex -0.566296 4.28652 -2.5
      vertex -0.573881 4.25821 0
      vertex -0.573881 4.25821 -2.5
    endloop
  endfacet
  facet normal 0.156614 -0.98766 0
    outer loop
      vertex -0.358214 4.47388 -2.5
      vertex -0.329268 4.47847 0
      vertex -0.358214 4.47388 0
    endloop
  endfacet
  facet normal 0.156614 -0.98766 0
    outer loop
      vertex -0.329268 4.47847 0
      vertex -0.358214 4.47388 -2.5
      vertex -0.329268 4.47847 -2.5
    endloop
  endfacet
  facet normal -0.890979 0.454044 0
    outer loop
      vertex -0.0575123 4.06 -2.5
      vertex -0.0442066 4.08611 0
      vertex -0.0442066 4.08611 -2.5
    endloop
  endfacet
  facet normal -0.890979 0.454044 0
    outer loop
      vertex -0.0442066 4.08611 0
      vertex -0.0575123 4.06 -2.5
      vertex -0.0575123 4.06 0
    endloop
  endfacet
  facet normal -0.258648 0.965972 0
    outer loop
      vertex -0.213475 3.9337 -2.5
      vertex -0.241784 3.92612 0
      vertex -0.213475 3.9337 0
    endloop
  endfacet
  facet normal -0.258648 0.965972 0
    outer loop
      vertex -0.241784 3.92612 0
      vertex -0.213475 3.9337 -2.5
      vertex -0.241784 3.92612 -2.5
    endloop
  endfacet
  facet normal -0.707037 0.707177 0
    outer loop
      vertex -0.112643 3.99192 -2.5
      vertex -0.0919189 4.01264 0
      vertex -0.0919189 4.01264 -2.5
    endloop
  endfacet
  facet normal -0.707037 0.707177 0
    outer loop
      vertex -0.0919189 4.01264 0
      vertex -0.112643 3.99192 -2.5
      vertex -0.112643 3.99192 0
    endloop
  endfacet
  facet normal 0.358568 0.933504 -0
    outer loop
      vertex -0.386524 3.9337 -2.5
      vertex -0.413886 3.94421 0
      vertex -0.386524 3.9337 0
    endloop
  endfacet
  facet normal 0.358568 0.933504 0
    outer loop
      vertex -0.413886 3.94421 0
      vertex -0.386524 3.9337 -2.5
      vertex -0.413886 3.94421 -2.5
    endloop
  endfacet
  facet normal 0.544581 0.838709 -0
    outer loop
      vertex -0.44 3.95751 -2.5
      vertex -0.46458 3.97347 0
      vertex -0.44 3.95751 0
    endloop
  endfacet
  facet normal 0.544581 0.838709 0
    outer loop
      vertex -0.46458 3.97347 0
      vertex -0.44 3.95751 -2.5
      vertex -0.46458 3.97347 -2.5
    endloop
  endfacet
  facet normal 0 0 1
    outer loop
      vertex -0.021533 4.22927 -2.5
      vertex -0.021533 4.17073 -2.5
      vertex -0.0199995 4.2 -2.5
    endloop
  endfacet
  facet normal 0 0 1
    outer loop
      vertex -0.0261183 4.25821 -2.5
      vertex -0.021533 4.17073 -2.5
      vertex -0.021533 4.22927 -2.5
    endloop
  endfacet
  facet normal 0 0 1
    outer loop
      vertex -0.0261183 4.25821 -2.5
      vertex -0.0261183 4.14178 -2.5
      vertex -0.021533 4.17073 -2.5
    endloop
  endfacet
  facet normal 0 0 1
    outer loop
      vertex -0.0337038 4.28652 -2.5
      vertex -0.0261183 4.14178 -2.5
      vertex -0.0261183 4.25821 -2.5
    endloop
  endfacet
  facet normal 0 0 1
    outer loop
      vertex -0.0337038 4.28652 -2.5
      vertex -0.0337038 4.11347 -2.5
      vertex -0.0261183 4.14178 -2.5
    endloop
  endfacet
  facet normal 0 0 1
    outer loop
      vertex -0.0442066 4.31389 -2.5
      vertex -0.0337038 4.11347 -2.5
      vertex -0.0337038 4.28652 -2.5
    endloop
  endfacet
  facet normal 0 0 1
    outer loop
      vertex -0.0442066 4.31389 -2.5
      vertex -0.0442066 4.08611 -2.5
      vertex -0.0337038 4.11347 -2.5
    endloop
  endfacet
  facet normal 0 0 1
    outer loop
      vertex -0.0575123 4.34 -2.5
      vertex -0.0442066 4.08611 -2.5
      vertex -0.0442066 4.31389 -2.5
    endloop
  endfacet
  facet normal 0 0 1
    outer loop
      vertex -0.0575123 4.34 -2.5
      vertex -0.0575123 4.06 -2.5
      vertex -0.0442066 4.08611 -2.5
    endloop
  endfacet
  facet normal 0 0 1
    outer loop
      vertex -0.0734749 4.36458 -2.5
      vertex -0.0575123 4.06 -2.5
      vertex -0.0575123 4.34 -2.5
    endloop
  endfacet
  facet normal 0 0 1
    outer loop
      vertex -0.0734749 4.36458 -2.5
      vertex -0.0734749 4.03542 -2.5
      vertex -0.0575123 4.06 -2.5
    endloop
  endfacet
  facet normal 0 0 1
    outer loop
      vertex -0.0919189 4.38736 -2.5
      vertex -0.0734749 4.03542 -2.5
      vertex -0.0734749 4.36458 -2.5
    endloop
  endfacet
  facet normal 0 0 1
    outer loop
      vertex -0.0919189 4.38736 -2.5
      vertex -0.0919189 4.01264 -2.5
      vertex -0.0734749 4.03542 -2.5
    endloop
  endfacet
  facet normal 0 0 1
    outer loop
      vertex -0.112643 4.40808 -2.5
      vertex -0.0919189 4.01264 -2.5
      vertex -0.0919189 4.38736 -2.5
    endloop
  endfacet
  facet normal 0 0 1
    outer loop
      vertex -0.112643 4.40808 -2.5
      vertex -0.112643 3.99192 -2.5
      vertex -0.0919189 4.01264 -2.5
    endloop
  endfacet
  facet normal 0 0 1
    outer loop
      vertex -0.13542 4.42652 -2.5
      vertex -0.112643 3.99192 -2.5
      vertex -0.112643 4.40808 -2.5
    endloop
  endfacet
  facet normal 0 0 1
    outer loop
      vertex -0.13542 4.42652 -2.5
      vertex -0.13542 3.97347 -2.5
      vertex -0.112643 3.99192 -2.5
    endloop
  endfacet
  facet normal 0 0 1
    outer loop
      vertex -0.16 4.44249 -2.5
      vertex -0.13542 3.97347 -2.5
      vertex -0.13542 4.42652 -2.5
    endloop
  endfacet
  facet normal 0 0 1
    outer loop
      vertex -0.16 4.44249 -2.5
      vertex -0.16 3.95751 -2.5
      vertex -0.13542 3.97347 -2.5
    endloop
  endfacet
  facet normal 0 0 1
    outer loop
      vertex -0.186113 4.45579 -2.5
      vertex -0.16 3.95751 -2.5
      vertex -0.16 4.44249 -2.5
    endloop
  endfacet
  facet normal 0 0 1
    outer loop
      vertex -0.186113 4.45579 -2.5
      vertex -0.186113 3.94421 -2.5
      vertex -0.16 3.95751 -2.5
    endloop
  endfacet
  facet normal 0 0 1
    outer loop
      vertex -0.213475 4.4663 -2.5
      vertex -0.186113 3.94421 -2.5
      vertex -0.186113 4.45579 -2.5
    endloop
  endfacet
  facet normal 0 0 1
    outer loop
      vertex -0.213475 4.4663 -2.5
      vertex -0.213475 3.9337 -2.5
      vertex -0.186113 3.94421 -2.5
    endloop
  endfacet
  facet normal 0 0 1
    outer loop
      vertex -0.241784 4.47388 -2.5
      vertex -0.213475 3.9337 -2.5
      vertex -0.213475 4.4663 -2.5
    endloop
  endfacet
  facet normal 0 0 1
    outer loop
      vertex -0.241784 4.47388 -2.5
      vertex -0.241784 3.92612 -2.5
      vertex -0.213475 3.9337 -2.5
    endloop
  endfacet
  facet normal 0 0 1
    outer loop
      vertex -0.270732 4.47847 -2.5
      vertex -0.241784 3.92612 -2.5
      vertex -0.241784 4.47388 -2.5
    endloop
  endfacet
  facet normal 0 0 1
    outer loop
      vertex -0.270732 4.47847 -2.5
      vertex -0.270732 3.92153 -2.5
      vertex -0.241784 3.92612 -2.5
    endloop
  endfacet
  facet normal 0 0 1
    outer loop
      vertex -0.299999 4.48 -2.5
      vertex -0.270732 3.92153 -2.5
      vertex -0.270732 4.47847 -2.5
    endloop
  endfacet
  facet normal 0 0 1
    outer loop
      vertex -0.299999 4.48 -2.5
      vertex -0.299999 3.92 -2.5
      vertex -0.270732 3.92153 -2.5
    endloop
  endfacet
  facet normal -0 0 1
    outer loop
      vertex -0.329268 4.47847 -2.5
      vertex -0.299999 3.92 -2.5
      vertex -0.299999 4.48 -2.5
    endloop
  endfacet
  facet normal 0 0 1
    outer loop
      vertex -0.329268 4.47847 -2.5
      vertex -0.329268 3.92153 -2.5
      vertex -0.299999 3.92 -2.5
    endloop
  endfacet
  facet normal -0 0 1
    outer loop
      vertex -0.358214 4.47388 -2.5
      vertex -0.329268 3.92153 -2.5
      vertex -0.329268 4.47847 -2.5
    endloop
  endfacet
  facet normal 0 0 1
    outer loop
      vertex -0.358214 4.47388 -2.5
      vertex -0.358214 3.92612 -2.5
      vertex -0.329268 3.92153 -2.5
    endloop
  endfacet
  facet normal -0 0 1
    outer loop
      vertex -0.386524 4.4663 -2.5
      vertex -0.358214 3.92612 -2.5
      vertex -0.358214 4.47388 -2.5
    endloop
  endfacet
  facet normal 0 0 1
    outer loop
      vertex -0.386524 4.4663 -2.5
      vertex -0.386524 3.9337 -2.5
      vertex -0.358214 3.92612 -2.5
    endloop
  endfacet
  facet normal -0 0 1
    outer loop
      vertex -0.413886 4.45579 -2.5
      vertex -0.386524 3.9337 -2.5
      vertex -0.386524 4.4663 -2.5
    endloop
  endfacet
  facet normal 0 0 1
    outer loop
      vertex -0.413886 4.45579 -2.5
      vertex -0.413886 3.94421 -2.5
      vertex -0.386524 3.9337 -2.5
    endloop
  endfacet
  facet normal -0 0 1
    outer loop
      vertex -0.44 4.44249 -2.5
      vertex -0.413886 3.94421 -2.5
      vertex -0.413886 4.45579 -2.5
    endloop
  endfacet
  facet normal 0 0 1
    outer loop
      vertex -0.44 4.44249 -2.5
      vertex -0.44 3.95751 -2.5
      vertex -0.413886 3.94421 -2.5
    endloop
  endfacet
  facet normal -0 0 1
    outer loop
      vertex -0.46458 4.42652 -2.5
      vertex -0.44 3.95751 -2.5
      vertex -0.44 4.44249 -2.5
    endloop
  endfacet
  facet normal 0 0 1
    outer loop
      vertex -0.46458 4.42652 -2.5
      vertex -0.46458 3.97347 -2.5
      vertex -0.44 3.95751 -2.5
    endloop
  endfacet
  facet normal -0 0 1
    outer loop
      vertex -0.487356 4.40808 -2.5
      vertex -0.46458 3.97347 -2.5
      vertex -0.46458 4.42652 -2.5
    endloop
  endfacet
  facet normal 0 0 1
    outer loop
      vertex -0.487356 4.40808 -2.5
      vertex -0.487356 3.99192 -2.5
      vertex -0.46458 3.97347 -2.5
    endloop
  endfacet
  facet normal -0 0 1
    outer loop
      vertex -0.50808 4.38736 -2.5
      vertex -0.487356 3.99192 -2.5
      vertex -0.487356 4.40808 -2.5
    endloop
  endfacet
  facet normal 0 0 1
    outer loop
      vertex -0.50808 4.38736 -2.5
      vertex -0.50808 4.01264 -2.5
      vertex -0.487356 3.99192 -2.5
    endloop
  endfacet
  facet normal -0 0 1
    outer loop
      vertex -0.526525 4.36458 -2.5
      vertex -0.50808 4.01264 -2.5
      vertex -0.50808 4.38736 -2.5
    endloop
  endfacet
  facet normal 0 0 1
    outer loop
      vertex -0.526525 4.36458 -2.5
      vertex -0.526525 4.03542 -2.5
      vertex -0.50808 4.01264 -2.5
    endloop
  endfacet
  facet normal -0 0 1
    outer loop
      vertex -0.542486 4.34 -2.5
      vertex -0.526525 4.03542 -2.5
      vertex -0.526525 4.36458 -2.5
    endloop
  endfacet
  facet normal 0 0 1
    outer loop
      vertex -0.542486 4.34 -2.5
      vertex -0.542486 4.06 -2.5
      vertex -0.526525 4.03542 -2.5
    endloop
  endfacet
  facet normal -0 0 1
    outer loop
      vertex -0.555792 4.31389 -2.5
      vertex -0.542486 4.06 -2.5
      vertex -0.542486 4.34 -2.5
    endloop
  endfacet
  facet normal 0 0 1
    outer loop
      vertex -0.555792 4.31389 -2.5
      vertex -0.555792 4.08611 -2.5
      vertex -0.542486 4.06 -2.5
    endloop
  endfacet
  facet normal -0 0 1
    outer loop
      vertex -0.566296 4.28652 -2.5
      vertex -0.555792 4.08611 -2.5
      vertex -0.555792 4.31389 -2.5
    endloop
  endfacet
  facet normal 0 0 1
    outer loop
      vertex -0.566296 4.28652 -2.5
      vertex -0.566296 4.11347 -2.5
      vertex -0.555792 4.08611 -2.5
    endloop
  endfacet
  facet normal -0 0 1
    outer loop
      vertex -0.573881 4.25821 -2.5
      vertex -0.566296 4.11347 -2.5
      vertex -0.566296 4.28652 -2.5
    endloop
  endfacet
  facet normal 0 0 1
    outer loop
      vertex -0.573881 4.25821 -2.5
      vertex -0.573881 4.14178 -2.5
      vertex -0.566296 4.11347 -2.5
    endloop
  endfacet
  facet normal -0 0 1
    outer loop
      vertex -0.578465 4.22927 -2.5
      vertex -0.573881 4.14178 -2.5
      vertex -0.573881 4.25821 -2.5
    endloop
  endfacet
  facet normal 0 0 1
    outer loop
      vertex -0.578465 4.22927 -2.5
      vertex -0.578465 4.17073 -2.5
      vertex -0.573881 4.14178 -2.5
    endloop
  endfacet
  facet normal 0 -0 1
    outer loop
      vertex -0.578465 4.17073 -2.5
      vertex -0.578465 4.22927 -2.5
      vertex -0.58 4.2 -2.5
    endloop
  endfacet
  facet normal -0.933621 -0.358262 0
    outer loop
      vertex -0.0337038 4.28652 -2.5
      vertex -0.0442066 4.31389 0
      vertex -0.0442066 4.31389 -2.5
    endloop
  endfacet
  facet normal -0.933621 -0.358262 0
    outer loop
      vertex -0.0442066 4.31389 0
      vertex -0.0337038 4.28652 -2.5
      vertex -0.0337038 4.28652 0
    endloop
  endfacet
  facet normal -0.890979 -0.454044 0
    outer loop
      vertex -0.0442066 4.31389 -2.5
      vertex -0.0575123 4.34 0
      vertex -0.0575123 4.34 -2.5
    endloop
  endfacet
  facet normal -0.890979 -0.454044 0
    outer loop
      vertex -0.0575123 4.34 0
      vertex -0.0442066 4.31389 -2.5
      vertex -0.0442066 4.31389 0
    endloop
  endfacet
  facet normal -0.838668 -0.544643 0
    outer loop
      vertex -0.0575123 4.34 -2.5
      vertex -0.0734749 4.36458 0
      vertex -0.0734749 4.36458 -2.5
    endloop
  endfacet
  facet normal -0.838668 -0.544643 0
    outer loop
      vertex -0.0734749 4.36458 0
      vertex -0.0575123 4.34 -2.5
      vertex -0.0575123 4.34 0
    endloop
  endfacet
  facet normal -0.156604 -0.987662 0
    outer loop
      vertex -0.270732 4.47847 -2.5
      vertex -0.241784 4.47388 0
      vertex -0.270732 4.47847 0
    endloop
  endfacet
  facet normal -0.156604 -0.987662 -0
    outer loop
      vertex -0.241784 4.47388 0
      vertex -0.270732 4.47847 -2.5
      vertex -0.241784 4.47388 -2.5
    endloop
  endfacet
  facet normal -0.629229 -0.77722 0
    outer loop
      vertex -0.13542 4.42652 -2.5
      vertex -0.112643 4.40808 0
      vertex -0.13542 4.42652 0
    endloop
  endfacet
  facet normal -0.629229 -0.77722 -0
    outer loop
      vertex -0.112643 4.40808 0
      vertex -0.13542 4.42652 -2.5
      vertex -0.112643 4.40808 -2.5
    endloop
  endfacet
  facet normal -0.54482 -0.838553 0
    outer loop
      vertex -0.16 4.44249 -2.5
      vertex -0.13542 4.42652 0
      vertex -0.16 4.44249 0
    endloop
  endfacet
  facet normal -0.54482 -0.838553 -0
    outer loop
      vertex -0.13542 4.42652 0
      vertex -0.16 4.44249 -2.5
      vertex -0.13542 4.42652 -2.5
    endloop
  endfacet
  facet normal 0.933607 -0.358298 0
    outer loop
      vertex -0.566296 4.28652 0
      vertex -0.555792 4.31389 -2.5
      vertex -0.555792 4.31389 0
    endloop
  endfacet
  facet normal 0.933607 -0.358298 0
    outer loop
      vertex -0.555792 4.31389 -2.5
      vertex -0.566296 4.28652 0
      vertex -0.566296 4.28652 -2.5
    endloop
  endfacet
  facet normal 0.54482 -0.838553 0
    outer loop
      vertex -0.46458 4.42652 -2.5
      vertex -0.44 4.44249 0
      vertex -0.46458 4.42652 0
    endloop
  endfacet
  facet normal 0.54482 -0.838553 0
    outer loop
      vertex -0.44 4.44249 0
      vertex -0.46458 4.42652 -2.5
      vertex -0.44 4.44249 -2.5
    endloop
  endfacet
  facet normal 0.258639 -0.965974 0
    outer loop
      vertex -0.386524 4.4663 -2.5
      vertex -0.358214 4.47388 0
      vertex -0.386524 4.4663 0
    endloop
  endfacet
  facet normal 0.258639 -0.965974 0
    outer loop
      vertex -0.358214 4.47388 0
      vertex -0.386524 4.4663 -2.5
      vertex -0.358214 4.47388 -2.5
    endloop
  endfacet
  facet normal -0.052206 0.998636 0
    outer loop
      vertex -0.270732 3.92153 -2.5
      vertex -0.299999 3.92 0
      vertex -0.270732 3.92153 0
    endloop
  endfacet
  facet normal -0.052206 0.998636 0
    outer loop
      vertex -0.299999 3.92 0
      vertex -0.270732 3.92153 -2.5
      vertex -0.299999 3.92 -2.5
    endloop
  endfacet
  facet normal -0.156604 0.987662 0
    outer loop
      vertex -0.241784 3.92612 -2.5
      vertex -0.270732 3.92153 0
      vertex -0.241784 3.92612 0
    endloop
  endfacet
  facet normal -0.156604 0.987662 0
    outer loop
      vertex -0.270732 3.92153 0
      vertex -0.241784 3.92612 -2.5
      vertex -0.270732 3.92153 -2.5
    endloop
  endfacet
  facet normal -0.453849 0.891079 0
    outer loop
      vertex -0.16 3.95751 -2.5
      vertex -0.186113 3.94421 0
      vertex -0.16 3.95751 0
    endloop
  endfacet
  facet normal -0.453849 0.891079 0
    outer loop
      vertex -0.186113 3.94421 0
      vertex -0.16 3.95751 -2.5
      vertex -0.186113 3.94421 -2.5
    endloop
  endfacet
  facet normal -0.629435 0.777053 0
    outer loop
      vertex -0.112643 3.99192 -2.5
      vertex -0.13542 3.97347 0
      vertex -0.112643 3.99192 0
    endloop
  endfacet
  facet normal -0.629435 0.777053 0
    outer loop
      vertex -0.13542 3.97347 0
      vertex -0.112643 3.99192 -2.5
      vertex -0.13542 3.97347 -2.5
    endloop
  endfacet
  facet normal -0.544581 0.838709 0
    outer loop
      vertex -0.13542 3.97347 -2.5
      vertex -0.16 3.95751 0
      vertex -0.13542 3.97347 0
    endloop
  endfacet
  facet normal -0.544581 0.838709 0
    outer loop
      vertex -0.16 3.95751 0
      vertex -0.13542 3.97347 -2.5
      vertex -0.16 3.95751 -2.5
    endloop
  endfacet
  facet normal -0.777194 0.629261 0
    outer loop
      vertex -0.0919189 4.01264 -2.5
      vertex -0.0734749 4.03542 0
      vertex -0.0734749 4.03542 -2.5
    endloop
  endfacet
  facet normal -0.777194 0.629261 0
    outer loop
      vertex -0.0734749 4.03542 0
      vertex -0.0919189 4.01264 -2.5
      vertex -0.0919189 4.01264 0
    endloop
  endfacet
  facet normal -0.838668 0.544643 0
    outer loop
      vertex -0.0734749 4.03542 -2.5
      vertex -0.0575123 4.06 0
      vertex -0.0575123 4.06 -2.5
    endloop
  endfacet
  facet normal -0.838668 0.544643 0
    outer loop
      vertex -0.0575123 4.06 0
      vertex -0.0734749 4.03542 -2.5
      vertex -0.0734749 4.03542 0
    endloop
  endfacet
  facet normal -0.99863 0.0523198 0
    outer loop
      vertex -0.021533 4.17073 -2.5
      vertex -0.0199995 4.2 0
      vertex -0.0199995 4.2 -2.5
    endloop
  endfacet
  facet normal -0.99863 0.0523198 0
    outer loop
      vertex -0.0199995 4.2 0
      vertex -0.021533 4.17073 -2.5
      vertex -0.021533 4.17073 0
    endloop
  endfacet
  facet normal -0.965927 0.258815 0
    outer loop
      vertex -0.0337038 4.11347 -2.5
      vertex -0.0261183 4.14178 0
      vertex -0.0261183 4.14178 -2.5
    endloop
  endfacet
  facet normal -0.965927 0.258815 0
    outer loop
      vertex -0.0261183 4.14178 0
      vertex -0.0337038 4.11347 -2.5
      vertex -0.0337038 4.11347 0
    endloop
  endfacet
  facet normal -0.987688 0.156437 0
    outer loop
      vertex -0.0261183 4.14178 -2.5
      vertex -0.021533 4.17073 0
      vertex -0.021533 4.17073 -2.5
    endloop
  endfacet
  facet normal -0.987688 0.156437 0
    outer loop
      vertex -0.021533 4.17073 0
      vertex -0.0261183 4.14178 -2.5
      vertex -0.0261183 4.14178 0
    endloop
  endfacet
  facet normal 0.156614 0.98766 -0
    outer loop
      vertex -0.329268 3.92153 -2.5
      vertex -0.358214 3.92612 0
      vertex -0.329268 3.92153 0
    endloop
  endfacet
  facet normal 0.156614 0.98766 0
    outer loop
      vertex -0.358214 3.92612 0
      vertex -0.329268 3.92153 -2.5
      vertex -0.358214 3.92612 -2.5
    endloop
  endfacet
  facet normal 0.707039 0.707175 0
    outer loop
      vertex -0.487356 3.99192 0
      vertex -0.50808 4.01264 -2.5
      vertex -0.50808 4.01264 0
    endloop
  endfacet
  facet normal 0.707039 0.707175 0
    outer loop
      vertex -0.50808 4.01264 -2.5
      vertex -0.487356 3.99192 0
      vertex -0.487356 3.99192 -2.5
    endloop
  endfacet
  facet normal 0.453835 0.891086 -0
    outer loop
      vertex -0.413886 3.94421 -2.5
      vertex -0.44 3.95751 0
      vertex -0.413886 3.94421 0
    endloop
  endfacet
  facet normal 0.453835 0.891086 0
    outer loop
      vertex -0.44 3.95751 0
      vertex -0.413886 3.94421 -2.5
      vertex -0.44 3.95751 -2.5
    endloop
  endfacet
  facet normal 0.0522025 0.998637 -0
    outer loop
      vertex -0.299999 3.92 -2.5
      vertex -0.329268 3.92153 0
      vertex -0.299999 3.92 0
    endloop
  endfacet
  facet normal 0.0522025 0.998637 0
    outer loop
      vertex -0.329268 3.92153 0
      vertex -0.299999 3.92 -2.5
      vertex -0.329268 3.92153 -2.5
    endloop
  endfacet
  facet normal 0.629451 0.77704 -0
    outer loop
      vertex -0.46458 3.97347 -2.5
      vertex -0.487356 3.99192 0
      vertex -0.46458 3.97347 0
    endloop
  endfacet
  facet normal 0.629451 0.77704 0
    outer loop
      vertex -0.487356 3.99192 0
      vertex -0.46458 3.97347 -2.5
      vertex -0.487356 3.99192 -2.5
    endloop
  endfacet
  facet normal 0.777177 0.629282 0
    outer loop
      vertex -0.50808 4.01264 0
      vertex -0.526525 4.03542 -2.5
      vertex -0.526525 4.03542 0
    endloop
  endfacet
  facet normal 0.777177 0.629282 0
    outer loop
      vertex -0.526525 4.03542 -2.5
      vertex -0.50808 4.01264 0
      vertex -0.50808 4.01264 -2.5
    endloop
  endfacet
  facet normal 0.933564 0.358412 0
    outer loop
      vertex -0.555792 4.08611 0
      vertex -0.566296 4.11347 -2.5
      vertex -0.566296 4.11347 0
    endloop
  endfacet
  facet normal 0.933564 0.358412 0
    outer loop
      vertex -0.566296 4.11347 -2.5
      vertex -0.555792 4.08611 0
      vertex -0.555792 4.08611 -2.5
    endloop
  endfacet
  facet normal 0.965931 0.258799 0
    outer loop
      vertex -0.566296 4.11347 0
      vertex -0.573881 4.14178 -2.5
      vertex -0.573881 4.14178 0
    endloop
  endfacet
  facet normal 0.965931 0.258799 0
    outer loop
      vertex -0.573881 4.14178 -2.5
      vertex -0.566296 4.11347 0
      vertex -0.566296 4.11347 -2.5
    endloop
  endfacet
  facet normal 0.998628 0.0523708 0
    outer loop
      vertex -0.578465 4.17073 0
      vertex -0.58 4.2 -2.5
      vertex -0.58 4.2 0
    endloop
  endfacet
  facet normal 0.998628 0.0523708 0
    outer loop
      vertex -0.58 4.2 -2.5
      vertex -0.578465 4.17073 0
      vertex -0.578465 4.17073 -2.5
    endloop
  endfacet
  facet normal -0.777194 -0.629261 0
    outer loop
      vertex -0.0734749 4.36458 -2.5
      vertex -0.0919189 4.38736 0
      vertex -0.0919189 4.38736 -2.5
    endloop
  endfacet
  facet normal -0.777194 -0.629261 0
    outer loop
      vertex -0.0919189 4.38736 0
      vertex -0.0734749 4.36458 -2.5
      vertex -0.0734749 4.36458 0
    endloop
  endfacet
  facet normal -0.052206 -0.998636 0
    outer loop
      vertex -0.299999 4.48 -2.5
      vertex -0.270732 4.47847 0
      vertex -0.299999 4.48 0
    endloop
  endfacet
  facet normal -0.052206 -0.998636 -0
    outer loop
      vertex -0.270732 4.47847 0
      vertex -0.299999 4.48 -2.5
      vertex -0.270732 4.47847 -2.5
    endloop
  endfacet
  facet normal -0.258648 -0.965972 0
    outer loop
      vertex -0.241784 4.47388 -2.5
      vertex -0.213475 4.4663 0
      vertex -0.241784 4.47388 0
    endloop
  endfacet
  facet normal -0.258648 -0.965972 -0
    outer loop
      vertex -0.213475 4.4663 0
      vertex -0.241784 4.47388 -2.5
      vertex -0.213475 4.4663 -2.5
    endloop
  endfacet
  facet normal -0.453849 -0.891079 0
    outer loop
      vertex -0.186113 4.45579 -2.5
      vertex -0.16 4.44249 0
      vertex -0.186113 4.45579 0
    endloop
  endfacet
  facet normal -0.453849 -0.891079 -0
    outer loop
      vertex -0.16 4.44249 0
      vertex -0.186113 4.45579 -2.5
      vertex -0.16 4.44249 -2.5
    endloop
  endfacet
  facet normal 0.777177 -0.629282 0
    outer loop
      vertex -0.526525 4.36458 0
      vertex -0.50808 4.38736 -2.5
      vertex -0.50808 4.38736 0
    endloop
  endfacet
  facet normal 0.777177 -0.629282 0
    outer loop
      vertex -0.50808 4.38736 -2.5
      vertex -0.526525 4.36458 0
      vertex -0.526525 4.36458 -2.5
    endloop
  endfacet
  facet normal 0.987686 -0.156446 0
    outer loop
      vertex -0.578465 4.22927 0
      vertex -0.573881 4.25821 -2.5
      vertex -0.573881 4.25821 0
    endloop
  endfacet
  facet normal 0.987686 -0.156446 0
    outer loop
      vertex -0.573881 4.25821 -2.5
      vertex -0.578465 4.22927 0
      vertex -0.578465 4.22927 -2.5
    endloop
  endfacet
  facet normal 0.629245 -0.777207 0
    outer loop
      vertex -0.487356 4.40808 -2.5
      vertex -0.46458 4.42652 0
      vertex -0.487356 4.40808 0
    endloop
  endfacet
  facet normal 0.629245 -0.777207 0
    outer loop
      vertex -0.46458 4.42652 0
      vertex -0.487356 4.40808 -2.5
      vertex -0.46458 4.42652 -2.5
    endloop
  endfacet
  facet normal 0.453835 -0.891086 0
    outer loop
      vertex -0.44 4.44249 -2.5
      vertex -0.413886 4.45579 0
      vertex -0.44 4.44249 0
    endloop
  endfacet
  facet normal 0.453835 -0.891086 0
    outer loop
      vertex -0.413886 4.45579 0
      vertex -0.44 4.44249 -2.5
      vertex -0.413886 4.45579 -2.5
    endloop
  endfacet
  facet normal -0.358568 0.933504 0
    outer loop
      vertex -0.186113 3.94421 -2.5
      vertex -0.213475 3.9337 0
      vertex -0.186113 3.94421 0
    endloop
  endfacet
  facet normal -0.358568 0.933504 0
    outer loop
      vertex -0.213475 3.9337 0
      vertex -0.186113 3.94421 -2.5
      vertex -0.213475 3.9337 -2.5
    endloop
  endfacet
  facet normal -0.933577 0.358376 0
    outer loop
      vertex -0.0442066 4.08611 -2.5
      vertex -0.0337038 4.11347 0
      vertex -0.0337038 4.11347 -2.5
    endloop
  endfacet
  facet normal -0.933577 0.358376 0
    outer loop
      vertex -0.0337038 4.11347 0
      vertex -0.0442066 4.08611 -2.5
      vertex -0.0442066 4.08611 0
    endloop
  endfacet
  facet normal 0.258639 0.965974 -0
    outer loop
      vertex -0.358214 3.92612 -2.5
      vertex -0.386524 3.9337 0
      vertex -0.358214 3.92612 0
    endloop
  endfacet
  facet normal 0.258639 0.965974 0
    outer loop
      vertex -0.386524 3.9337 0
      vertex -0.358214 3.92612 -2.5
      vertex -0.386524 3.9337 -2.5
    endloop
  endfacet
  facet normal 0.890975 0.454053 0
    outer loop
      vertex -0.542486 4.06 0
      vertex -0.555792 4.08611 -2.5
      vertex -0.555792 4.08611 0
    endloop
  endfacet
  facet normal 0.890975 0.454053 0
    outer loop
      vertex -0.555792 4.08611 -2.5
      vertex -0.542486 4.06 0
      vertex -0.542486 4.06 -2.5
    endloop
  endfacet
  facet normal 0.987695 0.156394 0
    outer loop
      vertex -0.573881 4.14178 0
      vertex -0.578465 4.17073 -2.5
      vertex -0.578465 4.17073 0
    endloop
  endfacet
  facet normal 0.987695 0.156394 0
    outer loop
      vertex -0.578465 4.17073 -2.5
      vertex -0.573881 4.14178 0
      vertex -0.573881 4.14178 -2.5
    endloop
  endfacet
  facet normal -0.998637 -0.0522007 0
    outer loop
      vertex 2.28 2.5 -3.5
      vertex 2.27847 2.52927 0
      vertex 2.27847 2.52927 -3.5
    endloop
  endfacet
  facet normal -0.998637 -0.0522007 0
    outer loop
      vertex 2.27847 2.52927 0
      vertex 2.28 2.5 -3.5
      vertex 2.28 2.5 0
    endloop
  endfacet
  facet normal 0.998637 0.0522007 0
    outer loop
      vertex 1.72153 2.47073 0
      vertex 1.72 2.5 -3.5
      vertex 1.72 2.5 0
    endloop
  endfacet
  facet normal 0.998637 0.0522007 0
    outer loop
      vertex 1.72 2.5 -3.5
      vertex 1.72153 2.47073 0
      vertex 1.72153 2.47073 -3.5
    endloop
  endfacet
  facet normal 0.0522007 -0.998637 0
    outer loop
      vertex 1.97073 2.77847 -3.5
      vertex 2 2.78 0
      vertex 1.97073 2.77847 0
    endloop
  endfacet
  facet normal 0.0522007 -0.998637 0
    outer loop
      vertex 2 2.78 0
      vertex 1.97073 2.77847 -3.5
      vertex 2 2.78 -3.5
    endloop
  endfacet
  facet normal -0.0522007 0.998637 0
    outer loop
      vertex 2.02927 2.22153 -3.5
      vertex 2 2.22 0
      vertex 2.02927 2.22153 0
    endloop
  endfacet
  facet normal -0.0522007 0.998637 0
    outer loop
      vertex 2 2.22 0
      vertex 2.02927 2.22153 -3.5
      vertex 2 2.22 -3.5
    endloop
  endfacet
  facet normal -0.707107 -0.707107 0
    outer loop
      vertex 2.20808 2.68736 -3.5
      vertex 2.18736 2.70808 0
      vertex 2.18736 2.70808 -3.5
    endloop
  endfacet
  facet normal -0.707107 -0.707107 0
    outer loop
      vertex 2.18736 2.70808 0
      vertex 2.20808 2.68736 -3.5
      vertex 2.20808 2.68736 0
    endloop
  endfacet
  facet normal 0.707107 -0.707107 0
    outer loop
      vertex 1.79192 2.68736 0
      vertex 1.81264 2.70808 -3.5
      vertex 1.81264 2.70808 0
    endloop
  endfacet
  facet normal 0.707107 -0.707107 0
    outer loop
      vertex 1.81264 2.70808 -3.5
      vertex 1.79192 2.68736 0
      vertex 1.79192 2.68736 -3.5
    endloop
  endfacet
  facet normal 0.358476 -0.933539 0
    outer loop
      vertex 1.88611 2.75579 -3.5
      vertex 1.91348 2.7663 0
      vertex 1.88611 2.75579 0
    endloop
  endfacet
  facet normal 0.358476 -0.933539 0
    outer loop
      vertex 1.91348 2.7663 0
      vertex 1.88611 2.75579 -3.5
      vertex 1.91348 2.7663 -3.5
    endloop
  endfacet
  facet normal -0.933539 -0.358476 0
    outer loop
      vertex 2.2663 2.58652 -3.5
      vertex 2.25579 2.61389 0
      vertex 2.25579 2.61389 -3.5
    endloop
  endfacet
  facet normal -0.933539 -0.358476 0
    outer loop
      vertex 2.25579 2.61389 0
      vertex 2.2663 2.58652 -3.5
      vertex 2.2663 2.58652 0
    endloop
  endfacet
  facet normal -0.987663 -0.156593 0
    outer loop
      vertex 2.27847 2.52927 -3.5
      vertex 2.27388 2.55822 0
      vertex 2.27388 2.55822 -3.5
    endloop
  endfacet
  facet normal -0.987663 -0.156593 0
    outer loop
      vertex 2.27388 2.55822 0
      vertex 2.27847 2.52927 -3.5
      vertex 2.27847 2.52927 0
    endloop
  endfacet
  facet normal -0.358476 -0.933539 0
    outer loop
      vertex 2.08652 2.7663 -3.5
      vertex 2.11389 2.75579 0
      vertex 2.08652 2.7663 0
    endloop
  endfacet
  facet normal -0.358476 -0.933539 -0
    outer loop
      vertex 2.11389 2.75579 0
      vertex 2.08652 2.7663 -3.5
      vertex 2.11389 2.75579 -3.5
    endloop
  endfacet
  facet normal -0.54482 -0.838553 0
    outer loop
      vertex 2.14 2.74249 -3.5
      vertex 2.16458 2.72652 0
      vertex 2.14 2.74249 0
    endloop
  endfacet
  facet normal -0.54482 -0.838553 -0
    outer loop
      vertex 2.16458 2.72652 0
      vertex 2.14 2.74249 -3.5
      vertex 2.16458 2.72652 -3.5
    endloop
  endfacet
  facet normal 0.891058 -0.45389 0
    outer loop
      vertex 1.74421 2.61389 0
      vertex 1.75751 2.64 -3.5
      vertex 1.75751 2.64 0
    endloop
  endfacet
  facet normal 0.891058 -0.45389 0
    outer loop
      vertex 1.75751 2.64 -3.5
      vertex 1.74421 2.61389 0
      vertex 1.74421 2.61389 -3.5
    endloop
  endfacet
  facet normal 0.838709 -0.544581 0
    outer loop
      vertex 1.75751 2.64 0
      vertex 1.77347 2.66458 -3.5
      vertex 1.77347 2.66458 0
    endloop
  endfacet
  facet normal 0.838709 -0.544581 0
    outer loop
      vertex 1.77347 2.66458 -3.5
      vertex 1.75751 2.64 0
      vertex 1.75751 2.64 -3.5
    endloop
  endfacet
  facet normal 0.156593 -0.987663 0
    outer loop
      vertex 1.94178 2.77388 -3.5
      vertex 1.97073 2.77847 0
      vertex 1.94178 2.77388 0
    endloop
  endfacet
  facet normal 0.156593 -0.987663 0
    outer loop
      vertex 1.97073 2.77847 0
      vertex 1.94178 2.77388 -3.5
      vertex 1.97073 2.77847 -3.5
    endloop
  endfacet
  facet normal -0.156593 0.987663 0
    outer loop
      vertex 2.05822 2.22612 -3.5
      vertex 2.02927 2.22153 0
      vertex 2.05822 2.22612 0
    endloop
  endfacet
  facet normal -0.156593 0.987663 0
    outer loop
      vertex 2.02927 2.22153 0
      vertex 2.05822 2.22612 -3.5
      vertex 2.02927 2.22153 -3.5
    endloop
  endfacet
  facet normal -0.965951 -0.258725 0
    outer loop
      vertex 2.27388 2.55822 -3.5
      vertex 2.2663 2.58652 0
      vertex 2.2663 2.58652 -3.5
    endloop
  endfacet
  facet normal -0.965951 -0.258725 0
    outer loop
      vertex 2.2663 2.58652 0
      vertex 2.27388 2.55822 -3.5
      vertex 2.27388 2.55822 0
    endloop
  endfacet
  facet normal -0.838553 -0.54482 0
    outer loop
      vertex 2.24249 2.64 -3.5
      vertex 2.22652 2.66458 0
      vertex 2.22652 2.66458 -3.5
    endloop
  endfacet
  facet normal -0.838553 -0.54482 0
    outer loop
      vertex 2.22652 2.66458 0
      vertex 2.24249 2.64 -3.5
      vertex 2.24249 2.64 0
    endloop
  endfacet
  facet normal -0.777261 -0.629179 0
    outer loop
      vertex 2.22652 2.66458 -3.5
      vertex 2.20808 2.68736 0
      vertex 2.20808 2.68736 -3.5
    endloop
  endfacet
  facet normal -0.777261 -0.629179 0
    outer loop
      vertex 2.20808 2.68736 0
      vertex 2.22652 2.66458 -3.5
      vertex 2.22652 2.66458 0
    endloop
  endfacet
  facet normal -0.891058 -0.45389 0
    outer loop
      vertex 2.25579 2.61389 -3.5
      vertex 2.24249 2.64 0
      vertex 2.24249 2.64 -3.5
    endloop
  endfacet
  facet normal -0.891058 -0.45389 0
    outer loop
      vertex 2.24249 2.64 0
      vertex 2.25579 2.61389 -3.5
      vertex 2.25579 2.61389 0
    endloop
  endfacet
  facet normal -0.156593 -0.987663 0
    outer loop
      vertex 2.02927 2.77847 -3.5
      vertex 2.05822 2.77388 0
      vertex 2.02927 2.77847 0
    endloop
  endfacet
  facet normal -0.156593 -0.987663 -0
    outer loop
      vertex 2.05822 2.77388 0
      vertex 2.02927 2.77847 -3.5
      vertex 2.05822 2.77388 -3.5
    endloop
  endfacet
  facet normal -0.0522007 -0.998637 0
    outer loop
      vertex 2 2.78 -3.5
      vertex 2.02927 2.77847 0
      vertex 2 2.78 0
    endloop
  endfacet
  facet normal -0.0522007 -0.998637 -0
    outer loop
      vertex 2.02927 2.77847 0
      vertex 2 2.78 -3.5
      vertex 2.02927 2.77847 -3.5
    endloop
  endfacet
  facet normal -0.45389 -0.891058 0
    outer loop
      vertex 2.11389 2.75579 -3.5
      vertex 2.14 2.74249 0
      vertex 2.11389 2.75579 0
    endloop
  endfacet
  facet normal -0.45389 -0.891058 -0
    outer loop
      vertex 2.14 2.74249 0
      vertex 2.11389 2.75579 -3.5
      vertex 2.14 2.74249 -3.5
    endloop
  endfacet
  facet normal -0.629179 -0.777261 0
    outer loop
      vertex 2.16458 2.72652 -3.5
      vertex 2.18736 2.70808 0
      vertex 2.16458 2.72652 0
    endloop
  endfacet
  facet normal -0.629179 -0.777261 -0
    outer loop
      vertex 2.18736 2.70808 0
      vertex 2.16458 2.72652 -3.5
      vertex 2.18736 2.70808 -3.5
    endloop
  endfacet
  facet normal 0.987663 -0.156593 0
    outer loop
      vertex 1.72153 2.52927 0
      vertex 1.72612 2.55822 -3.5
      vertex 1.72612 2.55822 0
    endloop
  endfacet
  facet normal 0.987663 -0.156593 0
    outer loop
      vertex 1.72612 2.55822 -3.5
      vertex 1.72153 2.52927 0
      vertex 1.72153 2.52927 -3.5
    endloop
  endfacet
  facet normal 0 0 1
    outer loop
      vertex 2.27847 2.52927 -3.5
      vertex 2.27847 2.47073 -3.5
      vertex 2.28 2.5 -3.5
    endloop
  endfacet
  facet normal 0 0 1
    outer loop
      vertex 2.27388 2.55822 -3.5
      vertex 2.27847 2.47073 -3.5
      vertex 2.27847 2.52927 -3.5
    endloop
  endfacet
  facet normal 0 0 1
    outer loop
      vertex 2.27388 2.55822 -3.5
      vertex 2.27388 2.44178 -3.5
      vertex 2.27847 2.47073 -3.5
    endloop
  endfacet
  facet normal 0 0 1
    outer loop
      vertex 2.2663 2.58652 -3.5
      vertex 2.27388 2.44178 -3.5
      vertex 2.27388 2.55822 -3.5
    endloop
  endfacet
  facet normal 0 0 1
    outer loop
      vertex 2.2663 2.58652 -3.5
      vertex 2.2663 2.41348 -3.5
      vertex 2.27388 2.44178 -3.5
    endloop
  endfacet
  facet normal 0 0 1
    outer loop
      vertex 2.25579 2.61389 -3.5
      vertex 2.2663 2.41348 -3.5
      vertex 2.2663 2.58652 -3.5
    endloop
  endfacet
  facet normal 0 0 1
    outer loop
      vertex 2.25579 2.61389 -3.5
      vertex 2.25579 2.38611 -3.5
      vertex 2.2663 2.41348 -3.5
    endloop
  endfacet
  facet normal 0 0 1
    outer loop
      vertex 2.24249 2.64 -3.5
      vertex 2.25579 2.38611 -3.5
      vertex 2.25579 2.61389 -3.5
    endloop
  endfacet
  facet normal 0 0 1
    outer loop
      vertex 2.24249 2.64 -3.5
      vertex 2.24249 2.36 -3.5
      vertex 2.25579 2.38611 -3.5
    endloop
  endfacet
  facet normal 0 0 1
    outer loop
      vertex 2.22652 2.66458 -3.5
      vertex 2.24249 2.36 -3.5
      vertex 2.24249 2.64 -3.5
    endloop
  endfacet
  facet normal 0 0 1
    outer loop
      vertex 2.22652 2.66458 -3.5
      vertex 2.22652 2.33542 -3.5
      vertex 2.24249 2.36 -3.5
    endloop
  endfacet
  facet normal 0 0 1
    outer loop
      vertex 2.20808 2.68736 -3.5
      vertex 2.22652 2.33542 -3.5
      vertex 2.22652 2.66458 -3.5
    endloop
  endfacet
  facet normal 0 0 1
    outer loop
      vertex 2.20808 2.68736 -3.5
      vertex 2.20808 2.31264 -3.5
      vertex 2.22652 2.33542 -3.5
    endloop
  endfacet
  facet normal 0 0 1
    outer loop
      vertex 2.18736 2.70808 -3.5
      vertex 2.20808 2.31264 -3.5
      vertex 2.20808 2.68736 -3.5
    endloop
  endfacet
  facet normal 0 0 1
    outer loop
      vertex 2.18736 2.70808 -3.5
      vertex 2.18736 2.29192 -3.5
      vertex 2.20808 2.31264 -3.5
    endloop
  endfacet
  facet normal 0 0 1
    outer loop
      vertex 2.16458 2.72652 -3.5
      vertex 2.18736 2.29192 -3.5
      vertex 2.18736 2.70808 -3.5
    endloop
  endfacet
  facet normal 0 0 1
    outer loop
      vertex 2.16458 2.72652 -3.5
      vertex 2.16458 2.27347 -3.5
      vertex 2.18736 2.29192 -3.5
    endloop
  endfacet
  facet normal 0 0 1
    outer loop
      vertex 2.14 2.74249 -3.5
      vertex 2.16458 2.27347 -3.5
      vertex 2.16458 2.72652 -3.5
    endloop
  endfacet
  facet normal 0 0 1
    outer loop
      vertex 2.14 2.74249 -3.5
      vertex 2.14 2.25751 -3.5
      vertex 2.16458 2.27347 -3.5
    endloop
  endfacet
  facet normal 0 0 1
    outer loop
      vertex 2.11389 2.75579 -3.5
      vertex 2.14 2.25751 -3.5
      vertex 2.14 2.74249 -3.5
    endloop
  endfacet
  facet normal 0 0 1
    outer loop
      vertex 2.11389 2.75579 -3.5
      vertex 2.11389 2.24421 -3.5
      vertex 2.14 2.25751 -3.5
    endloop
  endfacet
  facet normal 0 0 1
    outer loop
      vertex 2.08652 2.7663 -3.5
      vertex 2.11389 2.24421 -3.5
      vertex 2.11389 2.75579 -3.5
    endloop
  endfacet
  facet normal 0 0 1
    outer loop
      vertex 2.08652 2.7663 -3.5
      vertex 2.08652 2.2337 -3.5
      vertex 2.11389 2.24421 -3.5
    endloop
  endfacet
  facet normal 0 0 1
    outer loop
      vertex 2.05822 2.77388 -3.5
      vertex 2.08652 2.2337 -3.5
      vertex 2.08652 2.7663 -3.5
    endloop
  endfacet
  facet normal 0 0 1
    outer loop
      vertex 2.05822 2.77388 -3.5
      vertex 2.05822 2.22612 -3.5
      vertex 2.08652 2.2337 -3.5
    endloop
  endfacet
  facet normal 0 0 1
    outer loop
      vertex 2.02927 2.77847 -3.5
      vertex 2.05822 2.22612 -3.5
      vertex 2.05822 2.77388 -3.5
    endloop
  endfacet
  facet normal 0 0 1
    outer loop
      vertex 2.02927 2.77847 -3.5
      vertex 2.02927 2.22153 -3.5
      vertex 2.05822 2.22612 -3.5
    endloop
  endfacet
  facet normal 0 0 1
    outer loop
      vertex 2 2.78 -3.5
      vertex 2.02927 2.22153 -3.5
      vertex 2.02927 2.77847 -3.5
    endloop
  endfacet
  facet normal 0 0 1
    outer loop
      vertex 2 2.78 -3.5
      vertex 2 2.22 -3.5
      vertex 2.02927 2.22153 -3.5
    endloop
  endfacet
  facet normal -0 0 1
    outer loop
      vertex 1.97073 2.77847 -3.5
      vertex 2 2.22 -3.5
      vertex 2 2.78 -3.5
    endloop
  endfacet
  facet normal 0 0 1
    outer loop
      vertex 1.97073 2.77847 -3.5
      vertex 1.97073 2.22153 -3.5
      vertex 2 2.22 -3.5
    endloop
  endfacet
  facet normal -0 0 1
    outer loop
      vertex 1.94178 2.77388 -3.5
      vertex 1.97073 2.22153 -3.5
      vertex 1.97073 2.77847 -3.5
    endloop
  endfacet
  facet normal 0 0 1
    outer loop
      vertex 1.94178 2.77388 -3.5
      vertex 1.94178 2.22612 -3.5
      vertex 1.97073 2.22153 -3.5
    endloop
  endfacet
  facet normal -0 0 1
    outer loop
      vertex 1.91348 2.7663 -3.5
      vertex 1.94178 2.22612 -3.5
      vertex 1.94178 2.77388 -3.5
    endloop
  endfacet
  facet normal 0 0 1
    outer loop
      vertex 1.91348 2.7663 -3.5
      vertex 1.91348 2.2337 -3.5
      vertex 1.94178 2.22612 -3.5
    endloop
  endfacet
  facet normal -0 0 1
    outer loop
      vertex 1.88611 2.75579 -3.5
      vertex 1.91348 2.2337 -3.5
      vertex 1.91348 2.7663 -3.5
    endloop
  endfacet
  facet normal 0 0 1
    outer loop
      vertex 1.88611 2.75579 -3.5
      vertex 1.88611 2.24421 -3.5
      vertex 1.91348 2.2337 -3.5
    endloop
  endfacet
  facet normal -0 0 1
    outer loop
      vertex 1.86 2.74249 -3.5
      vertex 1.88611 2.24421 -3.5
      vertex 1.88611 2.75579 -3.5
    endloop
  endfacet
  facet normal 0 0 1
    outer loop
      vertex 1.86 2.74249 -3.5
      vertex 1.86 2.25751 -3.5
      vertex 1.88611 2.24421 -3.5
    endloop
  endfacet
  facet normal -0 0 1
    outer loop
      vertex 1.83542 2.72652 -3.5
      vertex 1.86 2.25751 -3.5
      vertex 1.86 2.74249 -3.5
    endloop
  endfacet
  facet normal 0 0 1
    outer loop
      vertex 1.83542 2.72652 -3.5
      vertex 1.83542 2.27347 -3.5
      vertex 1.86 2.25751 -3.5
    endloop
  endfacet
  facet normal -0 0 1
    outer loop
      vertex 1.81264 2.70808 -3.5
      vertex 1.83542 2.27347 -3.5
      vertex 1.83542 2.72652 -3.5
    endloop
  endfacet
  facet normal 0 0 1
    outer loop
      vertex 1.81264 2.70808 -3.5
      vertex 1.81264 2.29192 -3.5
      vertex 1.83542 2.27347 -3.5
    endloop
  endfacet
  facet normal -0 0 1
    outer loop
      vertex 1.79192 2.68736 -3.5
      vertex 1.81264 2.29192 -3.5
      vertex 1.81264 2.70808 -3.5
    endloop
  endfacet
  facet normal 0 0 1
    outer loop
      vertex 1.79192 2.68736 -3.5
      vertex 1.79192 2.31264 -3.5
      vertex 1.81264 2.29192 -3.5
    endloop
  endfacet
  facet normal -0 0 1
    outer loop
      vertex 1.77347 2.66458 -3.5
      vertex 1.79192 2.31264 -3.5
      vertex 1.79192 2.68736 -3.5
    endloop
  endfacet
  facet normal 0 0 1
    outer loop
      vertex 1.77347 2.66458 -3.5
      vertex 1.77347 2.33542 -3.5
      vertex 1.79192 2.31264 -3.5
    endloop
  endfacet
  facet normal -0 0 1
    outer loop
      vertex 1.75751 2.64 -3.5
      vertex 1.77347 2.33542 -3.5
      vertex 1.77347 2.66458 -3.5
    endloop
  endfacet
  facet normal 0 0 1
    outer loop
      vertex 1.75751 2.64 -3.5
      vertex 1.75751 2.36 -3.5
      vertex 1.77347 2.33542 -3.5
    endloop
  endfacet
  facet normal -0 0 1
    outer loop
      vertex 1.74421 2.61389 -3.5
      vertex 1.75751 2.36 -3.5
      vertex 1.75751 2.64 -3.5
    endloop
  endfacet
  facet normal 0 0 1
    outer loop
      vertex 1.74421 2.61389 -3.5
      vertex 1.74421 2.38611 -3.5
      vertex 1.75751 2.36 -3.5
    endloop
  endfacet
  facet normal -0 0 1
    outer loop
      vertex 1.7337 2.58652 -3.5
      vertex 1.74421 2.38611 -3.5
      vertex 1.74421 2.61389 -3.5
    endloop
  endfacet
  facet normal 0 0 1
    outer loop
      vertex 1.7337 2.58652 -3.5
      vertex 1.7337 2.41348 -3.5
      vertex 1.74421 2.38611 -3.5
    endloop
  endfacet
  facet normal -0 0 1
    outer loop
      vertex 1.72612 2.55822 -3.5
      vertex 1.7337 2.41348 -3.5
      vertex 1.7337 2.58652 -3.5
    endloop
  endfacet
  facet normal 0 0 1
    outer loop
      vertex 1.72612 2.55822 -3.5
      vertex 1.72612 2.44178 -3.5
      vertex 1.7337 2.41348 -3.5
    endloop
  endfacet
  facet normal -0 0 1
    outer loop
      vertex 1.72153 2.52927 -3.5
      vertex 1.72612 2.44178 -3.5
      vertex 1.72612 2.55822 -3.5
    endloop
  endfacet
  facet normal 0 0 1
    outer loop
      vertex 1.72153 2.52927 -3.5
      vertex 1.72153 2.47073 -3.5
      vertex 1.72612 2.44178 -3.5
    endloop
  endfacet
  facet normal 0 -0 1
    outer loop
      vertex 1.72153 2.47073 -3.5
      vertex 1.72153 2.52927 -3.5
      vertex 1.72 2.5 -3.5
    endloop
  endfacet
  facet normal 0.777094 -0.629385 0
    outer loop
      vertex 1.77347 2.66458 0
      vertex 1.79192 2.68736 -3.5
      vertex 1.79192 2.68736 0
    endloop
  endfacet
  facet normal 0.777094 -0.629385 0
    outer loop
      vertex 1.79192 2.68736 -3.5
      vertex 1.77347 2.66458 0
      vertex 1.77347 2.66458 -3.5
    endloop
  endfacet
  facet normal 0.933539 -0.358476 0
    outer loop
      vertex 1.7337 2.58652 0
      vertex 1.74421 2.61389 -3.5
      vertex 1.74421 2.61389 0
    endloop
  endfacet
  facet normal 0.933539 -0.358476 0
    outer loop
      vertex 1.74421 2.61389 -3.5
      vertex 1.7337 2.58652 0
      vertex 1.7337 2.58652 -3.5
    endloop
  endfacet
  facet normal 0.965951 -0.258725 0
    outer loop
      vertex 1.72612 2.55822 0
      vertex 1.7337 2.58652 -3.5
      vertex 1.7337 2.58652 0
    endloop
  endfacet
  facet normal 0.965951 -0.258725 0
    outer loop
      vertex 1.7337 2.58652 -3.5
      vertex 1.72612 2.55822 0
      vertex 1.72612 2.55822 -3.5
    endloop
  endfacet
  facet normal 0.998637 -0.0522007 0
    outer loop
      vertex 1.72 2.5 0
      vertex 1.72153 2.52927 -3.5
      vertex 1.72153 2.52927 0
    endloop
  endfacet
  facet normal 0.998637 -0.0522007 0
    outer loop
      vertex 1.72153 2.52927 -3.5
      vertex 1.72 2.5 0
      vertex 1.72 2.5 -3.5
    endloop
  endfacet
  facet normal 0.54482 -0.838553 0
    outer loop
      vertex 1.83542 2.72652 -3.5
      vertex 1.86 2.74249 0
      vertex 1.83542 2.72652 0
    endloop
  endfacet
  facet normal 0.54482 -0.838553 0
    outer loop
      vertex 1.86 2.74249 0
      vertex 1.83542 2.72652 -3.5
      vertex 1.86 2.74249 -3.5
    endloop
  endfacet
  facet normal 0.629179 -0.777261 0
    outer loop
      vertex 1.81264 2.70808 -3.5
      vertex 1.83542 2.72652 0
      vertex 1.81264 2.70808 0
    endloop
  endfacet
  facet normal 0.629179 -0.777261 0
    outer loop
      vertex 1.83542 2.72652 0
      vertex 1.81264 2.70808 -3.5
      vertex 1.83542 2.72652 -3.5
    endloop
  endfacet
  facet normal 0.258725 -0.965951 0
    outer loop
      vertex 1.91348 2.7663 -3.5
      vertex 1.94178 2.77388 0
      vertex 1.91348 2.7663 0
    endloop
  endfacet
  facet normal 0.258725 -0.965951 0
    outer loop
      vertex 1.94178 2.77388 0
      vertex 1.91348 2.7663 -3.5
      vertex 1.94178 2.77388 -3.5
    endloop
  endfacet
  facet normal -0.998637 0.0522007 0
    outer loop
      vertex 2.27847 2.47073 -3.5
      vertex 2.28 2.5 0
      vertex 2.28 2.5 -3.5
    endloop
  endfacet
  facet normal -0.998637 0.0522007 0
    outer loop
      vertex 2.28 2.5 0
      vertex 2.27847 2.47073 -3.5
      vertex 2.27847 2.47073 0
    endloop
  endfacet
  facet normal -0.707107 0.707107 0
    outer loop
      vertex 2.18736 2.29192 -3.5
      vertex 2.20808 2.31264 0
      vertex 2.20808 2.31264 -3.5
    endloop
  endfacet
  facet normal -0.707107 0.707107 0
    outer loop
      vertex 2.20808 2.31264 0
      vertex 2.18736 2.29192 -3.5
      vertex 2.18736 2.29192 0
    endloop
  endfacet
  facet normal 0.358476 0.933539 -0
    outer loop
      vertex 1.91348 2.2337 -3.5
      vertex 1.88611 2.24421 0
      vertex 1.91348 2.2337 0
    endloop
  endfacet
  facet normal 0.358476 0.933539 0
    outer loop
      vertex 1.88611 2.24421 0
      vertex 1.91348 2.2337 -3.5
      vertex 1.88611 2.24421 -3.5
    endloop
  endfacet
  facet normal 0.777094 0.629385 0
    outer loop
      vertex 1.79192 2.31264 0
      vertex 1.77347 2.33542 -3.5
      vertex 1.77347 2.33542 0
    endloop
  endfacet
  facet normal 0.777094 0.629385 0
    outer loop
      vertex 1.77347 2.33542 -3.5
      vertex 1.79192 2.31264 0
      vertex 1.79192 2.31264 -3.5
    endloop
  endfacet
  facet normal 0.987663 0.156593 0
    outer loop
      vertex 1.72612 2.44178 0
      vertex 1.72153 2.47073 -3.5
      vertex 1.72153 2.47073 0
    endloop
  endfacet
  facet normal 0.987663 0.156593 0
    outer loop
      vertex 1.72153 2.47073 -3.5
      vertex 1.72612 2.44178 0
      vertex 1.72612 2.44178 -3.5
    endloop
  endfacet
  facet normal -0.358476 0.933539 0
    outer loop
      vertex 2.11389 2.24421 -3.5
      vertex 2.08652 2.2337 0
      vertex 2.11389 2.24421 0
    endloop
  endfacet
  facet normal -0.358476 0.933539 0
    outer loop
      vertex 2.08652 2.2337 0
      vertex 2.11389 2.24421 -3.5
      vertex 2.08652 2.2337 -3.5
    endloop
  endfacet
  facet normal -0.258725 -0.965951 0
    outer loop
      vertex 2.05822 2.77388 -3.5
      vertex 2.08652 2.7663 0
      vertex 2.05822 2.77388 0
    endloop
  endfacet
  facet normal -0.258725 -0.965951 -0
    outer loop
      vertex 2.08652 2.7663 0
      vertex 2.05822 2.77388 -3.5
      vertex 2.08652 2.7663 -3.5
    endloop
  endfacet
  facet normal 0.45389 -0.891058 0
    outer loop
      vertex 1.86 2.74249 -3.5
      vertex 1.88611 2.75579 0
      vertex 1.86 2.74249 0
    endloop
  endfacet
  facet normal 0.45389 -0.891058 0
    outer loop
      vertex 1.88611 2.75579 0
      vertex 1.86 2.74249 -3.5
      vertex 1.88611 2.75579 -3.5
    endloop
  endfacet
  facet normal -0.965951 0.258725 0
    outer loop
      vertex 2.2663 2.41348 -3.5
      vertex 2.27388 2.44178 0
      vertex 2.27388 2.44178 -3.5
    endloop
  endfacet
  facet normal -0.965951 0.258725 0
    outer loop
      vertex 2.27388 2.44178 0
      vertex 2.2663 2.41348 -3.5
      vertex 2.2663 2.41348 0
    endloop
  endfacet
  facet normal -0.45389 0.891058 0
    outer loop
      vertex 2.14 2.25751 -3.5
      vertex 2.11389 2.24421 0
      vertex 2.14 2.25751 0
    endloop
  endfacet
  facet normal -0.45389 0.891058 0
    outer loop
      vertex 2.11389 2.24421 0
      vertex 2.14 2.25751 -3.5
      vertex 2.11389 2.24421 -3.5
    endloop
  endfacet
  facet normal -0.891058 0.45389 0
    outer loop
      vertex 2.24249 2.36 -3.5
      vertex 2.25579 2.38611 0
      vertex 2.25579 2.38611 -3.5
    endloop
  endfacet
  facet normal -0.891058 0.45389 0
    outer loop
      vertex 2.25579 2.38611 0
      vertex 2.24249 2.36 -3.5
      vertex 2.24249 2.36 0
    endloop
  endfacet
  facet normal -0.777261 0.629179 0
    outer loop
      vertex 2.20808 2.31264 -3.5
      vertex 2.22652 2.33542 0
      vertex 2.22652 2.33542 -3.5
    endloop
  endfacet
  facet normal -0.777261 0.629179 0
    outer loop
      vertex 2.22652 2.33542 0
      vertex 2.20808 2.31264 -3.5
      vertex 2.20808 2.31264 0
    endloop
  endfacet
  facet normal 0.891058 0.45389 0
    outer loop
      vertex 1.75751 2.36 0
      vertex 1.74421 2.38611 -3.5
      vertex 1.74421 2.38611 0
    endloop
  endfacet
  facet normal 0.891058 0.45389 0
    outer loop
      vertex 1.74421 2.38611 -3.5
      vertex 1.75751 2.36 0
      vertex 1.75751 2.36 -3.5
    endloop
  endfacet
  facet normal 0.965951 0.258725 0
    outer loop
      vertex 1.7337 2.41348 0
      vertex 1.72612 2.44178 -3.5
      vertex 1.72612 2.44178 0
    endloop
  endfacet
  facet normal 0.965951 0.258725 0
    outer loop
      vertex 1.72612 2.44178 -3.5
      vertex 1.7337 2.41348 0
      vertex 1.7337 2.41348 -3.5
    endloop
  endfacet
  facet normal 0.933539 0.358476 0
    outer loop
      vertex 1.74421 2.38611 0
      vertex 1.7337 2.41348 -3.5
      vertex 1.7337 2.41348 0
    endloop
  endfacet
  facet normal 0.933539 0.358476 0
    outer loop
      vertex 1.7337 2.41348 -3.5
      vertex 1.74421 2.38611 0
      vertex 1.74421 2.38611 -3.5
    endloop
  endfacet
  facet normal -0.258725 0.965951 0
    outer loop
      vertex 2.08652 2.2337 -3.5
      vertex 2.05822 2.22612 0
      vertex 2.08652 2.2337 0
    endloop
  endfacet
  facet normal -0.258725 0.965951 0
    outer loop
      vertex 2.05822 2.22612 0
      vertex 2.08652 2.2337 -3.5
      vertex 2.05822 2.22612 -3.5
    endloop
  endfacet
  facet normal -0.987663 0.156593 0
    outer loop
      vertex 2.27388 2.44178 -3.5
      vertex 2.27847 2.47073 0
      vertex 2.27847 2.47073 -3.5
    endloop
  endfacet
  facet normal -0.987663 0.156593 0
    outer loop
      vertex 2.27847 2.47073 0
      vertex 2.27388 2.44178 -3.5
      vertex 2.27388 2.44178 0
    endloop
  endfacet
  facet normal -0.629385 0.777094 0
    outer loop
      vertex 2.18736 2.29192 -3.5
      vertex 2.16458 2.27347 0
      vertex 2.18736 2.29192 0
    endloop
  endfacet
  facet normal -0.629385 0.777094 0
    outer loop
      vertex 2.16458 2.27347 0
      vertex 2.18736 2.29192 -3.5
      vertex 2.16458 2.27347 -3.5
    endloop
  endfacet
  facet normal -0.544581 0.838709 0
    outer loop
      vertex 2.16458 2.27347 -3.5
      vertex 2.14 2.25751 0
      vertex 2.16458 2.27347 0
    endloop
  endfacet
  facet normal -0.544581 0.838709 0
    outer loop
      vertex 2.14 2.25751 0
      vertex 2.16458 2.27347 -3.5
      vertex 2.14 2.25751 -3.5
    endloop
  endfacet
  facet normal -0.933539 0.358476 0
    outer loop
      vertex 2.25579 2.38611 -3.5
      vertex 2.2663 2.41348 0
      vertex 2.2663 2.41348 -3.5
    endloop
  endfacet
  facet normal -0.933539 0.358476 0
    outer loop
      vertex 2.2663 2.41348 0
      vertex 2.25579 2.38611 -3.5
      vertex 2.25579 2.38611 0
    endloop
  endfacet
  facet normal -0.838553 0.54482 0
    outer loop
      vertex 2.22652 2.33542 -3.5
      vertex 2.24249 2.36 0
      vertex 2.24249 2.36 -3.5
    endloop
  endfacet
  facet normal -0.838553 0.54482 0
    outer loop
      vertex 2.24249 2.36 0
      vertex 2.22652 2.33542 -3.5
      vertex 2.22652 2.33542 0
    endloop
  endfacet
  facet normal 0.0522007 0.998637 -0
    outer loop
      vertex 2 2.22 -3.5
      vertex 1.97073 2.22153 0
      vertex 2 2.22 0
    endloop
  endfacet
  facet normal 0.0522007 0.998637 0
    outer loop
      vertex 1.97073 2.22153 0
      vertex 2 2.22 -3.5
      vertex 1.97073 2.22153 -3.5
    endloop
  endfacet
  facet normal 0.45389 0.891058 -0
    outer loop
      vertex 1.88611 2.24421 -3.5
      vertex 1.86 2.25751 0
      vertex 1.88611 2.24421 0
    endloop
  endfacet
  facet normal 0.45389 0.891058 0
    outer loop
      vertex 1.86 2.25751 0
      vertex 1.88611 2.24421 -3.5
      vertex 1.86 2.25751 -3.5
    endloop
  endfacet
  facet normal 0.707107 0.707107 0
    outer loop
      vertex 1.81264 2.29192 0
      vertex 1.79192 2.31264 -3.5
      vertex 1.79192 2.31264 0
    endloop
  endfacet
  facet normal 0.707107 0.707107 0
    outer loop
      vertex 1.79192 2.31264 -3.5
      vertex 1.81264 2.29192 0
      vertex 1.81264 2.29192 -3.5
    endloop
  endfacet
  facet normal 0.838709 0.544581 0
    outer loop
      vertex 1.77347 2.33542 0
      vertex 1.75751 2.36 -3.5
      vertex 1.75751 2.36 0
    endloop
  endfacet
  facet normal 0.838709 0.544581 0
    outer loop
      vertex 1.75751 2.36 -3.5
      vertex 1.77347 2.33542 0
      vertex 1.77347 2.33542 -3.5
    endloop
  endfacet
  facet normal 0.258725 0.965951 -0
    outer loop
      vertex 1.94178 2.22612 -3.5
      vertex 1.91348 2.2337 0
      vertex 1.94178 2.22612 0
    endloop
  endfacet
  facet normal 0.258725 0.965951 0
    outer loop
      vertex 1.91348 2.2337 0
      vertex 1.94178 2.22612 -3.5
      vertex 1.91348 2.2337 -3.5
    endloop
  endfacet
  facet normal 0.629385 0.777094 -0
    outer loop
      vertex 1.83542 2.27347 -3.5
      vertex 1.81264 2.29192 0
      vertex 1.83542 2.27347 0
    endloop
  endfacet
  facet normal 0.629385 0.777094 0
    outer loop
      vertex 1.81264 2.29192 0
      vertex 1.83542 2.27347 -3.5
      vertex 1.81264 2.29192 -3.5
    endloop
  endfacet
  facet normal 0.544581 0.838709 -0
    outer loop
      vertex 1.86 2.25751 -3.5
      vertex 1.83542 2.27347 0
      vertex 1.86 2.25751 0
    endloop
  endfacet
  facet normal 0.544581 0.838709 0
    outer loop
      vertex 1.83542 2.27347 0
      vertex 1.86 2.25751 -3.5
      vertex 1.83542 2.27347 -3.5
    endloop
  endfacet
  facet normal 0.156593 0.987663 -0
    outer loop
      vertex 1.97073 2.22153 -3.5
      vertex 1.94178 2.22612 0
      vertex 1.97073 2.22153 0
    endloop
  endfacet
  facet normal 0.156593 0.987663 0
    outer loop
      vertex 1.94178 2.22612 0
      vertex 1.97073 2.22153 -3.5
      vertex 1.94178 2.22612 -3.5
    endloop
  endfacet
  facet normal -0.998637 -0.0522007 0
    outer loop
      vertex -1.72 2.5 -3.5
      vertex -1.72153 2.52927 0
      vertex -1.72153 2.52927 -3.5
    endloop
  endfacet
  facet normal -0.998637 -0.0522007 0
    outer loop
      vertex -1.72153 2.52927 0
      vertex -1.72 2.5 -3.5
      vertex -1.72 2.5 0
    endloop
  endfacet
  facet normal 0.0522007 -0.998637 0
    outer loop
      vertex -2.02927 2.77847 -3.5
      vertex -2 2.78 0
      vertex -2.02927 2.77847 0
    endloop
  endfacet
  facet normal 0.0522007 -0.998637 0
    outer loop
      vertex -2 2.78 0
      vertex -2.02927 2.77847 -3.5
      vertex -2 2.78 -3.5
    endloop
  endfacet
  facet normal -0.707107 -0.707107 0
    outer loop
      vertex -1.79192 2.68736 -3.5
      vertex -1.81264 2.70808 0
      vertex -1.81264 2.70808 -3.5
    endloop
  endfacet
  facet normal -0.707107 -0.707107 0
    outer loop
      vertex -1.81264 2.70808 0
      vertex -1.79192 2.68736 -3.5
      vertex -1.79192 2.68736 0
    endloop
  endfacet
  facet normal 0.707107 -0.707107 0
    outer loop
      vertex -2.20808 2.68736 0
      vertex -2.18736 2.70808 -3.5
      vertex -2.18736 2.70808 0
    endloop
  endfacet
  facet normal 0.707107 -0.707107 0
    outer loop
      vertex -2.18736 2.70808 -3.5
      vertex -2.20808 2.68736 0
      vertex -2.20808 2.68736 -3.5
    endloop
  endfacet
  facet normal 0.358476 -0.933539 0
    outer loop
      vertex -2.11389 2.75579 -3.5
      vertex -2.08652 2.7663 0
      vertex -2.11389 2.75579 0
    endloop
  endfacet
  facet normal 0.358476 -0.933539 0
    outer loop
      vertex -2.08652 2.7663 0
      vertex -2.11389 2.75579 -3.5
      vertex -2.08652 2.7663 -3.5
    endloop
  endfacet
  facet normal -0.933539 -0.358476 0
    outer loop
      vertex -1.7337 2.58652 -3.5
      vertex -1.74421 2.61389 0
      vertex -1.74421 2.61389 -3.5
    endloop
  endfacet
  facet normal -0.933539 -0.358476 0
    outer loop
      vertex -1.74421 2.61389 0
      vertex -1.7337 2.58652 -3.5
      vertex -1.7337 2.58652 0
    endloop
  endfacet
  facet normal -0.987663 -0.156593 0
    outer loop
      vertex -1.72153 2.52927 -3.5
      vertex -1.72612 2.55822 0
      vertex -1.72612 2.55822 -3.5
    endloop
  endfacet
  facet normal -0.987663 -0.156593 0
    outer loop
      vertex -1.72612 2.55822 0
      vertex -1.72153 2.52927 -3.5
      vertex -1.72153 2.52927 0
    endloop
  endfacet
  facet normal -0.358476 -0.933539 0
    outer loop
      vertex -1.91348 2.7663 -3.5
      vertex -1.88611 2.75579 0
      vertex -1.91348 2.7663 0
    endloop
  endfacet
  facet normal -0.358476 -0.933539 -0
    outer loop
      vertex -1.88611 2.75579 0
      vertex -1.91348 2.7663 -3.5
      vertex -1.88611 2.75579 -3.5
    endloop
  endfacet
  facet normal 0.891058 -0.45389 0
    outer loop
      vertex -2.25579 2.61389 0
      vertex -2.24249 2.64 -3.5
      vertex -2.24249 2.64 0
    endloop
  endfacet
  facet normal 0.891058 -0.45389 0
    outer loop
      vertex -2.24249 2.64 -3.5
      vertex -2.25579 2.61389 0
      vertex -2.25579 2.61389 -3.5
    endloop
  endfacet
  facet normal 0.838553 -0.54482 0
    outer loop
      vertex -2.24249 2.64 0
      vertex -2.22652 2.66458 -3.5
      vertex -2.22652 2.66458 0
    endloop
  endfacet
  facet normal 0.838553 -0.54482 0
    outer loop
      vertex -2.22652 2.66458 -3.5
      vertex -2.24249 2.64 0
      vertex -2.24249 2.64 -3.5
    endloop
  endfacet
  facet normal 0.998637 0.0522007 0
    outer loop
      vertex -2.27847 2.47073 0
      vertex -2.28 2.5 -3.5
      vertex -2.28 2.5 0
    endloop
  endfacet
  facet normal 0.998637 0.0522007 0
    outer loop
      vertex -2.28 2.5 -3.5
      vertex -2.27847 2.47073 0
      vertex -2.27847 2.47073 -3.5
    endloop
  endfacet
  facet normal 0.156593 -0.987663 0
    outer loop
      vertex -2.05822 2.77388 -3.5
      vertex -2.02927 2.77847 0
      vertex -2.05822 2.77388 0
    endloop
  endfacet
  facet normal 0.156593 -0.987663 0
    outer loop
      vertex -2.02927 2.77847 0
      vertex -2.05822 2.77388 -3.5
      vertex -2.02927 2.77847 -3.5
    endloop
  endfacet
  facet normal 0.0522007 0.998637 -0
    outer loop
      vertex -2 2.22 -3.5
      vertex -2.02927 2.22153 0
      vertex -2 2.22 0
    endloop
  endfacet
  facet normal 0.0522007 0.998637 0
    outer loop
      vertex -2.02927 2.22153 0
      vertex -2 2.22 -3.5
      vertex -2.02927 2.22153 -3.5
    endloop
  endfacet
  facet normal -0.156593 0.987663 0
    outer loop
      vertex -1.94178 2.22612 -3.5
      vertex -1.97073 2.22153 0
      vertex -1.94178 2.22612 0
    endloop
  endfacet
  facet normal -0.156593 0.987663 0
    outer loop
      vertex -1.97073 2.22153 0
      vertex -1.94178 2.22612 -3.5
      vertex -1.97073 2.22153 -3.5
    endloop
  endfacet
  facet normal -0.965951 -0.258725 0
    outer loop
      vertex -1.72612 2.55822 -3.5
      vertex -1.7337 2.58652 0
      vertex -1.7337 2.58652 -3.5
    endloop
  endfacet
  facet normal -0.965951 -0.258725 0
    outer loop
      vertex -1.7337 2.58652 0
      vertex -1.72612 2.55822 -3.5
      vertex -1.72612 2.55822 0
    endloop
  endfacet
  facet normal -0.838709 -0.544581 0
    outer loop
      vertex -1.75751 2.64 -3.5
      vertex -1.77347 2.66458 0
      vertex -1.77347 2.66458 -3.5
    endloop
  endfacet
  facet normal -0.838709 -0.544581 0
    outer loop
      vertex -1.77347 2.66458 0
      vertex -1.75751 2.64 -3.5
      vertex -1.75751 2.64 0
    endloop
  endfacet
  facet normal -0.777094 -0.629385 0
    outer loop
      vertex -1.77347 2.66458 -3.5
      vertex -1.79192 2.68736 0
      vertex -1.79192 2.68736 -3.5
    endloop
  endfacet
  facet normal -0.777094 -0.629385 0
    outer loop
      vertex -1.79192 2.68736 0
      vertex -1.77347 2.66458 -3.5
      vertex -1.77347 2.66458 0
    endloop
  endfacet
  facet normal -0.891058 -0.45389 0
    outer loop
      vertex -1.74421 2.61389 -3.5
      vertex -1.75751 2.64 0
      vertex -1.75751 2.64 -3.5
    endloop
  endfacet
  facet normal -0.891058 -0.45389 0
    outer loop
      vertex -1.75751 2.64 0
      vertex -1.74421 2.61389 -3.5
      vertex -1.74421 2.61389 0
    endloop
  endfacet
  facet normal -0.258725 -0.965951 0
    outer loop
      vertex -1.94178 2.77388 -3.5
      vertex -1.91348 2.7663 0
      vertex -1.94178 2.77388 0
    endloop
  endfacet
  facet normal -0.258725 -0.965951 -0
    outer loop
      vertex -1.91348 2.7663 0
      vertex -1.94178 2.77388 -3.5
      vertex -1.91348 2.7663 -3.5
    endloop
  endfacet
  facet normal -0.156593 -0.987663 0
    outer loop
      vertex -1.97073 2.77847 -3.5
      vertex -1.94178 2.77388 0
      vertex -1.97073 2.77847 0
    endloop
  endfacet
  facet normal -0.156593 -0.987663 -0
    outer loop
      vertex -1.94178 2.77388 0
      vertex -1.97073 2.77847 -3.5
      vertex -1.94178 2.77388 -3.5
    endloop
  endfacet
  facet normal -0.0522007 -0.998637 0
    outer loop
      vertex -2 2.78 -3.5
      vertex -1.97073 2.77847 0
      vertex -2 2.78 0
    endloop
  endfacet
  facet normal -0.0522007 -0.998637 -0
    outer loop
      vertex -1.97073 2.77847 0
      vertex -2 2.78 -3.5
      vertex -1.97073 2.77847 -3.5
    endloop
  endfacet
  facet normal -0.629179 -0.777261 0
    outer loop
      vertex -1.83542 2.72652 -3.5
      vertex -1.81264 2.70808 0
      vertex -1.83542 2.72652 0
    endloop
  endfacet
  facet normal -0.629179 -0.777261 -0
    outer loop
      vertex -1.81264 2.70808 0
      vertex -1.83542 2.72652 -3.5
      vertex -1.81264 2.70808 -3.5
    endloop
  endfacet
  facet normal -0.54482 -0.838553 0
    outer loop
      vertex -1.86 2.74249 -3.5
      vertex -1.83542 2.72652 0
      vertex -1.86 2.74249 0
    endloop
  endfacet
  facet normal -0.54482 -0.838553 -0
    outer loop
      vertex -1.83542 2.72652 0
      vertex -1.86 2.74249 -3.5
      vertex -1.83542 2.72652 -3.5
    endloop
  endfacet
  facet normal 0 0 1
    outer loop
      vertex -1.72153 2.52927 -3.5
      vertex -1.72153 2.47073 -3.5
      vertex -1.72 2.5 -3.5
    endloop
  endfacet
  facet normal 0 0 1
    outer loop
      vertex -1.72612 2.55822 -3.5
      vertex -1.72153 2.47073 -3.5
      vertex -1.72153 2.52927 -3.5
    endloop
  endfacet
  facet normal 0 0 1
    outer loop
      vertex -1.72612 2.55822 -3.5
      vertex -1.72612 2.44178 -3.5
      vertex -1.72153 2.47073 -3.5
    endloop
  endfacet
  facet normal 0 0 1
    outer loop
      vertex -1.7337 2.58652 -3.5
      vertex -1.72612 2.44178 -3.5
      vertex -1.72612 2.55822 -3.5
    endloop
  endfacet
  facet normal 0 0 1
    outer loop
      vertex -1.7337 2.58652 -3.5
      vertex -1.7337 2.41348 -3.5
      vertex -1.72612 2.44178 -3.5
    endloop
  endfacet
  facet normal 0 0 1
    outer loop
      vertex -1.74421 2.61389 -3.5
      vertex -1.7337 2.41348 -3.5
      vertex -1.7337 2.58652 -3.5
    endloop
  endfacet
  facet normal 0 0 1
    outer loop
      vertex -1.74421 2.61389 -3.5
      vertex -1.74421 2.38611 -3.5
      vertex -1.7337 2.41348 -3.5
    endloop
  endfacet
  facet normal 0 0 1
    outer loop
      vertex -1.75751 2.64 -3.5
      vertex -1.74421 2.38611 -3.5
      vertex -1.74421 2.61389 -3.5
    endloop
  endfacet
  facet normal 0 0 1
    outer loop
      vertex -1.75751 2.64 -3.5
      vertex -1.75751 2.36 -3.5
      vertex -1.74421 2.38611 -3.5
    endloop
  endfacet
  facet normal 0 0 1
    outer loop
      vertex -1.77347 2.66458 -3.5
      vertex -1.75751 2.36 -3.5
      vertex -1.75751 2.64 -3.5
    endloop
  endfacet
  facet normal 0 0 1
    outer loop
      vertex -1.77347 2.66458 -3.5
      vertex -1.77347 2.33542 -3.5
      vertex -1.75751 2.36 -3.5
    endloop
  endfacet
  facet normal 0 0 1
    outer loop
      vertex -1.79192 2.68736 -3.5
      vertex -1.77347 2.33542 -3.5
      vertex -1.77347 2.66458 -3.5
    endloop
  endfacet
  facet normal 0 0 1
    outer loop
      vertex -1.79192 2.68736 -3.5
      vertex -1.79192 2.31264 -3.5
      vertex -1.77347 2.33542 -3.5
    endloop
  endfacet
  facet normal 0 0 1
    outer loop
      vertex -1.81264 2.70808 -3.5
      vertex -1.79192 2.31264 -3.5
      vertex -1.79192 2.68736 -3.5
    endloop
  endfacet
  facet normal 0 0 1
    outer loop
      vertex -1.81264 2.70808 -3.5
      vertex -1.81264 2.29192 -3.5
      vertex -1.79192 2.31264 -3.5
    endloop
  endfacet
  facet normal 0 0 1
    outer loop
      vertex -1.83542 2.72652 -3.5
      vertex -1.81264 2.29192 -3.5
      vertex -1.81264 2.70808 -3.5
    endloop
  endfacet
  facet normal 0 0 1
    outer loop
      vertex -1.83542 2.72652 -3.5
      vertex -1.83542 2.27347 -3.5
      vertex -1.81264 2.29192 -3.5
    endloop
  endfacet
  facet normal 0 0 1
    outer loop
      vertex -1.86 2.74249 -3.5
      vertex -1.83542 2.27347 -3.5
      vertex -1.83542 2.72652 -3.5
    endloop
  endfacet
  facet normal 0 0 1
    outer loop
      vertex -1.86 2.74249 -3.5
      vertex -1.86 2.25751 -3.5
      vertex -1.83542 2.27347 -3.5
    endloop
  endfacet
  facet normal 0 0 1
    outer loop
      vertex -1.88611 2.75579 -3.5
      vertex -1.86 2.25751 -3.5
      vertex -1.86 2.74249 -3.5
    endloop
  endfacet
  facet normal 0 0 1
    outer loop
      vertex -1.88611 2.75579 -3.5
      vertex -1.88611 2.24421 -3.5
      vertex -1.86 2.25751 -3.5
    endloop
  endfacet
  facet normal 0 0 1
    outer loop
      vertex -1.91348 2.7663 -3.5
      vertex -1.88611 2.24421 -3.5
      vertex -1.88611 2.75579 -3.5
    endloop
  endfacet
  facet normal 0 0 1
    outer loop
      vertex -1.91348 2.7663 -3.5
      vertex -1.91348 2.2337 -3.5
      vertex -1.88611 2.24421 -3.5
    endloop
  endfacet
  facet normal 0 0 1
    outer loop
      vertex -1.94178 2.77388 -3.5
      vertex -1.91348 2.2337 -3.5
      vertex -1.91348 2.7663 -3.5
    endloop
  endfacet
  facet normal 0 0 1
    outer loop
      vertex -1.94178 2.77388 -3.5
      vertex -1.94178 2.22612 -3.5
      vertex -1.91348 2.2337 -3.5
    endloop
  endfacet
  facet normal 0 0 1
    outer loop
      vertex -1.97073 2.77847 -3.5
      vertex -1.94178 2.22612 -3.5
      vertex -1.94178 2.77388 -3.5
    endloop
  endfacet
  facet normal 0 0 1
    outer loop
      vertex -1.97073 2.77847 -3.5
      vertex -1.97073 2.22153 -3.5
      vertex -1.94178 2.22612 -3.5
    endloop
  endfacet
  facet normal 0 0 1
    outer loop
      vertex -2 2.78 -3.5
      vertex -1.97073 2.22153 -3.5
      vertex -1.97073 2.77847 -3.5
    endloop
  endfacet
  facet normal 0 0 1
    outer loop
      vertex -2 2.78 -3.5
      vertex -2 2.22 -3.5
      vertex -1.97073 2.22153 -3.5
    endloop
  endfacet
  facet normal -0 0 1
    outer loop
      vertex -2.02927 2.77847 -3.5
      vertex -2 2.22 -3.5
      vertex -2 2.78 -3.5
    endloop
  endfacet
  facet normal 0 0 1
    outer loop
      vertex -2.02927 2.77847 -3.5
      vertex -2.02927 2.22153 -3.5
      vertex -2 2.22 -3.5
    endloop
  endfacet
  facet normal -0 0 1
    outer loop
      vertex -2.05822 2.77388 -3.5
      vertex -2.02927 2.22153 -3.5
      vertex -2.02927 2.77847 -3.5
    endloop
  endfacet
  facet normal 0 0 1
    outer loop
      vertex -2.05822 2.77388 -3.5
      vertex -2.05822 2.22612 -3.5
      vertex -2.02927 2.22153 -3.5
    endloop
  endfacet
  facet normal -0 0 1
    outer loop
      vertex -2.08652 2.7663 -3.5
      vertex -2.05822 2.22612 -3.5
      vertex -2.05822 2.77388 -3.5
    endloop
  endfacet
  facet normal 0 0 1
    outer loop
      vertex -2.08652 2.7663 -3.5
      vertex -2.08652 2.2337 -3.5
      vertex -2.05822 2.22612 -3.5
    endloop
  endfacet
  facet normal -0 0 1
    outer loop
      vertex -2.11389 2.75579 -3.5
      vertex -2.08652 2.2337 -3.5
      vertex -2.08652 2.7663 -3.5
    endloop
  endfacet
  facet normal 0 0 1
    outer loop
      vertex -2.11389 2.75579 -3.5
      vertex -2.11389 2.24421 -3.5
      vertex -2.08652 2.2337 -3.5
    endloop
  endfacet
  facet normal -0 0 1
    outer loop
      vertex -2.14 2.74249 -3.5
      vertex -2.11389 2.24421 -3.5
      vertex -2.11389 2.75579 -3.5
    endloop
  endfacet
  facet normal 0 0 1
    outer loop
      vertex -2.14 2.74249 -3.5
      vertex -2.14 2.25751 -3.5
      vertex -2.11389 2.24421 -3.5
    endloop
  endfacet
  facet normal -0 0 1
    outer loop
      vertex -2.16458 2.72652 -3.5
      vertex -2.14 2.25751 -3.5
      vertex -2.14 2.74249 -3.5
    endloop
  endfacet
  facet normal 0 0 1
    outer loop
      vertex -2.16458 2.72652 -3.5
      vertex -2.16458 2.27347 -3.5
      vertex -2.14 2.25751 -3.5
    endloop
  endfacet
  facet normal -0 0 1
    outer loop
      vertex -2.18736 2.70808 -3.5
      vertex -2.16458 2.27347 -3.5
      vertex -2.16458 2.72652 -3.5
    endloop
  endfacet
  facet normal 0 0 1
    outer loop
      vertex -2.18736 2.70808 -3.5
      vertex -2.18736 2.29192 -3.5
      vertex -2.16458 2.27347 -3.5
    endloop
  endfacet
  facet normal -0 0 1
    outer loop
      vertex -2.20808 2.68736 -3.5
      vertex -2.18736 2.29192 -3.5
      vertex -2.18736 2.70808 -3.5
    endloop
  endfacet
  facet normal 0 0 1
    outer loop
      vertex -2.20808 2.68736 -3.5
      vertex -2.20808 2.31264 -3.5
      vertex -2.18736 2.29192 -3.5
    endloop
  endfacet
  facet normal -0 0 1
    outer loop
      vertex -2.22652 2.66458 -3.5
      vertex -2.20808 2.31264 -3.5
      vertex -2.20808 2.68736 -3.5
    endloop
  endfacet
  facet normal 0 0 1
    outer loop
      vertex -2.22652 2.66458 -3.5
      vertex -2.22652 2.33542 -3.5
      vertex -2.20808 2.31264 -3.5
    endloop
  endfacet
  facet normal -0 0 1
    outer loop
      vertex -2.24249 2.64 -3.5
      vertex -2.22652 2.33542 -3.5
      vertex -2.22652 2.66458 -3.5
    endloop
  endfacet
  facet normal 0 0 1
    outer loop
      vertex -2.24249 2.64 -3.5
      vertex -2.24249 2.36 -3.5
      vertex -2.22652 2.33542 -3.5
    endloop
  endfacet
  facet normal -0 0 1
    outer loop
      vertex -2.25579 2.61389 -3.5
      vertex -2.24249 2.36 -3.5
      vertex -2.24249 2.64 -3.5
    endloop
  endfacet
  facet normal 0 0 1
    outer loop
      vertex -2.25579 2.61389 -3.5
      vertex -2.25579 2.38611 -3.5
      vertex -2.24249 2.36 -3.5
    endloop
  endfacet
  facet normal -0 0 1
    outer loop
      vertex -2.2663 2.58652 -3.5
      vertex -2.25579 2.38611 -3.5
      vertex -2.25579 2.61389 -3.5
    endloop
  endfacet
  facet normal 0 0 1
    outer loop
      vertex -2.2663 2.58652 -3.5
      vertex -2.2663 2.41348 -3.5
      vertex -2.25579 2.38611 -3.5
    endloop
  endfacet
  facet normal -0 0 1
    outer loop
      vertex -2.27388 2.55822 -3.5
      vertex -2.2663 2.41348 -3.5
      vertex -2.2663 2.58652 -3.5
    endloop
  endfacet
  facet normal 0 0 1
    outer loop
      vertex -2.27388 2.55822 -3.5
      vertex -2.27388 2.44178 -3.5
      vertex -2.2663 2.41348 -3.5
    endloop
  endfacet
  facet normal -0 0 1
    outer loop
      vertex -2.27847 2.52927 -3.5
      vertex -2.27388 2.44178 -3.5
      vertex -2.27388 2.55822 -3.5
    endloop
  endfacet
  facet normal 0 0 1
    outer loop
      vertex -2.27847 2.52927 -3.5
      vertex -2.27847 2.47073 -3.5
      vertex -2.27388 2.44178 -3.5
    endloop
  endfacet
  facet normal 0 -0 1
    outer loop
      vertex -2.27847 2.47073 -3.5
      vertex -2.27847 2.52927 -3.5
      vertex -2.28 2.5 -3.5
    endloop
  endfacet
  facet normal 0.777261 -0.629179 0
    outer loop
      vertex -2.22652 2.66458 0
      vertex -2.20808 2.68736 -3.5
      vertex -2.20808 2.68736 0
    endloop
  endfacet
  facet normal 0.777261 -0.629179 0
    outer loop
      vertex -2.20808 2.68736 -3.5
      vertex -2.22652 2.66458 0
      vertex -2.22652 2.66458 -3.5
    endloop
  endfacet
  facet normal 0.933539 -0.358476 0
    outer loop
      vertex -2.2663 2.58652 0
      vertex -2.25579 2.61389 -3.5
      vertex -2.25579 2.61389 0
    endloop
  endfacet
  facet normal 0.933539 -0.358476 0
    outer loop
      vertex -2.25579 2.61389 -3.5
      vertex -2.2663 2.58652 0
      vertex -2.2663 2.58652 -3.5
    endloop
  endfacet
  facet normal 0.987663 -0.156593 0
    outer loop
      vertex -2.27847 2.52927 0
      vertex -2.27388 2.55822 -3.5
      vertex -2.27388 2.55822 0
    endloop
  endfacet
  facet normal 0.987663 -0.156593 0
    outer loop
      vertex -2.27388 2.55822 -3.5
      vertex -2.27847 2.52927 0
      vertex -2.27847 2.52927 -3.5
    endloop
  endfacet
  facet normal 0.998637 -0.0522007 0
    outer loop
      vertex -2.28 2.5 0
      vertex -2.27847 2.52927 -3.5
      vertex -2.27847 2.52927 0
    endloop
  endfacet
  facet normal 0.998637 -0.0522007 0
    outer loop
      vertex -2.27847 2.52927 -3.5
      vertex -2.28 2.5 0
      vertex -2.28 2.5 -3.5
    endloop
  endfacet
  facet normal 0.54482 -0.838553 0
    outer loop
      vertex -2.16458 2.72652 -3.5
      vertex -2.14 2.74249 0
      vertex -2.16458 2.72652 0
    endloop
  endfacet
  facet normal 0.54482 -0.838553 0
    outer loop
      vertex -2.14 2.74249 0
      vertex -2.16458 2.72652 -3.5
      vertex -2.14 2.74249 -3.5
    endloop
  endfacet
  facet normal 0.629179 -0.777261 0
    outer loop
      vertex -2.18736 2.70808 -3.5
      vertex -2.16458 2.72652 0
      vertex -2.18736 2.70808 0
    endloop
  endfacet
  facet normal 0.629179 -0.777261 0
    outer loop
      vertex -2.16458 2.72652 0
      vertex -2.18736 2.70808 -3.5
      vertex -2.16458 2.72652 -3.5
    endloop
  endfacet
  facet normal 0.258725 -0.965951 0
    outer loop
      vertex -2.08652 2.7663 -3.5
      vertex -2.05822 2.77388 0
      vertex -2.08652 2.7663 0
    endloop
  endfacet
  facet normal 0.258725 -0.965951 0
    outer loop
      vertex -2.05822 2.77388 0
      vertex -2.08652 2.7663 -3.5
      vertex -2.05822 2.77388 -3.5
    endloop
  endfacet
  facet normal -0.998637 0.0522007 0
    outer loop
      vertex -1.72153 2.47073 -3.5
      vertex -1.72 2.5 0
      vertex -1.72 2.5 -3.5
    endloop
  endfacet
  facet normal -0.998637 0.0522007 0
    outer loop
      vertex -1.72 2.5 0
      vertex -1.72153 2.47073 -3.5
      vertex -1.72153 2.47073 0
    endloop
  endfacet
  facet normal 0.777261 0.629179 0
    outer loop
      vertex -2.20808 2.31264 0
      vertex -2.22652 2.33542 -3.5
      vertex -2.22652 2.33542 0
    endloop
  endfacet
  facet normal 0.777261 0.629179 0
    outer loop
      vertex -2.22652 2.33542 -3.5
      vertex -2.20808 2.31264 0
      vertex -2.20808 2.31264 -3.5
    endloop
  endfacet
  facet normal 0.987663 0.156593 0
    outer loop
      vertex -2.27388 2.44178 0
      vertex -2.27847 2.47073 -3.5
      vertex -2.27847 2.47073 0
    endloop
  endfacet
  facet normal 0.987663 0.156593 0
    outer loop
      vertex -2.27847 2.47073 -3.5
      vertex -2.27388 2.44178 0
      vertex -2.27388 2.44178 -3.5
    endloop
  endfacet
  facet normal 0.933539 0.358476 0
    outer loop
      vertex -2.25579 2.38611 0
      vertex -2.2663 2.41348 -3.5
      vertex -2.2663 2.41348 0
    endloop
  endfacet
  facet normal 0.933539 0.358476 0
    outer loop
      vertex -2.2663 2.41348 -3.5
      vertex -2.25579 2.38611 0
      vertex -2.25579 2.38611 -3.5
    endloop
  endfacet
  facet normal -0.358476 0.933539 0
    outer loop
      vertex -1.88611 2.24421 -3.5
      vertex -1.91348 2.2337 0
      vertex -1.88611 2.24421 0
    endloop
  endfacet
  facet normal -0.358476 0.933539 0
    outer loop
      vertex -1.91348 2.2337 0
      vertex -1.88611 2.24421 -3.5
      vertex -1.91348 2.2337 -3.5
    endloop
  endfacet
  facet normal -0.258725 0.965951 0
    outer loop
      vertex -1.91348 2.2337 -3.5
      vertex -1.94178 2.22612 0
      vertex -1.91348 2.2337 0
    endloop
  endfacet
  facet normal -0.258725 0.965951 0
    outer loop
      vertex -1.94178 2.22612 0
      vertex -1.91348 2.2337 -3.5
      vertex -1.94178 2.22612 -3.5
    endloop
  endfacet
  facet normal -0.45389 -0.891058 0
    outer loop
      vertex -1.88611 2.75579 -3.5
      vertex -1.86 2.74249 0
      vertex -1.88611 2.75579 0
    endloop
  endfacet
  facet normal -0.45389 -0.891058 -0
    outer loop
      vertex -1.86 2.74249 0
      vertex -1.88611 2.75579 -3.5
      vertex -1.86 2.74249 -3.5
    endloop
  endfacet
  facet normal 0.965951 -0.258725 0
    outer loop
      vertex -2.27388 2.55822 0
      vertex -2.2663 2.58652 -3.5
      vertex -2.2663 2.58652 0
    endloop
  endfacet
  facet normal 0.965951 -0.258725 0
    outer loop
      vertex -2.2663 2.58652 -3.5
      vertex -2.27388 2.55822 0
      vertex -2.27388 2.55822 -3.5
    endloop
  endfacet
  facet normal 0.45389 -0.891058 0
    outer loop
      vertex -2.14 2.74249 -3.5
      vertex -2.11389 2.75579 0
      vertex -2.14 2.74249 0
    endloop
  endfacet
  facet normal 0.45389 -0.891058 0
    outer loop
      vertex -2.11389 2.75579 0
      vertex -2.14 2.74249 -3.5
      vertex -2.11389 2.75579 -3.5
    endloop
  endfacet
  facet normal -0.965951 0.258725 0
    outer loop
      vertex -1.7337 2.41348 -3.5
      vertex -1.72612 2.44178 0
      vertex -1.72612 2.44178 -3.5
    endloop
  endfacet
  facet normal -0.965951 0.258725 0
    outer loop
      vertex -1.72612 2.44178 0
      vertex -1.7337 2.41348 -3.5
      vertex -1.7337 2.41348 0
    endloop
  endfacet
  facet normal -0.45389 0.891058 0
    outer loop
      vertex -1.86 2.25751 -3.5
      vertex -1.88611 2.24421 0
      vertex -1.86 2.25751 0
    endloop
  endfacet
  facet normal -0.45389 0.891058 0
    outer loop
      vertex -1.88611 2.24421 0
      vertex -1.86 2.25751 -3.5
      vertex -1.88611 2.24421 -3.5
    endloop
  endfacet
  facet normal -0.707107 0.707107 0
    outer loop
      vertex -1.81264 2.29192 -3.5
      vertex -1.79192 2.31264 0
      vertex -1.79192 2.31264 -3.5
    endloop
  endfacet
  facet normal -0.707107 0.707107 0
    outer loop
      vertex -1.79192 2.31264 0
      vertex -1.81264 2.29192 -3.5
      vertex -1.81264 2.29192 0
    endloop
  endfacet
  facet normal -0.891058 0.45389 0
    outer loop
      vertex -1.75751 2.36 -3.5
      vertex -1.74421 2.38611 0
      vertex -1.74421 2.38611 -3.5
    endloop
  endfacet
  facet normal -0.891058 0.45389 0
    outer loop
      vertex -1.74421 2.38611 0
      vertex -1.75751 2.36 -3.5
      vertex -1.75751 2.36 0
    endloop
  endfacet
  facet normal -0.777094 0.629385 0
    outer loop
      vertex -1.79192 2.31264 -3.5
      vertex -1.77347 2.33542 0
      vertex -1.77347 2.33542 -3.5
    endloop
  endfacet
  facet normal -0.777094 0.629385 0
    outer loop
      vertex -1.77347 2.33542 0
      vertex -1.79192 2.31264 -3.5
      vertex -1.79192 2.31264 0
    endloop
  endfacet
  facet normal 0.358476 0.933539 -0
    outer loop
      vertex -2.08652 2.2337 -3.5
      vertex -2.11389 2.24421 0
      vertex -2.08652 2.2337 0
    endloop
  endfacet
  facet normal 0.358476 0.933539 0
    outer loop
      vertex -2.11389 2.24421 0
      vertex -2.08652 2.2337 -3.5
      vertex -2.11389 2.24421 -3.5
    endloop
  endfacet
  facet normal 0.891058 0.45389 0
    outer loop
      vertex -2.24249 2.36 0
      vertex -2.25579 2.38611 -3.5
      vertex -2.25579 2.38611 0
    endloop
  endfacet
  facet normal 0.891058 0.45389 0
    outer loop
      vertex -2.25579 2.38611 -3.5
      vertex -2.24249 2.36 0
      vertex -2.24249 2.36 -3.5
    endloop
  endfacet
  facet normal 0.965951 0.258725 0
    outer loop
      vertex -2.2663 2.41348 0
      vertex -2.27388 2.44178 -3.5
      vertex -2.27388 2.44178 0
    endloop
  endfacet
  facet normal 0.965951 0.258725 0
    outer loop
      vertex -2.27388 2.44178 -3.5
      vertex -2.2663 2.41348 0
      vertex -2.2663 2.41348 -3.5
    endloop
  endfacet
  facet normal -0.987663 0.156593 0
    outer loop
      vertex -1.72612 2.44178 -3.5
      vertex -1.72153 2.47073 0
      vertex -1.72153 2.47073 -3.5
    endloop
  endfacet
  facet normal -0.987663 0.156593 0
    outer loop
      vertex -1.72153 2.47073 0
      vertex -1.72612 2.44178 -3.5
      vertex -1.72612 2.44178 0
    endloop
  endfacet
  facet normal -0.629385 0.777094 0
    outer loop
      vertex -1.81264 2.29192 -3.5
      vertex -1.83542 2.27347 0
      vertex -1.81264 2.29192 0
    endloop
  endfacet
  facet normal -0.629385 0.777094 0
    outer loop
      vertex -1.83542 2.27347 0
      vertex -1.81264 2.29192 -3.5
      vertex -1.83542 2.27347 -3.5
    endloop
  endfacet
  facet normal -0.544581 0.838709 0
    outer loop
      vertex -1.83542 2.27347 -3.5
      vertex -1.86 2.25751 0
      vertex -1.83542 2.27347 0
    endloop
  endfacet
  facet normal -0.544581 0.838709 0
    outer loop
      vertex -1.86 2.25751 0
      vertex -1.83542 2.27347 -3.5
      vertex -1.86 2.25751 -3.5
    endloop
  endfacet
  facet normal -0.933539 0.358476 0
    outer loop
      vertex -1.74421 2.38611 -3.5
      vertex -1.7337 2.41348 0
      vertex -1.7337 2.41348 -3.5
    endloop
  endfacet
  facet normal -0.933539 0.358476 0
    outer loop
      vertex -1.7337 2.41348 0
      vertex -1.74421 2.38611 -3.5
      vertex -1.74421 2.38611 0
    endloop
  endfacet
  facet normal -0.838709 0.544581 0
    outer loop
      vertex -1.77347 2.33542 -3.5
      vertex -1.75751 2.36 0
      vertex -1.75751 2.36 -3.5
    endloop
  endfacet
  facet normal -0.838709 0.544581 0
    outer loop
      vertex -1.75751 2.36 0
      vertex -1.77347 2.33542 -3.5
      vertex -1.77347 2.33542 0
    endloop
  endfacet
  facet normal -0.0522007 0.998637 0
    outer loop
      vertex -1.97073 2.22153 -3.5
      vertex -2 2.22 0
      vertex -1.97073 2.22153 0
    endloop
  endfacet
  facet normal -0.0522007 0.998637 0
    outer loop
      vertex -2 2.22 0
      vertex -1.97073 2.22153 -3.5
      vertex -2 2.22 -3.5
    endloop
  endfacet
  facet normal 0.45389 0.891058 -0
    outer loop
      vertex -2.11389 2.24421 -3.5
      vertex -2.14 2.25751 0
      vertex -2.11389 2.24421 0
    endloop
  endfacet
  facet normal 0.45389 0.891058 0
    outer loop
      vertex -2.14 2.25751 0
      vertex -2.11389 2.24421 -3.5
      vertex -2.14 2.25751 -3.5
    endloop
  endfacet
  facet normal 0.707107 0.707107 0
    outer loop
      vertex -2.18736 2.29192 0
      vertex -2.20808 2.31264 -3.5
      vertex -2.20808 2.31264 0
    endloop
  endfacet
  facet normal 0.707107 0.707107 0
    outer loop
      vertex -2.20808 2.31264 -3.5
      vertex -2.18736 2.29192 0
      vertex -2.18736 2.29192 -3.5
    endloop
  endfacet
  facet normal 0.838553 0.54482 0
    outer loop
      vertex -2.22652 2.33542 0
      vertex -2.24249 2.36 -3.5
      vertex -2.24249 2.36 0
    endloop
  endfacet
  facet normal 0.838553 0.54482 0
    outer loop
      vertex -2.24249 2.36 -3.5
      vertex -2.22652 2.33542 0
      vertex -2.22652 2.33542 -3.5
    endloop
  endfacet
  facet normal 0.156593 0.987663 -0
    outer loop
      vertex -2.02927 2.22153 -3.5
      vertex -2.05822 2.22612 0
      vertex -2.02927 2.22153 0
    endloop
  endfacet
  facet normal 0.156593 0.987663 0
    outer loop
      vertex -2.05822 2.22612 0
      vertex -2.02927 2.22153 -3.5
      vertex -2.05822 2.22612 -3.5
    endloop
  endfacet
  facet normal 0.629385 0.777094 -0
    outer loop
      vertex -2.16458 2.27347 -3.5
      vertex -2.18736 2.29192 0
      vertex -2.16458 2.27347 0
    endloop
  endfacet
  facet normal 0.629385 0.777094 0
    outer loop
      vertex -2.18736 2.29192 0
      vertex -2.16458 2.27347 -3.5
      vertex -2.18736 2.29192 -3.5
    endloop
  endfacet
  facet normal 0.544581 0.838709 -0
    outer loop
      vertex -2.14 2.25751 -3.5
      vertex -2.16458 2.27347 0
      vertex -2.14 2.25751 0
    endloop
  endfacet
  facet normal 0.544581 0.838709 0
    outer loop
      vertex -2.16458 2.27347 0
      vertex -2.14 2.25751 -3.5
      vertex -2.16458 2.27347 -3.5
    endloop
  endfacet
  facet normal 0.258725 0.965951 -0
    outer loop
      vertex -2.05822 2.22612 -3.5
      vertex -2.08652 2.2337 0
      vertex -2.05822 2.22612 0
    endloop
  endfacet
  facet normal 0.258725 0.965951 0
    outer loop
      vertex -2.08652 2.2337 0
      vertex -2.05822 2.22612 -3.5
      vertex -2.08652 2.2337 -3.5
    endloop
  endfacet
  facet normal -0.629385 -0.777094 0
    outer loop
      vertex 1.16458 -3.27347 -2
      vertex 1.18736 -3.29192 0
      vertex 1.16458 -3.27347 0
    endloop
  endfacet
  facet normal -0.629385 -0.777094 -0
    outer loop
      vertex 1.18736 -3.29192 0
      vertex 1.16458 -3.27347 -2
      vertex 1.18736 -3.29192 -2
    endloop
  endfacet
  facet normal -0.998637 0.0522007 0
    outer loop
      vertex 1.27847 -3.52927 -2
      vertex 1.28 -3.5 0
      vertex 1.28 -3.5 -2
    endloop
  endfacet
  facet normal -0.998637 0.0522007 0
    outer loop
      vertex 1.28 -3.5 0
      vertex 1.27847 -3.52927 -2
      vertex 1.27847 -3.52927 0
    endloop
  endfacet
  facet normal -0.544581 -0.838709 0
    outer loop
      vertex 1.14 -3.25751 -2
      vertex 1.16458 -3.27347 0
      vertex 1.14 -3.25751 0
    endloop
  endfacet
  facet normal -0.544581 -0.838709 -0
    outer loop
      vertex 1.16458 -3.27347 0
      vertex 1.14 -3.25751 -2
      vertex 1.16458 -3.27347 -2
    endloop
  endfacet
  facet normal 0.358568 -0.933504 0
    outer loop
      vertex 0.886113 -3.24421 -2
      vertex 0.913475 -3.2337 0
      vertex 0.886113 -3.24421 0
    endloop
  endfacet
  facet normal 0.358568 -0.933504 0
    outer loop
      vertex 0.913475 -3.2337 0
      vertex 0.886113 -3.24421 -2
      vertex 0.913475 -3.2337 -2
    endloop
  endfacet
  facet normal 0.890975 -0.454053 0
    outer loop
      vertex 0.744206 -3.38611 0
      vertex 0.757512 -3.36 -2
      vertex 0.757512 -3.36 0
    endloop
  endfacet
  facet normal 0.890975 -0.454053 0
    outer loop
      vertex 0.757512 -3.36 -2
      vertex 0.744206 -3.38611 0
      vertex 0.744206 -3.38611 -2
    endloop
  endfacet
  facet normal 0.890975 0.454053 0
    outer loop
      vertex 0.757512 -3.64 0
      vertex 0.744206 -3.61389 -2
      vertex 0.744206 -3.61389 0
    endloop
  endfacet
  facet normal 0.890975 0.454053 0
    outer loop
      vertex 0.744206 -3.61389 -2
      vertex 0.757512 -3.64 0
      vertex 0.757512 -3.64 -2
    endloop
  endfacet
  facet normal -0.965951 -0.258725 0
    outer loop
      vertex 1.27388 -3.44178 -2
      vertex 1.2663 -3.41348 0
      vertex 1.2663 -3.41348 -2
    endloop
  endfacet
  facet normal -0.965951 -0.258725 0
    outer loop
      vertex 1.2663 -3.41348 0
      vertex 1.27388 -3.44178 -2
      vertex 1.27388 -3.44178 0
    endloop
  endfacet
  facet normal -0.777261 -0.629179 0
    outer loop
      vertex 1.22652 -3.33542 -2
      vertex 1.20808 -3.31264 0
      vertex 1.20808 -3.31264 -2
    endloop
  endfacet
  facet normal -0.777261 -0.629179 0
    outer loop
      vertex 1.20808 -3.31264 0
      vertex 1.22652 -3.33542 -2
      vertex 1.22652 -3.33542 0
    endloop
  endfacet
  facet normal -0.45389 -0.891058 0
    outer loop
      vertex 1.11389 -3.24421 -2
      vertex 1.14 -3.25751 0
      vertex 1.11389 -3.24421 0
    endloop
  endfacet
  facet normal -0.45389 -0.891058 -0
    outer loop
      vertex 1.14 -3.25751 0
      vertex 1.11389 -3.24421 -2
      vertex 1.14 -3.25751 -2
    endloop
  endfacet
  facet normal 0.453849 -0.891079 0
    outer loop
      vertex 0.86 -3.25751 -2
      vertex 0.886113 -3.24421 0
      vertex 0.86 -3.25751 0
    endloop
  endfacet
  facet normal 0.453849 -0.891079 0
    outer loop
      vertex 0.886113 -3.24421 0
      vertex 0.86 -3.25751 -2
      vertex 0.886113 -3.24421 -2
    endloop
  endfacet
  facet normal 0.544581 -0.838709 0
    outer loop
      vertex 0.83542 -3.27347 -2
      vertex 0.86 -3.25751 0
      vertex 0.83542 -3.27347 0
    endloop
  endfacet
  facet normal 0.544581 -0.838709 0
    outer loop
      vertex 0.86 -3.25751 0
      vertex 0.83542 -3.27347 -2
      vertex 0.86 -3.25751 -2
    endloop
  endfacet
  facet normal -0.777261 0.629179 0
    outer loop
      vertex 1.20808 -3.68736 -2
      vertex 1.22652 -3.66458 0
      vertex 1.22652 -3.66458 -2
    endloop
  endfacet
  facet normal -0.777261 0.629179 0
    outer loop
      vertex 1.22652 -3.66458 0
      vertex 1.20808 -3.68736 -2
      vertex 1.20808 -3.68736 0
    endloop
  endfacet
  facet normal -0.258725 0.965951 0
    outer loop
      vertex 1.08652 -3.7663 -2
      vertex 1.05822 -3.77388 0
      vertex 1.08652 -3.7663 0
    endloop
  endfacet
  facet normal -0.258725 0.965951 0
    outer loop
      vertex 1.05822 -3.77388 0
      vertex 1.08652 -3.7663 -2
      vertex 1.05822 -3.77388 -2
    endloop
  endfacet
  facet normal -0.707107 0.707107 0
    outer loop
      vertex 1.18736 -3.70808 -2
      vertex 1.20808 -3.68736 0
      vertex 1.20808 -3.68736 -2
    endloop
  endfacet
  facet normal -0.707107 0.707107 0
    outer loop
      vertex 1.20808 -3.68736 0
      vertex 1.18736 -3.70808 -2
      vertex 1.18736 -3.70808 0
    endloop
  endfacet
  facet normal 0.0522042 0.998636 -0
    outer loop
      vertex 1 -3.78 -2
      vertex 0.970732 -3.77847 0
      vertex 1 -3.78 0
    endloop
  endfacet
  facet normal 0.0522042 0.998636 0
    outer loop
      vertex 0.970732 -3.77847 0
      vertex 1 -3.78 -2
      vertex 0.970732 -3.77847 -2
    endloop
  endfacet
  facet normal 0.453849 0.891079 -0
    outer loop
      vertex 0.886113 -3.75579 -2
      vertex 0.86 -3.74249 0
      vertex 0.886113 -3.75579 0
    endloop
  endfacet
  facet normal 0.453849 0.891079 0
    outer loop
      vertex 0.86 -3.74249 0
      vertex 0.886113 -3.75579 -2
      vertex 0.86 -3.74249 -2
    endloop
  endfacet
  facet normal -0.987663 -0.156593 0
    outer loop
      vertex 1.27847 -3.47073 -2
      vertex 1.27388 -3.44178 0
      vertex 1.27388 -3.44178 -2
    endloop
  endfacet
  facet normal -0.987663 -0.156593 0
    outer loop
      vertex 1.27388 -3.44178 0
      vertex 1.27847 -3.47073 -2
      vertex 1.27847 -3.47073 0
    endloop
  endfacet
  facet normal -0.933539 -0.358476 0
    outer loop
      vertex 1.2663 -3.41348 -2
      vertex 1.25579 -3.38611 0
      vertex 1.25579 -3.38611 -2
    endloop
  endfacet
  facet normal -0.933539 -0.358476 0
    outer loop
      vertex 1.25579 -3.38611 0
      vertex 1.2663 -3.41348 -2
      vertex 1.2663 -3.41348 0
    endloop
  endfacet
  facet normal -0.891058 -0.45389 0
    outer loop
      vertex 1.25579 -3.38611 -2
      vertex 1.24249 -3.36 0
      vertex 1.24249 -3.36 -2
    endloop
  endfacet
  facet normal -0.891058 -0.45389 0
    outer loop
      vertex 1.24249 -3.36 0
      vertex 1.25579 -3.38611 -2
      vertex 1.25579 -3.38611 0
    endloop
  endfacet
  facet normal -0.838553 -0.54482 0
    outer loop
      vertex 1.24249 -3.36 -2
      vertex 1.22652 -3.33542 0
      vertex 1.22652 -3.33542 -2
    endloop
  endfacet
  facet normal -0.838553 -0.54482 0
    outer loop
      vertex 1.22652 -3.33542 0
      vertex 1.24249 -3.36 -2
      vertex 1.24249 -3.36 0
    endloop
  endfacet
  facet normal -0.707107 -0.707107 0
    outer loop
      vertex 1.20808 -3.31264 -2
      vertex 1.18736 -3.29192 0
      vertex 1.18736 -3.29192 -2
    endloop
  endfacet
  facet normal -0.707107 -0.707107 0
    outer loop
      vertex 1.18736 -3.29192 0
      vertex 1.20808 -3.31264 -2
      vertex 1.20808 -3.31264 0
    endloop
  endfacet
  facet normal -0.0522007 -0.998637 0
    outer loop
      vertex 1 -3.22 -2
      vertex 1.02927 -3.22153 0
      vertex 1 -3.22 0
    endloop
  endfacet
  facet normal -0.0522007 -0.998637 -0
    outer loop
      vertex 1.02927 -3.22153 0
      vertex 1 -3.22 -2
      vertex 1.02927 -3.22153 -2
    endloop
  endfacet
  facet normal -0.358476 -0.933539 0
    outer loop
      vertex 1.08652 -3.2337 -2
      vertex 1.11389 -3.24421 0
      vertex 1.08652 -3.2337 0
    endloop
  endfacet
  facet normal -0.358476 -0.933539 -0
    outer loop
      vertex 1.11389 -3.24421 0
      vertex 1.08652 -3.2337 -2
      vertex 1.11389 -3.24421 -2
    endloop
  endfacet
  facet normal -0.258725 -0.965951 0
    outer loop
      vertex 1.05822 -3.22612 -2
      vertex 1.08652 -3.2337 0
      vertex 1.05822 -3.22612 0
    endloop
  endfacet
  facet normal -0.258725 -0.965951 -0
    outer loop
      vertex 1.08652 -3.2337 0
      vertex 1.05822 -3.22612 -2
      vertex 1.08652 -3.2337 -2
    endloop
  endfacet
  facet normal -0.156593 -0.987663 0
    outer loop
      vertex 1.02927 -3.22153 -2
      vertex 1.05822 -3.22612 0
      vertex 1.02927 -3.22153 0
    endloop
  endfacet
  facet normal -0.156593 -0.987663 -0
    outer loop
      vertex 1.05822 -3.22612 0
      vertex 1.02927 -3.22153 -2
      vertex 1.05822 -3.22612 -2
    endloop
  endfacet
  facet normal 0.998628 -0.0523708 0
    outer loop
      vertex 0.719999 -3.5 0
      vertex 0.721534 -3.47073 -2
      vertex 0.721534 -3.47073 0
    endloop
  endfacet
  facet normal 0.998628 -0.0523708 0
    outer loop
      vertex 0.721534 -3.47073 -2
      vertex 0.719999 -3.5 0
      vertex 0.719999 -3.5 -2
    endloop
  endfacet
  facet normal 0.9659 -0.258916 0
    outer loop
      vertex 0.726118 -3.44178 0
      vertex 0.733704 -3.41348 -2
      vertex 0.733704 -3.41348 0
    endloop
  endfacet
  facet normal 0.9659 -0.258916 0
    outer loop
      vertex 0.733704 -3.41348 -2
      vertex 0.726118 -3.44178 0
      vertex 0.726118 -3.44178 -2
    endloop
  endfacet
  facet normal 0.707039 -0.707175 0
    outer loop
      vertex 0.791919 -3.31264 0
      vertex 0.812643 -3.29192 -2
      vertex 0.812643 -3.29192 0
    endloop
  endfacet
  facet normal 0.707039 -0.707175 0
    outer loop
      vertex 0.812643 -3.29192 -2
      vertex 0.791919 -3.31264 0
      vertex 0.791919 -3.31264 -2
    endloop
  endfacet
  facet normal 0.777194 -0.629261 0
    outer loop
      vertex 0.773475 -3.33542 0
      vertex 0.791919 -3.31264 -2
      vertex 0.791919 -3.31264 0
    endloop
  endfacet
  facet normal 0.777194 -0.629261 0
    outer loop
      vertex 0.791919 -3.31264 -2
      vertex 0.773475 -3.33542 0
      vertex 0.773475 -3.33542 -2
    endloop
  endfacet
  facet normal 0.0522042 -0.998636 0
    outer loop
      vertex 0.970732 -3.22153 -2
      vertex 1 -3.22 0
      vertex 0.970732 -3.22153 0
    endloop
  endfacet
  facet normal 0.0522042 -0.998636 0
    outer loop
      vertex 1 -3.22 0
      vertex 0.970732 -3.22153 -2
      vertex 1 -3.22 -2
    endloop
  endfacet
  facet normal 0.156604 -0.987662 0
    outer loop
      vertex 0.941784 -3.22612 -2
      vertex 0.970732 -3.22153 0
      vertex 0.941784 -3.22612 0
    endloop
  endfacet
  facet normal 0.156604 -0.987662 0
    outer loop
      vertex 0.970732 -3.22153 0
      vertex 0.941784 -3.22612 -2
      vertex 0.970732 -3.22153 -2
    endloop
  endfacet
  facet normal 0.629435 -0.777053 0
    outer loop
      vertex 0.812643 -3.29192 -2
      vertex 0.83542 -3.27347 0
      vertex 0.812643 -3.29192 0
    endloop
  endfacet
  facet normal 0.629435 -0.777053 0
    outer loop
      vertex 0.83542 -3.27347 0
      vertex 0.812643 -3.29192 -2
      vertex 0.83542 -3.27347 -2
    endloop
  endfacet
  facet normal -0.998637 -0.0522007 0
    outer loop
      vertex 1.28 -3.5 -2
      vertex 1.27847 -3.47073 0
      vertex 1.27847 -3.47073 -2
    endloop
  endfacet
  facet normal -0.998637 -0.0522007 0
    outer loop
      vertex 1.27847 -3.47073 0
      vertex 1.28 -3.5 -2
      vertex 1.28 -3.5 0
    endloop
  endfacet
  facet normal -0.965951 0.258725 0
    outer loop
      vertex 1.2663 -3.58652 -2
      vertex 1.27388 -3.55822 0
      vertex 1.27388 -3.55822 -2
    endloop
  endfacet
  facet normal -0.965951 0.258725 0
    outer loop
      vertex 1.27388 -3.55822 0
      vertex 1.2663 -3.58652 -2
      vertex 1.2663 -3.58652 0
    endloop
  endfacet
  facet normal -0.0522007 0.998637 0
    outer loop
      vertex 1.02927 -3.77847 -2
      vertex 1 -3.78 0
      vertex 1.02927 -3.77847 0
    endloop
  endfacet
  facet normal -0.0522007 0.998637 0
    outer loop
      vertex 1 -3.78 0
      vertex 1.02927 -3.77847 -2
      vertex 1 -3.78 -2
    endloop
  endfacet
  facet normal -0.156593 0.987663 0
    outer loop
      vertex 1.05822 -3.77388 -2
      vertex 1.02927 -3.77847 0
      vertex 1.05822 -3.77388 0
    endloop
  endfacet
  facet normal -0.156593 0.987663 0
    outer loop
      vertex 1.02927 -3.77847 0
      vertex 1.05822 -3.77388 -2
      vertex 1.02927 -3.77847 -2
    endloop
  endfacet
  facet normal -0.45389 0.891058 0
    outer loop
      vertex 1.14 -3.74249 -2
      vertex 1.11389 -3.75579 0
      vertex 1.14 -3.74249 0
    endloop
  endfacet
  facet normal -0.45389 0.891058 0
    outer loop
      vertex 1.11389 -3.75579 0
      vertex 1.14 -3.74249 -2
      vertex 1.11389 -3.75579 -2
    endloop
  endfacet
  facet normal -0.629179 0.777261 0
    outer loop
      vertex 1.18736 -3.70808 -2
      vertex 1.16458 -3.72652 0
      vertex 1.18736 -3.70808 0
    endloop
  endfacet
  facet normal -0.629179 0.777261 0
    outer loop
      vertex 1.16458 -3.72652 0
      vertex 1.18736 -3.70808 -2
      vertex 1.16458 -3.72652 -2
    endloop
  endfacet
  facet normal -0.54482 0.838553 0
    outer loop
      vertex 1.16458 -3.72652 -2
      vertex 1.14 -3.74249 0
      vertex 1.16458 -3.72652 0
    endloop
  endfacet
  facet normal -0.54482 0.838553 0
    outer loop
      vertex 1.14 -3.74249 0
      vertex 1.16458 -3.72652 -2
      vertex 1.14 -3.74249 -2
    endloop
  endfacet
  facet normal 0.258648 0.965972 -0
    outer loop
      vertex 0.941784 -3.77388 -2
      vertex 0.913475 -3.7663 0
      vertex 0.941784 -3.77388 0
    endloop
  endfacet
  facet normal 0.258648 0.965972 0
    outer loop
      vertex 0.913475 -3.7663 0
      vertex 0.941784 -3.77388 -2
      vertex 0.913475 -3.7663 -2
    endloop
  endfacet
  facet normal 0.358568 0.933504 -0
    outer loop
      vertex 0.913475 -3.7663 -2
      vertex 0.886113 -3.75579 0
      vertex 0.913475 -3.7663 0
    endloop
  endfacet
  facet normal 0.358568 0.933504 0
    outer loop
      vertex 0.886113 -3.75579 0
      vertex 0.913475 -3.7663 -2
      vertex 0.886113 -3.75579 -2
    endloop
  endfacet
  facet normal 0.156604 0.987662 -0
    outer loop
      vertex 0.970732 -3.77847 -2
      vertex 0.941784 -3.77388 0
      vertex 0.970732 -3.77847 0
    endloop
  endfacet
  facet normal 0.156604 0.987662 0
    outer loop
      vertex 0.941784 -3.77388 0
      vertex 0.970732 -3.77847 -2
      vertex 0.941784 -3.77388 -2
    endloop
  endfacet
  facet normal 0.629229 0.77722 -0
    outer loop
      vertex 0.83542 -3.72652 -2
      vertex 0.812643 -3.70808 0
      vertex 0.83542 -3.72652 0
    endloop
  endfacet
  facet normal 0.629229 0.77722 0
    outer loop
      vertex 0.812643 -3.70808 0
      vertex 0.83542 -3.72652 -2
      vertex 0.812643 -3.70808 -2
    endloop
  endfacet
  facet normal 0.9659 0.258916 0
    outer loop
      vertex 0.733704 -3.58652 0
      vertex 0.726118 -3.55822 -2
      vertex 0.726118 -3.55822 0
    endloop
  endfacet
  facet normal 0.9659 0.258916 0
    outer loop
      vertex 0.726118 -3.55822 -2
      vertex 0.733704 -3.58652 0
      vertex 0.733704 -3.58652 -2
    endloop
  endfacet
  facet normal 0.998628 0.0523708 0
    outer loop
      vertex 0.721534 -3.52927 0
      vertex 0.719999 -3.5 -2
      vertex 0.719999 -3.5 0
    endloop
  endfacet
  facet normal 0.998628 0.0523708 0
    outer loop
      vertex 0.719999 -3.5 -2
      vertex 0.721534 -3.52927 0
      vertex 0.721534 -3.52927 -2
    endloop
  endfacet
  facet normal 0 0 1
    outer loop
      vertex 1.27847 -3.47073 -2
      vertex 1.27847 -3.52927 -2
      vertex 1.28 -3.5 -2
    endloop
  endfacet
  facet normal 0 0 1
    outer loop
      vertex 1.27388 -3.44178 -2
      vertex 1.27847 -3.52927 -2
      vertex 1.27847 -3.47073 -2
    endloop
  endfacet
  facet normal 0 0 1
    outer loop
      vertex 1.27388 -3.44178 -2
      vertex 1.27388 -3.55822 -2
      vertex 1.27847 -3.52927 -2
    endloop
  endfacet
  facet normal 0 0 1
    outer loop
      vertex 1.2663 -3.41348 -2
      vertex 1.27388 -3.55822 -2
      vertex 1.27388 -3.44178 -2
    endloop
  endfacet
  facet normal 0 0 1
    outer loop
      vertex 1.2663 -3.41348 -2
      vertex 1.2663 -3.58652 -2
      vertex 1.27388 -3.55822 -2
    endloop
  endfacet
  facet normal 0 0 1
    outer loop
      vertex 1.25579 -3.38611 -2
      vertex 1.2663 -3.58652 -2
      vertex 1.2663 -3.41348 -2
    endloop
  endfacet
  facet normal 0 0 1
    outer loop
      vertex 1.25579 -3.38611 -2
      vertex 1.25579 -3.61389 -2
      vertex 1.2663 -3.58652 -2
    endloop
  endfacet
  facet normal 0 0 1
    outer loop
      vertex 1.24249 -3.36 -2
      vertex 1.25579 -3.61389 -2
      vertex 1.25579 -3.38611 -2
    endloop
  endfacet
  facet normal 0 0 1
    outer loop
      vertex 1.24249 -3.36 -2
      vertex 1.24249 -3.64 -2
      vertex 1.25579 -3.61389 -2
    endloop
  endfacet
  facet normal 0 0 1
    outer loop
      vertex 1.22652 -3.33542 -2
      vertex 1.24249 -3.64 -2
      vertex 1.24249 -3.36 -2
    endloop
  endfacet
  facet normal 0 0 1
    outer loop
      vertex 1.22652 -3.33542 -2
      vertex 1.22652 -3.66458 -2
      vertex 1.24249 -3.64 -2
    endloop
  endfacet
  facet normal 0 0 1
    outer loop
      vertex 1.20808 -3.31264 -2
      vertex 1.22652 -3.66458 -2
      vertex 1.22652 -3.33542 -2
    endloop
  endfacet
  facet normal 0 0 1
    outer loop
      vertex 1.20808 -3.31264 -2
      vertex 1.20808 -3.68736 -2
      vertex 1.22652 -3.66458 -2
    endloop
  endfacet
  facet normal 0 0 1
    outer loop
      vertex 1.18736 -3.29192 -2
      vertex 1.20808 -3.68736 -2
      vertex 1.20808 -3.31264 -2
    endloop
  endfacet
  facet normal 0 0 1
    outer loop
      vertex 1.18736 -3.29192 -2
      vertex 1.18736 -3.70808 -2
      vertex 1.20808 -3.68736 -2
    endloop
  endfacet
  facet normal 0 0 1
    outer loop
      vertex 1.16458 -3.27347 -2
      vertex 1.18736 -3.70808 -2
      vertex 1.18736 -3.29192 -2
    endloop
  endfacet
  facet normal 0 0 1
    outer loop
      vertex 1.16458 -3.27347 -2
      vertex 1.16458 -3.72652 -2
      vertex 1.18736 -3.70808 -2
    endloop
  endfacet
  facet normal 0 0 1
    outer loop
      vertex 1.14 -3.25751 -2
      vertex 1.16458 -3.72652 -2
      vertex 1.16458 -3.27347 -2
    endloop
  endfacet
  facet normal 0 0 1
    outer loop
      vertex 1.14 -3.25751 -2
      vertex 1.14 -3.74249 -2
      vertex 1.16458 -3.72652 -2
    endloop
  endfacet
  facet normal 0 0 1
    outer loop
      vertex 1.11389 -3.24421 -2
      vertex 1.14 -3.74249 -2
      vertex 1.14 -3.25751 -2
    endloop
  endfacet
  facet normal 0 0 1
    outer loop
      vertex 1.11389 -3.24421 -2
      vertex 1.11389 -3.75579 -2
      vertex 1.14 -3.74249 -2
    endloop
  endfacet
  facet normal 0 0 1
    outer loop
      vertex 1.08652 -3.2337 -2
      vertex 1.11389 -3.75579 -2
      vertex 1.11389 -3.24421 -2
    endloop
  endfacet
  facet normal 0 0 1
    outer loop
      vertex 1.08652 -3.2337 -2
      vertex 1.08652 -3.7663 -2
      vertex 1.11389 -3.75579 -2
    endloop
  endfacet
  facet normal 0 0 1
    outer loop
      vertex 1.05822 -3.22612 -2
      vertex 1.08652 -3.7663 -2
      vertex 1.08652 -3.2337 -2
    endloop
  endfacet
  facet normal 0 0 1
    outer loop
      vertex 1.05822 -3.22612 -2
      vertex 1.05822 -3.77388 -2
      vertex 1.08652 -3.7663 -2
    endloop
  endfacet
  facet normal 0 0 1
    outer loop
      vertex 1.02927 -3.22153 -2
      vertex 1.05822 -3.77388 -2
      vertex 1.05822 -3.22612 -2
    endloop
  endfacet
  facet normal 0 0 1
    outer loop
      vertex 1.02927 -3.22153 -2
      vertex 1.02927 -3.77847 -2
      vertex 1.05822 -3.77388 -2
    endloop
  endfacet
  facet normal 0 0 1
    outer loop
      vertex 1 -3.22 -2
      vertex 1.02927 -3.77847 -2
      vertex 1.02927 -3.22153 -2
    endloop
  endfacet
  facet normal 0 0 1
    outer loop
      vertex 1 -3.22 -2
      vertex 1 -3.78 -2
      vertex 1.02927 -3.77847 -2
    endloop
  endfacet
  facet normal -0 0 1
    outer loop
      vertex 0.970732 -3.22153 -2
      vertex 1 -3.78 -2
      vertex 1 -3.22 -2
    endloop
  endfacet
  facet normal 0 0 1
    outer loop
      vertex 0.970732 -3.22153 -2
      vertex 0.970732 -3.77847 -2
      vertex 1 -3.78 -2
    endloop
  endfacet
  facet normal -0 0 1
    outer loop
      vertex 0.941784 -3.22612 -2
      vertex 0.970732 -3.77847 -2
      vertex 0.970732 -3.22153 -2
    endloop
  endfacet
  facet normal 0 0 1
    outer loop
      vertex 0.941784 -3.22612 -2
      vertex 0.941784 -3.77388 -2
      vertex 0.970732 -3.77847 -2
    endloop
  endfacet
  facet normal -0 0 1
    outer loop
      vertex 0.913475 -3.2337 -2
      vertex 0.941784 -3.77388 -2
      vertex 0.941784 -3.22612 -2
    endloop
  endfacet
  facet normal 0 0 1
    outer loop
      vertex 0.913475 -3.2337 -2
      vertex 0.913475 -3.7663 -2
      vertex 0.941784 -3.77388 -2
    endloop
  endfacet
  facet normal -0 0 1
    outer loop
      vertex 0.886113 -3.24421 -2
      vertex 0.913475 -3.7663 -2
      vertex 0.913475 -3.2337 -2
    endloop
  endfacet
  facet normal 0 0 1
    outer loop
      vertex 0.886113 -3.24421 -2
      vertex 0.886113 -3.75579 -2
      vertex 0.913475 -3.7663 -2
    endloop
  endfacet
  facet normal -0 0 1
    outer loop
      vertex 0.86 -3.25751 -2
      vertex 0.886113 -3.75579 -2
      vertex 0.886113 -3.24421 -2
    endloop
  endfacet
  facet normal 0 0 1
    outer loop
      vertex 0.86 -3.25751 -2
      vertex 0.86 -3.74249 -2
      vertex 0.886113 -3.75579 -2
    endloop
  endfacet
  facet normal -0 0 1
    outer loop
      vertex 0.83542 -3.27347 -2
      vertex 0.86 -3.74249 -2
      vertex 0.86 -3.25751 -2
    endloop
  endfacet
  facet normal 0 0 1
    outer loop
      vertex 0.83542 -3.27347 -2
      vertex 0.83542 -3.72652 -2
      vertex 0.86 -3.74249 -2
    endloop
  endfacet
  facet normal -0 0 1
    outer loop
      vertex 0.812643 -3.29192 -2
      vertex 0.83542 -3.72652 -2
      vertex 0.83542 -3.27347 -2
    endloop
  endfacet
  facet normal 0 0 1
    outer loop
      vertex 0.812643 -3.29192 -2
      vertex 0.812643 -3.70808 -2
      vertex 0.83542 -3.72652 -2
    endloop
  endfacet
  facet normal -0 0 1
    outer loop
      vertex 0.791919 -3.31264 -2
      vertex 0.812643 -3.70808 -2
      vertex 0.812643 -3.29192 -2
    endloop
  endfacet
  facet normal 0 0 1
    outer loop
      vertex 0.791919 -3.31264 -2
      vertex 0.791919 -3.68736 -2
      vertex 0.812643 -3.70808 -2
    endloop
  endfacet
  facet normal -0 0 1
    outer loop
      vertex 0.773475 -3.33542 -2
      vertex 0.791919 -3.68736 -2
      vertex 0.791919 -3.31264 -2
    endloop
  endfacet
  facet normal 0 0 1
    outer loop
      vertex 0.773475 -3.33542 -2
      vertex 0.773475 -3.66458 -2
      vertex 0.791919 -3.68736 -2
    endloop
  endfacet
  facet normal -0 0 1
    outer loop
      vertex 0.757512 -3.36 -2
      vertex 0.773475 -3.66458 -2
      vertex 0.773475 -3.33542 -2
    endloop
  endfacet
  facet normal 0 0 1
    outer loop
      vertex 0.757512 -3.36 -2
      vertex 0.757512 -3.64 -2
      vertex 0.773475 -3.66458 -2
    endloop
  endfacet
  facet normal -0 0 1
    outer loop
      vertex 0.744206 -3.38611 -2
      vertex 0.757512 -3.64 -2
      vertex 0.757512 -3.36 -2
    endloop
  endfacet
  facet normal 0 0 1
    outer loop
      vertex 0.744206 -3.38611 -2
      vertex 0.744206 -3.61389 -2
      vertex 0.757512 -3.64 -2
    endloop
  endfacet
  facet normal -0 0 1
    outer loop
      vertex 0.733704 -3.41348 -2
      vertex 0.744206 -3.61389 -2
      vertex 0.744206 -3.38611 -2
    endloop
  endfacet
  facet normal 0 0 1
    outer loop
      vertex 0.733704 -3.41348 -2
      vertex 0.733704 -3.58652 -2
      vertex 0.744206 -3.61389 -2
    endloop
  endfacet
  facet normal -0 0 1
    outer loop
      vertex 0.726118 -3.44178 -2
      vertex 0.733704 -3.58652 -2
      vertex 0.733704 -3.41348 -2
    endloop
  endfacet
  facet normal 0 0 1
    outer loop
      vertex 0.726118 -3.44178 -2
      vertex 0.726118 -3.55822 -2
      vertex 0.733704 -3.58652 -2
    endloop
  endfacet
  facet normal -0 0 1
    outer loop
      vertex 0.721534 -3.47073 -2
      vertex 0.726118 -3.55822 -2
      vertex 0.726118 -3.44178 -2
    endloop
  endfacet
  facet normal 0 0 1
    outer loop
      vertex 0.721534 -3.47073 -2
      vertex 0.721534 -3.52927 -2
      vertex 0.726118 -3.55822 -2
    endloop
  endfacet
  facet normal 0 -0 1
    outer loop
      vertex 0.721534 -3.52927 -2
      vertex 0.721534 -3.47073 -2
      vertex 0.719999 -3.5 -2
    endloop
  endfacet
  facet normal 0.777194 0.629261 0
    outer loop
      vertex 0.791919 -3.68736 0
      vertex 0.773475 -3.66458 -2
      vertex 0.773475 -3.66458 0
    endloop
  endfacet
  facet normal 0.777194 0.629261 0
    outer loop
      vertex 0.773475 -3.66458 -2
      vertex 0.791919 -3.68736 0
      vertex 0.791919 -3.68736 -2
    endloop
  endfacet
  facet normal 0.707039 0.707175 0
    outer loop
      vertex 0.812643 -3.70808 0
      vertex 0.791919 -3.68736 -2
      vertex 0.791919 -3.68736 0
    endloop
  endfacet
  facet normal 0.707039 0.707175 0
    outer loop
      vertex 0.791919 -3.68736 -2
      vertex 0.812643 -3.70808 0
      vertex 0.812643 -3.70808 -2
    endloop
  endfacet
  facet normal 0.987695 -0.156394 0
    outer loop
      vertex 0.721534 -3.47073 0
      vertex 0.726118 -3.44178 -2
      vertex 0.726118 -3.44178 0
    endloop
  endfacet
  facet normal 0.987695 -0.156394 0
    outer loop
      vertex 0.726118 -3.44178 -2
      vertex 0.721534 -3.47073 0
      vertex 0.721534 -3.47073 -2
    endloop
  endfacet
  facet normal 0.93363 -0.358238 0
    outer loop
      vertex 0.733704 -3.41348 0
      vertex 0.744206 -3.38611 -2
      vertex 0.744206 -3.38611 0
    endloop
  endfacet
  facet normal 0.93363 -0.358238 0
    outer loop
      vertex 0.744206 -3.38611 -2
      vertex 0.733704 -3.41348 0
      vertex 0.733704 -3.41348 -2
    endloop
  endfacet
  facet normal 0.838662 -0.544653 0
    outer loop
      vertex 0.757512 -3.36 0
      vertex 0.773475 -3.33542 -2
      vertex 0.773475 -3.33542 0
    endloop
  endfacet
  facet normal 0.838662 -0.544653 0
    outer loop
      vertex 0.773475 -3.33542 -2
      vertex 0.757512 -3.36 0
      vertex 0.757512 -3.36 -2
    endloop
  endfacet
  facet normal 0.258648 -0.965972 0
    outer loop
      vertex 0.913475 -3.2337 -2
      vertex 0.941784 -3.22612 0
      vertex 0.913475 -3.2337 0
    endloop
  endfacet
  facet normal 0.258648 -0.965972 0
    outer loop
      vertex 0.941784 -3.22612 0
      vertex 0.913475 -3.2337 -2
      vertex 0.941784 -3.22612 -2
    endloop
  endfacet
  facet normal -0.987663 0.156593 0
    outer loop
      vertex 1.27388 -3.55822 -2
      vertex 1.27847 -3.52927 0
      vertex 1.27847 -3.52927 -2
    endloop
  endfacet
  facet normal -0.987663 0.156593 0
    outer loop
      vertex 1.27847 -3.52927 0
      vertex 1.27388 -3.55822 -2
      vertex 1.27388 -3.55822 0
    endloop
  endfacet
  facet normal -0.933539 0.358476 0
    outer loop
      vertex 1.25579 -3.61389 -2
      vertex 1.2663 -3.58652 0
      vertex 1.2663 -3.58652 -2
    endloop
  endfacet
  facet normal -0.933539 0.358476 0
    outer loop
      vertex 1.2663 -3.58652 0
      vertex 1.25579 -3.61389 -2
      vertex 1.25579 -3.61389 0
    endloop
  endfacet
  facet normal -0.891058 0.45389 0
    outer loop
      vertex 1.24249 -3.64 -2
      vertex 1.25579 -3.61389 0
      vertex 1.25579 -3.61389 -2
    endloop
  endfacet
  facet normal -0.891058 0.45389 0
    outer loop
      vertex 1.25579 -3.61389 0
      vertex 1.24249 -3.64 -2
      vertex 1.24249 -3.64 0
    endloop
  endfacet
  facet normal -0.358476 0.933539 0
    outer loop
      vertex 1.11389 -3.75579 -2
      vertex 1.08652 -3.7663 0
      vertex 1.11389 -3.75579 0
    endloop
  endfacet
  facet normal -0.358476 0.933539 0
    outer loop
      vertex 1.08652 -3.7663 0
      vertex 1.11389 -3.75579 -2
      vertex 1.08652 -3.7663 -2
    endloop
  endfacet
  facet normal 0.54482 0.838553 -0
    outer loop
      vertex 0.86 -3.74249 -2
      vertex 0.83542 -3.72652 0
      vertex 0.86 -3.74249 0
    endloop
  endfacet
  facet normal 0.54482 0.838553 0
    outer loop
      vertex 0.83542 -3.72652 0
      vertex 0.86 -3.74249 -2
      vertex 0.83542 -3.72652 -2
    endloop
  endfacet
  facet normal 0.987695 0.156394 0
    outer loop
      vertex 0.726118 -3.55822 0
      vertex 0.721534 -3.52927 -2
      vertex 0.721534 -3.52927 0
    endloop
  endfacet
  facet normal 0.987695 0.156394 0
    outer loop
      vertex 0.721534 -3.52927 -2
      vertex 0.726118 -3.55822 0
      vertex 0.726118 -3.55822 -2
    endloop
  endfacet
  facet normal 0.93363 0.358238 0
    outer loop
      vertex 0.744206 -3.61389 0
      vertex 0.733704 -3.58652 -2
      vertex 0.733704 -3.58652 0
    endloop
  endfacet
  facet normal 0.93363 0.358238 0
    outer loop
      vertex 0.733704 -3.58652 -2
      vertex 0.744206 -3.61389 0
      vertex 0.744206 -3.61389 -2
    endloop
  endfacet
  facet normal 0.838662 0.544653 0
    outer loop
      vertex 0.773475 -3.66458 0
      vertex 0.757512 -3.64 -2
      vertex 0.757512 -3.64 0
    endloop
  endfacet
  facet normal 0.838662 0.544653 0
    outer loop
      vertex 0.757512 -3.64 -2
      vertex 0.773475 -3.66458 0
      vertex 0.773475 -3.66458 -2
    endloop
  endfacet
  facet normal -0.838553 0.54482 0
    outer loop
      vertex 1.22652 -3.66458 -2
      vertex 1.24249 -3.64 0
      vertex 1.24249 -3.64 -2
    endloop
  endfacet
  facet normal -0.838553 0.54482 0
    outer loop
      vertex 1.24249 -3.64 0
      vertex 1.22652 -3.66458 -2
      vertex 1.22652 -3.66458 0
    endloop
  endfacet
  facet normal -0.998628 -0.0523708 0
    outer loop
      vertex -0.719999 -3.5 -2
      vertex -0.721534 -3.47073 0
      vertex -0.721534 -3.47073 -2
    endloop
  endfacet
  facet normal -0.998628 -0.0523708 0
    outer loop
      vertex -0.721534 -3.47073 0
      vertex -0.719999 -3.5 -2
      vertex -0.719999 -3.5 0
    endloop
  endfacet
  facet normal 0.998637 -0.0522007 0
    outer loop
      vertex -1.28 -3.5 0
      vertex -1.27847 -3.47073 -2
      vertex -1.27847 -3.47073 0
    endloop
  endfacet
  facet normal 0.998637 -0.0522007 0
    outer loop
      vertex -1.27847 -3.47073 -2
      vertex -1.28 -3.5 0
      vertex -1.28 -3.5 -2
    endloop
  endfacet
  facet normal -0.0522042 -0.998636 0
    outer loop
      vertex -1 -3.22 -2
      vertex -0.970732 -3.22153 0
      vertex -1 -3.22 0
    endloop
  endfacet
  facet normal -0.0522042 -0.998636 -0
    outer loop
      vertex -0.970732 -3.22153 0
      vertex -1 -3.22 -2
      vertex -0.970732 -3.22153 -2
    endloop
  endfacet
  facet normal -0.707039 -0.707175 0
    outer loop
      vertex -0.791919 -3.31264 -2
      vertex -0.812643 -3.29192 0
      vertex -0.812643 -3.29192 -2
    endloop
  endfacet
  facet normal -0.707039 -0.707175 0
    outer loop
      vertex -0.812643 -3.29192 0
      vertex -0.791919 -3.31264 -2
      vertex -0.791919 -3.31264 0
    endloop
  endfacet
  facet normal 0.707107 -0.707107 0
    outer loop
      vertex -1.20808 -3.31264 0
      vertex -1.18736 -3.29192 -2
      vertex -1.18736 -3.29192 0
    endloop
  endfacet
  facet normal 0.707107 -0.707107 0
    outer loop
      vertex -1.18736 -3.29192 -2
      vertex -1.20808 -3.31264 0
      vertex -1.20808 -3.31264 -2
    endloop
  endfacet
  facet normal 0.358476 -0.933539 0
    outer loop
      vertex -1.11389 -3.24421 -2
      vertex -1.08652 -3.2337 0
      vertex -1.11389 -3.24421 0
    endloop
  endfacet
  facet normal 0.358476 -0.933539 0
    outer loop
      vertex -1.08652 -3.2337 0
      vertex -1.11389 -3.24421 -2
      vertex -1.08652 -3.2337 -2
    endloop
  endfacet
  facet normal -0.93363 -0.358238 0
    outer loop
      vertex -0.733704 -3.41348 -2
      vertex -0.744206 -3.38611 0
      vertex -0.744206 -3.38611 -2
    endloop
  endfacet
  facet normal -0.93363 -0.358238 0
    outer loop
      vertex -0.744206 -3.38611 0
      vertex -0.733704 -3.41348 -2
      vertex -0.733704 -3.41348 0
    endloop
  endfacet
  facet normal -0.987695 -0.156394 0
    outer loop
      vertex -0.721534 -3.47073 -2
      vertex -0.726118 -3.44178 0
      vertex -0.726118 -3.44178 -2
    endloop
  endfacet
  facet normal -0.987695 -0.156394 0
    outer loop
      vertex -0.726118 -3.44178 0
      vertex -0.721534 -3.47073 -2
      vertex -0.721534 -3.47073 0
    endloop
  endfacet
  facet normal -0.453849 -0.891079 0
    outer loop
      vertex -0.886113 -3.24421 -2
      vertex -0.86 -3.25751 0
      vertex -0.886113 -3.24421 0
    endloop
  endfacet
  facet normal -0.453849 -0.891079 -0
    outer loop
      vertex -0.86 -3.25751 0
      vertex -0.886113 -3.24421 -2
      vertex -0.86 -3.25751 -2
    endloop
  endfacet
  facet normal -0.544581 -0.838709 0
    outer loop
      vertex -0.86 -3.25751 -2
      vertex -0.83542 -3.27347 0
      vertex -0.86 -3.25751 0
    endloop
  endfacet
  facet normal -0.544581 -0.838709 -0
    outer loop
      vertex -0.83542 -3.27347 0
      vertex -0.86 -3.25751 -2
      vertex -0.83542 -3.27347 -2
    endloop
  endfacet
  facet normal 0.891058 -0.45389 0
    outer loop
      vertex -1.25579 -3.38611 0
      vertex -1.24249 -3.36 -2
      vertex -1.24249 -3.36 0
    endloop
  endfacet
  facet normal 0.891058 -0.45389 0
    outer loop
      vertex -1.24249 -3.36 -2
      vertex -1.25579 -3.38611 0
      vertex -1.25579 -3.38611 -2
    endloop
  endfacet
  facet normal 0.156593 -0.987663 0
    outer loop
      vertex -1.05822 -3.22612 -2
      vertex -1.02927 -3.22153 0
      vertex -1.05822 -3.22612 0
    endloop
  endfacet
  facet normal 0.156593 -0.987663 0
    outer loop
      vertex -1.02927 -3.22153 0
      vertex -1.05822 -3.22612 -2
      vertex -1.02927 -3.22153 -2
    endloop
  endfacet
  facet normal 0.891058 0.45389 0
    outer loop
      vertex -1.24249 -3.64 0
      vertex -1.25579 -3.61389 -2
      vertex -1.25579 -3.61389 0
    endloop
  endfacet
  facet normal 0.891058 0.45389 0
    outer loop
      vertex -1.25579 -3.61389 -2
      vertex -1.24249 -3.64 0
      vertex -1.24249 -3.64 -2
    endloop
  endfacet
  facet normal 0 0 1
    outer loop
      vertex -0.721534 -3.47073 -2
      vertex -0.721534 -3.52927 -2
      vertex -0.719999 -3.5 -2
    endloop
  endfacet
  facet normal 0 0 1
    outer loop
      vertex -0.726118 -3.44178 -2
      vertex -0.721534 -3.52927 -2
      vertex -0.721534 -3.47073 -2
    endloop
  endfacet
  facet normal 0 0 1
    outer loop
      vertex -0.726118 -3.44178 -2
      vertex -0.726118 -3.55822 -2
      vertex -0.721534 -3.52927 -2
    endloop
  endfacet
  facet normal 0 0 1
    outer loop
      vertex -0.733704 -3.41348 -2
      vertex -0.726118 -3.55822 -2
      vertex -0.726118 -3.44178 -2
    endloop
  endfacet
  facet normal 0 0 1
    outer loop
      vertex -0.733704 -3.41348 -2
      vertex -0.733704 -3.58652 -2
      vertex -0.726118 -3.55822 -2
    endloop
  endfacet
  facet normal 0 0 1
    outer loop
      vertex -0.744206 -3.38611 -2
      vertex -0.733704 -3.58652 -2
      vertex -0.733704 -3.41348 -2
    endloop
  endfacet
  facet normal 0 0 1
    outer loop
      vertex -0.744206 -3.38611 -2
      vertex -0.744206 -3.61389 -2
      vertex -0.733704 -3.58652 -2
    endloop
  endfacet
  facet normal 0 0 1
    outer loop
      vertex -0.757512 -3.36 -2
      vertex -0.744206 -3.61389 -2
      vertex -0.744206 -3.38611 -2
    endloop
  endfacet
  facet normal 0 0 1
    outer loop
      vertex -0.757512 -3.36 -2
      vertex -0.757512 -3.64 -2
      vertex -0.744206 -3.61389 -2
    endloop
  endfacet
  facet normal 0 0 1
    outer loop
      vertex -0.773475 -3.33542 -2
      vertex -0.757512 -3.64 -2
      vertex -0.757512 -3.36 -2
    endloop
  endfacet
  facet normal 0 0 1
    outer loop
      vertex -0.773475 -3.33542 -2
      vertex -0.773475 -3.66458 -2
      vertex -0.757512 -3.64 -2
    endloop
  endfacet
  facet normal 0 0 1
    outer loop
      vertex -0.791919 -3.31264 -2
      vertex -0.773475 -3.66458 -2
      vertex -0.773475 -3.33542 -2
    endloop
  endfacet
  facet normal 0 0 1
    outer loop
      vertex -0.791919 -3.31264 -2
      vertex -0.791919 -3.68736 -2
      vertex -0.773475 -3.66458 -2
    endloop
  endfacet
  facet normal 0 0 1
    outer loop
      vertex -0.812643 -3.29192 -2
      vertex -0.791919 -3.68736 -2
      vertex -0.791919 -3.31264 -2
    endloop
  endfacet
  facet normal 0 0 1
    outer loop
      vertex -0.812643 -3.29192 -2
      vertex -0.812643 -3.70808 -2
      vertex -0.791919 -3.68736 -2
    endloop
  endfacet
  facet normal 0 0 1
    outer loop
      vertex -0.83542 -3.27347 -2
      vertex -0.812643 -3.70808 -2
      vertex -0.812643 -3.29192 -2
    endloop
  endfacet
  facet normal 0 0 1
    outer loop
      vertex -0.83542 -3.27347 -2
      vertex -0.83542 -3.72652 -2
      vertex -0.812643 -3.70808 -2
    endloop
  endfacet
  facet normal 0 0 1
    outer loop
      vertex -0.86 -3.25751 -2
      vertex -0.83542 -3.72652 -2
      vertex -0.83542 -3.27347 -2
    endloop
  endfacet
  facet normal 0 0 1
    outer loop
      vertex -0.86 -3.25751 -2
      vertex -0.86 -3.74249 -2
      vertex -0.83542 -3.72652 -2
    endloop
  endfacet
  facet normal 0 0 1
    outer loop
      vertex -0.886113 -3.24421 -2
      vertex -0.86 -3.74249 -2
      vertex -0.86 -3.25751 -2
    endloop
  endfacet
  facet normal 0 0 1
    outer loop
      vertex -0.886113 -3.24421 -2
      vertex -0.886113 -3.75579 -2
      vertex -0.86 -3.74249 -2
    endloop
  endfacet
  facet normal 0 0 1
    outer loop
      vertex -0.913475 -3.2337 -2
      vertex -0.886113 -3.75579 -2
      vertex -0.886113 -3.24421 -2
    endloop
  endfacet
  facet normal 0 0 1
    outer loop
      vertex -0.913475 -3.2337 -2
      vertex -0.913475 -3.7663 -2
      vertex -0.886113 -3.75579 -2
    endloop
  endfacet
  facet normal 0 0 1
    outer loop
      vertex -0.941784 -3.22612 -2
      vertex -0.913475 -3.7663 -2
      vertex -0.913475 -3.2337 -2
    endloop
  endfacet
  facet normal 0 0 1
    outer loop
      vertex -0.941784 -3.22612 -2
      vertex -0.941784 -3.77388 -2
      vertex -0.913475 -3.7663 -2
    endloop
  endfacet
  facet normal 0 0 1
    outer loop
      vertex -0.970732 -3.22153 -2
      vertex -0.941784 -3.77388 -2
      vertex -0.941784 -3.22612 -2
    endloop
  endfacet
  facet normal 0 0 1
    outer loop
      vertex -0.970732 -3.22153 -2
      vertex -0.970732 -3.77847 -2
      vertex -0.941784 -3.77388 -2
    endloop
  endfacet
  facet normal 0 0 1
    outer loop
      vertex -1 -3.22 -2
      vertex -0.970732 -3.77847 -2
      vertex -0.970732 -3.22153 -2
    endloop
  endfacet
  facet normal 0 0 1
    outer loop
      vertex -1 -3.22 -2
      vertex -1 -3.78 -2
      vertex -0.970732 -3.77847 -2
    endloop
  endfacet
  facet normal -0 0 1
    outer loop
      vertex -1.02927 -3.22153 -2
      vertex -1 -3.78 -2
      vertex -1 -3.22 -2
    endloop
  endfacet
  facet normal 0 0 1
    outer loop
      vertex -1.02927 -3.22153 -2
      vertex -1.02927 -3.77847 -2
      vertex -1 -3.78 -2
    endloop
  endfacet
  facet normal -0 0 1
    outer loop
      vertex -1.05822 -3.22612 -2
      vertex -1.02927 -3.77847 -2
      vertex -1.02927 -3.22153 -2
    endloop
  endfacet
  facet normal 0 0 1
    outer loop
      vertex -1.05822 -3.22612 -2
      vertex -1.05822 -3.77388 -2
      vertex -1.02927 -3.77847 -2
    endloop
  endfacet
  facet normal -0 0 1
    outer loop
      vertex -1.08652 -3.2337 -2
      vertex -1.05822 -3.77388 -2
      vertex -1.05822 -3.22612 -2
    endloop
  endfacet
  facet normal 0 0 1
    outer loop
      vertex -1.08652 -3.2337 -2
      vertex -1.08652 -3.7663 -2
      vertex -1.05822 -3.77388 -2
    endloop
  endfacet
  facet normal -0 0 1
    outer loop
      vertex -1.11389 -3.24421 -2
      vertex -1.08652 -3.7663 -2
      vertex -1.08652 -3.2337 -2
    endloop
  endfacet
  facet normal 0 0 1
    outer loop
      vertex -1.11389 -3.24421 -2
      vertex -1.11389 -3.75579 -2
      vertex -1.08652 -3.7663 -2
    endloop
  endfacet
  facet normal -0 0 1
    outer loop
      vertex -1.14 -3.25751 -2
      vertex -1.11389 -3.75579 -2
      vertex -1.11389 -3.24421 -2
    endloop
  endfacet
  facet normal 0 0 1
    outer loop
      vertex -1.14 -3.25751 -2
      vertex -1.14 -3.74249 -2
      vertex -1.11389 -3.75579 -2
    endloop
  endfacet
  facet normal -0 0 1
    outer loop
      vertex -1.16458 -3.27347 -2
      vertex -1.14 -3.74249 -2
      vertex -1.14 -3.25751 -2
    endloop
  endfacet
  facet normal 0 0 1
    outer loop
      vertex -1.16458 -3.27347 -2
      vertex -1.16458 -3.72652 -2
      vertex -1.14 -3.74249 -2
    endloop
  endfacet
  facet normal -0 0 1
    outer loop
      vertex -1.18736 -3.29192 -2
      vertex -1.16458 -3.72652 -2
      vertex -1.16458 -3.27347 -2
    endloop
  endfacet
  facet normal 0 0 1
    outer loop
      vertex -1.18736 -3.29192 -2
      vertex -1.18736 -3.70808 -2
      vertex -1.16458 -3.72652 -2
    endloop
  endfacet
  facet normal -0 0 1
    outer loop
      vertex -1.20808 -3.31264 -2
      vertex -1.18736 -3.70808 -2
      vertex -1.18736 -3.29192 -2
    endloop
  endfacet
  facet normal 0 0 1
    outer loop
      vertex -1.20808 -3.31264 -2
      vertex -1.20808 -3.68736 -2
      vertex -1.18736 -3.70808 -2
    endloop
  endfacet
  facet normal -0 0 1
    outer loop
      vertex -1.22652 -3.33542 -2
      vertex -1.20808 -3.68736 -2
      vertex -1.20808 -3.31264 -2
    endloop
  endfacet
  facet normal 0 0 1
    outer loop
      vertex -1.22652 -3.33542 -2
      vertex -1.22652 -3.66458 -2
      vertex -1.20808 -3.68736 -2
    endloop
  endfacet
  facet normal -0 0 1
    outer loop
      vertex -1.24249 -3.36 -2
      vertex -1.22652 -3.66458 -2
      vertex -1.22652 -3.33542 -2
    endloop
  endfacet
  facet normal 0 0 1
    outer loop
      vertex -1.24249 -3.36 -2
      vertex -1.24249 -3.64 -2
      vertex -1.22652 -3.66458 -2
    endloop
  endfacet
  facet normal -0 0 1
    outer loop
      vertex -1.25579 -3.38611 -2
      vertex -1.24249 -3.64 -2
      vertex -1.24249 -3.36 -2
    endloop
  endfacet
  facet normal 0 0 1
    outer loop
      vertex -1.25579 -3.38611 -2
      vertex -1.25579 -3.61389 -2
      vertex -1.24249 -3.64 -2
    endloop
  endfacet
  facet normal -0 0 1
    outer loop
      vertex -1.2663 -3.41348 -2
      vertex -1.25579 -3.61389 -2
      vertex -1.25579 -3.38611 -2
    endloop
  endfacet
  facet normal 0 0 1
    outer loop
      vertex -1.2663 -3.41348 -2
      vertex -1.2663 -3.58652 -2
      vertex -1.25579 -3.61389 -2
    endloop
  endfacet
  facet normal -0 0 1
    outer loop
      vertex -1.27388 -3.44178 -2
      vertex -1.2663 -3.58652 -2
      vertex -1.2663 -3.41348 -2
    endloop
  endfacet
  facet normal 0 0 1
    outer loop
      vertex -1.27388 -3.44178 -2
      vertex -1.27388 -3.55822 -2
      vertex -1.2663 -3.58652 -2
    endloop
  endfacet
  facet normal -0 0 1
    outer loop
      vertex -1.27847 -3.47073 -2
      vertex -1.27388 -3.55822 -2
      vertex -1.27388 -3.44178 -2
    endloop
  endfacet
  facet normal 0 0 1
    outer loop
      vertex -1.27847 -3.47073 -2
      vertex -1.27847 -3.52927 -2
      vertex -1.27388 -3.55822 -2
    endloop
  endfacet
  facet normal 0 -0 1
    outer loop
      vertex -1.27847 -3.52927 -2
      vertex -1.27847 -3.47073 -2
      vertex -1.28 -3.5 -2
    endloop
  endfacet
  facet normal -0.9659 -0.258916 0
    outer loop
      vertex -0.726118 -3.44178 -2
      vertex -0.733704 -3.41348 0
      vertex -0.733704 -3.41348 -2
    endloop
  endfacet
  facet normal -0.9659 -0.258916 0
    outer loop
      vertex -0.733704 -3.41348 0
      vertex -0.726118 -3.44178 -2
      vertex -0.726118 -3.44178 0
    endloop
  endfacet
  facet normal -0.838662 -0.544653 0
    outer loop
      vertex -0.757512 -3.36 -2
      vertex -0.773475 -3.33542 0
      vertex -0.773475 -3.33542 -2
    endloop
  endfacet
  facet normal -0.838662 -0.544653 0
    outer loop
      vertex -0.773475 -3.33542 0
      vertex -0.757512 -3.36 -2
      vertex -0.757512 -3.36 0
    endloop
  endfacet
  facet normal -0.777194 -0.629261 0
    outer loop
      vertex -0.773475 -3.33542 -2
      vertex -0.791919 -3.31264 0
      vertex -0.791919 -3.31264 -2
    endloop
  endfacet
  facet normal -0.777194 -0.629261 0
    outer loop
      vertex -0.791919 -3.31264 0
      vertex -0.773475 -3.33542 -2
      vertex -0.773475 -3.33542 0
    endloop
  endfacet
  facet normal -0.890975 -0.454053 0
    outer loop
      vertex -0.744206 -3.38611 -2
      vertex -0.757512 -3.36 0
      vertex -0.757512 -3.36 -2
    endloop
  endfacet
  facet normal -0.890975 -0.454053 0
    outer loop
      vertex -0.757512 -3.36 0
      vertex -0.744206 -3.38611 -2
      vertex -0.744206 -3.38611 0
    endloop
  endfacet
  facet normal -0.258648 -0.965972 0
    outer loop
      vertex -0.941784 -3.22612 -2
      vertex -0.913475 -3.2337 0
      vertex -0.941784 -3.22612 0
    endloop
  endfacet
  facet normal -0.258648 -0.965972 -0
    outer loop
      vertex -0.913475 -3.2337 0
      vertex -0.941784 -3.22612 -2
      vertex -0.913475 -3.2337 -2
    endloop
  endfacet
  facet normal -0.358568 -0.933504 0
    outer loop
      vertex -0.913475 -3.2337 -2
      vertex -0.886113 -3.24421 0
      vertex -0.913475 -3.2337 0
    endloop
  endfacet
  facet normal -0.358568 -0.933504 -0
    outer loop
      vertex -0.886113 -3.24421 0
      vertex -0.913475 -3.2337 -2
      vertex -0.886113 -3.24421 -2
    endloop
  endfacet
  facet normal -0.156604 -0.987662 0
    outer loop
      vertex -0.970732 -3.22153 -2
      vertex -0.941784 -3.22612 0
      vertex -0.970732 -3.22153 0
    endloop
  endfacet
  facet normal -0.156604 -0.987662 -0
    outer loop
      vertex -0.941784 -3.22612 0
      vertex -0.970732 -3.22153 -2
      vertex -0.941784 -3.22612 -2
    endloop
  endfacet
  facet normal -0.629435 -0.777053 0
    outer loop
      vertex -0.83542 -3.27347 -2
      vertex -0.812643 -3.29192 0
      vertex -0.83542 -3.27347 0
    endloop
  endfacet
  facet normal -0.629435 -0.777053 -0
    outer loop
      vertex -0.812643 -3.29192 0
      vertex -0.83542 -3.27347 -2
      vertex -0.812643 -3.29192 -2
    endloop
  endfacet
  facet normal 0.965951 -0.258725 0
    outer loop
      vertex -1.27388 -3.44178 0
      vertex -1.2663 -3.41348 -2
      vertex -1.2663 -3.41348 0
    endloop
  endfacet
  facet normal 0.965951 -0.258725 0
    outer loop
      vertex -1.2663 -3.41348 -2
      vertex -1.27388 -3.44178 0
      vertex -1.27388 -3.44178 -2
    endloop
  endfacet
  facet normal 0.838553 -0.54482 0
    outer loop
      vertex -1.24249 -3.36 0
      vertex -1.22652 -3.33542 -2
      vertex -1.22652 -3.33542 0
    endloop
  endfacet
  facet normal 0.838553 -0.54482 0
    outer loop
      vertex -1.22652 -3.33542 -2
      vertex -1.24249 -3.36 0
      vertex -1.24249 -3.36 -2
    endloop
  endfacet
  facet normal 0.777261 -0.629179 0
    outer loop
      vertex -1.22652 -3.33542 0
      vertex -1.20808 -3.31264 -2
      vertex -1.20808 -3.31264 0
    endloop
  endfacet
  facet normal 0.777261 -0.629179 0
    outer loop
      vertex -1.20808 -3.31264 -2
      vertex -1.22652 -3.33542 0
      vertex -1.22652 -3.33542 -2
    endloop
  endfacet
  facet normal 0.933539 -0.358476 0
    outer loop
      vertex -1.2663 -3.41348 0
      vertex -1.25579 -3.38611 -2
      vertex -1.25579 -3.38611 0
    endloop
  endfacet
  facet normal 0.933539 -0.358476 0
    outer loop
      vertex -1.25579 -3.38611 -2
      vertex -1.2663 -3.41348 0
      vertex -1.2663 -3.41348 -2
    endloop
  endfacet
  facet normal 0.987663 -0.156593 0
    outer loop
      vertex -1.27847 -3.47073 0
      vertex -1.27388 -3.44178 -2
      vertex -1.27388 -3.44178 0
    endloop
  endfacet
  facet normal 0.987663 -0.156593 0
    outer loop
      vertex -1.27388 -3.44178 -2
      vertex -1.27847 -3.47073 0
      vertex -1.27847 -3.47073 -2
    endloop
  endfacet
  facet normal 0.544581 -0.838709 0
    outer loop
      vertex -1.16458 -3.27347 -2
      vertex -1.14 -3.25751 0
      vertex -1.16458 -3.27347 0
    endloop
  endfacet
  facet normal 0.544581 -0.838709 0
    outer loop
      vertex -1.14 -3.25751 0
      vertex -1.16458 -3.27347 -2
      vertex -1.14 -3.25751 -2
    endloop
  endfacet
  facet normal 0.45389 -0.891058 0
    outer loop
      vertex -1.14 -3.25751 -2
      vertex -1.11389 -3.24421 0
      vertex -1.14 -3.25751 0
    endloop
  endfacet
  facet normal 0.45389 -0.891058 0
    outer loop
      vertex -1.11389 -3.24421 0
      vertex -1.14 -3.25751 -2
      vertex -1.11389 -3.24421 -2
    endloop
  endfacet
  facet normal 0.629385 -0.777094 0
    outer loop
      vertex -1.18736 -3.29192 -2
      vertex -1.16458 -3.27347 0
      vertex -1.18736 -3.29192 0
    endloop
  endfacet
  facet normal 0.629385 -0.777094 0
    outer loop
      vertex -1.16458 -3.27347 0
      vertex -1.18736 -3.29192 -2
      vertex -1.16458 -3.27347 -2
    endloop
  endfacet
  facet normal 0.258725 -0.965951 0
    outer loop
      vertex -1.08652 -3.2337 -2
      vertex -1.05822 -3.22612 0
      vertex -1.08652 -3.2337 0
    endloop
  endfacet
  facet normal 0.258725 -0.965951 0
    outer loop
      vertex -1.05822 -3.22612 0
      vertex -1.08652 -3.2337 -2
      vertex -1.05822 -3.22612 -2
    endloop
  endfacet
  facet normal 0.0522007 -0.998637 0
    outer loop
      vertex -1.02927 -3.22153 -2
      vertex -1 -3.22 0
      vertex -1.02927 -3.22153 0
    endloop
  endfacet
  facet normal 0.0522007 -0.998637 0
    outer loop
      vertex -1 -3.22 0
      vertex -1.02927 -3.22153 -2
      vertex -1 -3.22 -2
    endloop
  endfacet
  facet normal -0.998628 0.0523708 0
    outer loop
      vertex -0.721534 -3.52927 -2
      vertex -0.719999 -3.5 0
      vertex -0.719999 -3.5 -2
    endloop
  endfacet
  facet normal -0.998628 0.0523708 0
    outer loop
      vertex -0.719999 -3.5 0
      vertex -0.721534 -3.52927 -2
      vertex -0.721534 -3.52927 0
    endloop
  endfacet
  facet normal -0.0522042 0.998636 0
    outer loop
      vertex -0.970732 -3.77847 -2
      vertex -1 -3.78 0
      vertex -0.970732 -3.77847 0
    endloop
  endfacet
  facet normal -0.0522042 0.998636 0
    outer loop
      vertex -1 -3.78 0
      vertex -0.970732 -3.77847 -2
      vertex -1 -3.78 -2
    endloop
  endfacet
  facet normal -0.258648 0.965972 0
    outer loop
      vertex -0.913475 -3.7663 -2
      vertex -0.941784 -3.77388 0
      vertex -0.913475 -3.7663 0
    endloop
  endfacet
  facet normal -0.258648 0.965972 0
    outer loop
      vertex -0.941784 -3.77388 0
      vertex -0.913475 -3.7663 -2
      vertex -0.941784 -3.77388 -2
    endloop
  endfacet
  facet normal -0.629229 0.77722 0
    outer loop
      vertex -0.812643 -3.70808 -2
      vertex -0.83542 -3.72652 0
      vertex -0.812643 -3.70808 0
    endloop
  endfacet
  facet normal -0.629229 0.77722 0
    outer loop
      vertex -0.83542 -3.72652 0
      vertex -0.812643 -3.70808 -2
      vertex -0.83542 -3.72652 -2
    endloop
  endfacet
  facet normal -0.453849 0.891079 0
    outer loop
      vertex -0.86 -3.74249 -2
      vertex -0.886113 -3.75579 0
      vertex -0.86 -3.74249 0
    endloop
  endfacet
  facet normal -0.453849 0.891079 0
    outer loop
      vertex -0.886113 -3.75579 0
      vertex -0.86 -3.74249 -2
      vertex -0.886113 -3.75579 -2
    endloop
  endfacet
  facet normal -0.777194 0.629261 0
    outer loop
      vertex -0.791919 -3.68736 -2
      vertex -0.773475 -3.66458 0
      vertex -0.773475 -3.66458 -2
    endloop
  endfacet
  facet normal -0.777194 0.629261 0
    outer loop
      vertex -0.773475 -3.66458 0
      vertex -0.791919 -3.68736 -2
      vertex -0.791919 -3.68736 0
    endloop
  endfacet
  facet normal -0.890975 0.454053 0
    outer loop
      vertex -0.757512 -3.64 -2
      vertex -0.744206 -3.61389 0
      vertex -0.744206 -3.61389 -2
    endloop
  endfacet
  facet normal -0.890975 0.454053 0
    outer loop
      vertex -0.744206 -3.61389 0
      vertex -0.757512 -3.64 -2
      vertex -0.757512 -3.64 0
    endloop
  endfacet
  facet normal 0.707107 0.707107 0
    outer loop
      vertex -1.18736 -3.70808 0
      vertex -1.20808 -3.68736 -2
      vertex -1.20808 -3.68736 0
    endloop
  endfacet
  facet normal 0.707107 0.707107 0
    outer loop
      vertex -1.20808 -3.68736 -2
      vertex -1.18736 -3.70808 0
      vertex -1.18736 -3.70808 -2
    endloop
  endfacet
  facet normal 0.54482 0.838553 -0
    outer loop
      vertex -1.14 -3.74249 -2
      vertex -1.16458 -3.72652 0
      vertex -1.14 -3.74249 0
    endloop
  endfacet
  facet normal 0.54482 0.838553 0
    outer loop
      vertex -1.16458 -3.72652 0
      vertex -1.14 -3.74249 -2
      vertex -1.16458 -3.72652 -2
    endloop
  endfacet
  facet normal 0.358476 0.933539 -0
    outer loop
      vertex -1.08652 -3.7663 -2
      vertex -1.11389 -3.75579 0
      vertex -1.08652 -3.7663 0
    endloop
  endfacet
  facet normal 0.358476 0.933539 0
    outer loop
      vertex -1.11389 -3.75579 0
      vertex -1.08652 -3.7663 -2
      vertex -1.11389 -3.75579 -2
    endloop
  endfacet
  facet normal 0.156593 0.987663 -0
    outer loop
      vertex -1.02927 -3.77847 -2
      vertex -1.05822 -3.77388 0
      vertex -1.02927 -3.77847 0
    endloop
  endfacet
  facet normal 0.156593 0.987663 0
    outer loop
      vertex -1.05822 -3.77388 0
      vertex -1.02927 -3.77847 -2
      vertex -1.05822 -3.77388 -2
    endloop
  endfacet
  facet normal 0.838553 0.54482 0
    outer loop
      vertex -1.22652 -3.66458 0
      vertex -1.24249 -3.64 -2
      vertex -1.24249 -3.64 0
    endloop
  endfacet
  facet normal 0.838553 0.54482 0
    outer loop
      vertex -1.24249 -3.64 -2
      vertex -1.22652 -3.66458 0
      vertex -1.22652 -3.66458 -2
    endloop
  endfacet
  facet normal 0.965951 0.258725 0
    outer loop
      vertex -1.2663 -3.58652 0
      vertex -1.27388 -3.55822 -2
      vertex -1.27388 -3.55822 0
    endloop
  endfacet
  facet normal 0.965951 0.258725 0
    outer loop
      vertex -1.27388 -3.55822 -2
      vertex -1.2663 -3.58652 0
      vertex -1.2663 -3.58652 -2
    endloop
  endfacet
  facet normal 0.998637 0.0522007 0
    outer loop
      vertex -1.27847 -3.52927 0
      vertex -1.28 -3.5 -2
      vertex -1.28 -3.5 0
    endloop
  endfacet
  facet normal 0.998637 0.0522007 0
    outer loop
      vertex -1.28 -3.5 -2
      vertex -1.27847 -3.52927 0
      vertex -1.27847 -3.52927 -2
    endloop
  endfacet
  facet normal -0.156604 0.987662 0
    outer loop
      vertex -0.941784 -3.77388 -2
      vertex -0.970732 -3.77847 0
      vertex -0.941784 -3.77388 0
    endloop
  endfacet
  facet normal -0.156604 0.987662 0
    outer loop
      vertex -0.970732 -3.77847 0
      vertex -0.941784 -3.77388 -2
      vertex -0.970732 -3.77847 -2
    endloop
  endfacet
  facet normal -0.358568 0.933504 0
    outer loop
      vertex -0.886113 -3.75579 -2
      vertex -0.913475 -3.7663 0
      vertex -0.886113 -3.75579 0
    endloop
  endfacet
  facet normal -0.358568 0.933504 0
    outer loop
      vertex -0.913475 -3.7663 0
      vertex -0.886113 -3.75579 -2
      vertex -0.913475 -3.7663 -2
    endloop
  endfacet
  facet normal -0.707039 0.707175 0
    outer loop
      vertex -0.812643 -3.70808 -2
      vertex -0.791919 -3.68736 0
      vertex -0.791919 -3.68736 -2
    endloop
  endfacet
  facet normal -0.707039 0.707175 0
    outer loop
      vertex -0.791919 -3.68736 0
      vertex -0.812643 -3.70808 -2
      vertex -0.812643 -3.70808 0
    endloop
  endfacet
  facet normal -0.54482 0.838553 0
    outer loop
      vertex -0.83542 -3.72652 -2
      vertex -0.86 -3.74249 0
      vertex -0.83542 -3.72652 0
    endloop
  endfacet
  facet normal -0.54482 0.838553 0
    outer loop
      vertex -0.86 -3.74249 0
      vertex -0.83542 -3.72652 -2
      vertex -0.86 -3.74249 -2
    endloop
  endfacet
  facet normal -0.838662 0.544653 0
    outer loop
      vertex -0.773475 -3.66458 -2
      vertex -0.757512 -3.64 0
      vertex -0.757512 -3.64 -2
    endloop
  endfacet
  facet normal -0.838662 0.544653 0
    outer loop
      vertex -0.757512 -3.64 0
      vertex -0.773475 -3.66458 -2
      vertex -0.773475 -3.66458 0
    endloop
  endfacet
  facet normal -0.93363 0.358238 0
    outer loop
      vertex -0.744206 -3.61389 -2
      vertex -0.733704 -3.58652 0
      vertex -0.733704 -3.58652 -2
    endloop
  endfacet
  facet normal -0.93363 0.358238 0
    outer loop
      vertex -0.733704 -3.58652 0
      vertex -0.744206 -3.61389 -2
      vertex -0.744206 -3.61389 0
    endloop
  endfacet
  facet normal -0.987695 0.156394 0
    outer loop
      vertex -0.726118 -3.55822 -2
      vertex -0.721534 -3.52927 0
      vertex -0.721534 -3.52927 -2
    endloop
  endfacet
  facet normal -0.987695 0.156394 0
    outer loop
      vertex -0.721534 -3.52927 0
      vertex -0.726118 -3.55822 -2
      vertex -0.726118 -3.55822 0
    endloop
  endfacet
  facet normal -0.9659 0.258916 0
    outer loop
      vertex -0.733704 -3.58652 -2
      vertex -0.726118 -3.55822 0
      vertex -0.726118 -3.55822 -2
    endloop
  endfacet
  facet normal -0.9659 0.258916 0
    outer loop
      vertex -0.726118 -3.55822 0
      vertex -0.733704 -3.58652 -2
      vertex -0.733704 -3.58652 0
    endloop
  endfacet
  facet normal 0.629179 0.777261 -0
    outer loop
      vertex -1.16458 -3.72652 -2
      vertex -1.18736 -3.70808 0
      vertex -1.16458 -3.72652 0
    endloop
  endfacet
  facet normal 0.629179 0.777261 0
    outer loop
      vertex -1.18736 -3.70808 0
      vertex -1.16458 -3.72652 -2
      vertex -1.18736 -3.70808 -2
    endloop
  endfacet
  facet normal 0.45389 0.891058 -0
    outer loop
      vertex -1.11389 -3.75579 -2
      vertex -1.14 -3.74249 0
      vertex -1.11389 -3.75579 0
    endloop
  endfacet
  facet normal 0.45389 0.891058 0
    outer loop
      vertex -1.14 -3.74249 0
      vertex -1.11389 -3.75579 -2
      vertex -1.14 -3.74249 -2
    endloop
  endfacet
  facet normal 0.258725 0.965951 -0
    outer loop
      vertex -1.05822 -3.77388 -2
      vertex -1.08652 -3.7663 0
      vertex -1.05822 -3.77388 0
    endloop
  endfacet
  facet normal 0.258725 0.965951 0
    outer loop
      vertex -1.08652 -3.7663 0
      vertex -1.05822 -3.77388 -2
      vertex -1.08652 -3.7663 -2
    endloop
  endfacet
  facet normal 0.0522007 0.998637 -0
    outer loop
      vertex -1 -3.78 -2
      vertex -1.02927 -3.77847 0
      vertex -1 -3.78 0
    endloop
  endfacet
  facet normal 0.0522007 0.998637 0
    outer loop
      vertex -1.02927 -3.77847 0
      vertex -1 -3.78 -2
      vertex -1.02927 -3.77847 -2
    endloop
  endfacet
  facet normal 0.777261 0.629179 0
    outer loop
      vertex -1.20808 -3.68736 0
      vertex -1.22652 -3.66458 -2
      vertex -1.22652 -3.66458 0
    endloop
  endfacet
  facet normal 0.777261 0.629179 0
    outer loop
      vertex -1.22652 -3.66458 -2
      vertex -1.20808 -3.68736 0
      vertex -1.20808 -3.68736 -2
    endloop
  endfacet
  facet normal 0.933539 0.358476 0
    outer loop
      vertex -1.25579 -3.61389 0
      vertex -1.2663 -3.58652 -2
      vertex -1.2663 -3.58652 0
    endloop
  endfacet
  facet normal 0.933539 0.358476 0
    outer loop
      vertex -1.2663 -3.58652 -2
      vertex -1.25579 -3.61389 0
      vertex -1.25579 -3.61389 -2
    endloop
  endfacet
  facet normal 0.987663 0.156593 0
    outer loop
      vertex -1.27388 -3.55822 0
      vertex -1.27847 -3.52927 -2
      vertex -1.27847 -3.52927 0
    endloop
  endfacet
  facet normal 0.987663 0.156593 0
    outer loop
      vertex -1.27847 -3.52927 -2
      vertex -1.27388 -3.55822 0
      vertex -1.27388 -3.55822 -2
    endloop
  endfacet
  facet normal -0.998631 -0.0523081 0
    outer loop
      vertex 3.4 1 -1.8
      vertex 3.39781 1.04181 0
      vertex 3.39781 1.04181 -1.8
    endloop
  endfacet
  facet normal -0.998631 -0.0523081 0
    outer loop
      vertex 3.39781 1.04181 0
      vertex 3.4 1 -1.8
      vertex 3.4 1 0
    endloop
  endfacet
  facet normal 0.0523081 -0.998631 0
    outer loop
      vertex 2.95819 1.39781 -1.8
      vertex 3 1.4 0
      vertex 2.95819 1.39781 0
    endloop
  endfacet
  facet normal 0.0523081 -0.998631 0
    outer loop
      vertex 3 1.4 0
      vertex 2.95819 1.39781 -1.8
      vertex 3 1.4 -1.8
    endloop
  endfacet
  facet normal -0.0523557 0.998628 0
    outer loop
      vertex 3.04181 0.602191 -1.8
      vertex 3 0.599999 0
      vertex 3.04181 0.602191 0
    endloop
  endfacet
  facet normal -0.0523557 0.998628 0
    outer loop
      vertex 3 0.599999 0
      vertex 3.04181 0.602191 -1.8
      vertex 3 0.599999 -1.8
    endloop
  endfacet
  facet normal -0.629315 -0.77715 0
    outer loop
      vertex 3.23511 1.32361 -1.8
      vertex 3.26765 1.29726 0
      vertex 3.23511 1.32361 0
    endloop
  endfacet
  facet normal -0.629315 -0.77715 -0
    outer loop
      vertex 3.26765 1.29726 0
      vertex 3.23511 1.32361 -1.8
      vertex 3.26765 1.29726 -1.8
    endloop
  endfacet
  facet normal 0.77715 -0.629315 0
    outer loop
      vertex 2.67639 1.23511 0
      vertex 2.70274 1.26765 -1.8
      vertex 2.70274 1.26765 0
    endloop
  endfacet
  facet normal 0.77715 -0.629315 0
    outer loop
      vertex 2.70274 1.26765 -1.8
      vertex 2.67639 1.23511 0
      vertex 2.67639 1.23511 -1.8
    endloop
  endfacet
  facet normal 0.453983 -0.89101 0
    outer loop
      vertex 2.8 1.34641 -1.8
      vertex 2.83731 1.36542 0
      vertex 2.8 1.34641 0
    endloop
  endfacet
  facet normal 0.453983 -0.89101 0
    outer loop
      vertex 2.83731 1.36542 0
      vertex 2.8 1.34641 -1.8
      vertex 2.83731 1.36542 -1.8
    endloop
  endfacet
  facet normal -0.838707 0.544584 0
    outer loop
      vertex 3.32361 0.764885 -1.8
      vertex 3.34641 0.799999 0
      vertex 3.34641 0.799999 -1.8
    endloop
  endfacet
  facet normal -0.838707 0.544584 0
    outer loop
      vertex 3.34641 0.799999 0
      vertex 3.32361 0.764885 -1.8
      vertex 3.32361 0.764885 0
    endloop
  endfacet
  facet normal -0.89101 -0.453983 0
    outer loop
      vertex 3.36542 1.16269 -1.8
      vertex 3.34641 1.2 0
      vertex 3.34641 1.2 -1.8
    endloop
  endfacet
  facet normal -0.89101 -0.453983 0
    outer loop
      vertex 3.34641 1.2 0
      vertex 3.36542 1.16269 -1.8
      vertex 3.36542 1.16269 0
    endloop
  endfacet
  facet normal -0.358339 -0.933592 0
    outer loop
      vertex 3.12361 1.38042 -1.8
      vertex 3.16269 1.36542 0
      vertex 3.12361 1.38042 0
    endloop
  endfacet
  facet normal -0.358339 -0.933592 -0
    outer loop
      vertex 3.16269 1.36542 0
      vertex 3.12361 1.38042 -1.8
      vertex 3.16269 1.36542 -1.8
    endloop
  endfacet
  facet normal -0.544627 -0.838678 0
    outer loop
      vertex 3.2 1.34641 -1.8
      vertex 3.23511 1.32361 0
      vertex 3.2 1.34641 0
    endloop
  endfacet
  facet normal -0.544627 -0.838678 -0
    outer loop
      vertex 3.23511 1.32361 0
      vertex 3.2 1.34641 -1.8
      vertex 3.23511 1.32361 -1.8
    endloop
  endfacet
  facet normal 0.89101 -0.453983 0
    outer loop
      vertex 2.63458 1.16269 0
      vertex 2.65359 1.2 -1.8
      vertex 2.65359 1.2 0
    endloop
  endfacet
  facet normal 0.89101 -0.453983 0
    outer loop
      vertex 2.65359 1.2 -1.8
      vertex 2.63458 1.16269 0
      vertex 2.63458 1.16269 -1.8
    endloop
  endfacet
  facet normal 0.838678 -0.544627 0
    outer loop
      vertex 2.65359 1.2 0
      vertex 2.67639 1.23511 -1.8
      vertex 2.67639 1.23511 0
    endloop
  endfacet
  facet normal 0.838678 -0.544627 0
    outer loop
      vertex 2.67639 1.23511 -1.8
      vertex 2.65359 1.2 0
      vertex 2.65359 1.2 -1.8
    endloop
  endfacet
  facet normal 0.258911 -0.965901 0
    outer loop
      vertex 2.87639 1.38042 -1.8
      vertex 2.91683 1.39126 0
      vertex 2.87639 1.38042 0
    endloop
  endfacet
  facet normal 0.258911 -0.965901 0
    outer loop
      vertex 2.91683 1.39126 0
      vertex 2.87639 1.38042 -1.8
      vertex 2.91683 1.39126 -1.8
    endloop
  endfacet
  facet normal -0.358464 0.933544 0
    outer loop
      vertex 3.16269 0.634582 -1.8
      vertex 3.12361 0.619576 0
      vertex 3.16269 0.634582 0
    endloop
  endfacet
  facet normal -0.358464 0.933544 0
    outer loop
      vertex 3.12361 0.619576 0
      vertex 3.16269 0.634582 -1.8
      vertex 3.12361 0.619576 -1.8
    endloop
  endfacet
  facet normal -0.965917 -0.258851 0
    outer loop
      vertex 3.39126 1.08316 -1.8
      vertex 3.38042 1.12361 0
      vertex 3.38042 1.12361 -1.8
    endloop
  endfacet
  facet normal -0.965917 -0.258851 0
    outer loop
      vertex 3.38042 1.12361 0
      vertex 3.39126 1.08316 -1.8
      vertex 3.39126 1.08316 0
    endloop
  endfacet
  facet normal -0.987685 -0.156453 0
    outer loop
      vertex 3.39781 1.04181 -1.8
      vertex 3.39126 1.08316 0
      vertex 3.39126 1.08316 -1.8
    endloop
  endfacet
  facet normal -0.987685 -0.156453 0
    outer loop
      vertex 3.39126 1.08316 0
      vertex 3.39781 1.04181 -1.8
      vertex 3.39781 1.04181 0
    endloop
  endfacet
  facet normal -0.933592 -0.358339 0
    outer loop
      vertex 3.38042 1.12361 -1.8
      vertex 3.36542 1.16269 0
      vertex 3.36542 1.16269 -1.8
    endloop
  endfacet
  facet normal -0.933592 -0.358339 0
    outer loop
      vertex 3.36542 1.16269 0
      vertex 3.38042 1.12361 -1.8
      vertex 3.38042 1.12361 0
    endloop
  endfacet
  facet normal -0.77715 -0.629315 0
    outer loop
      vertex 3.32361 1.23511 -1.8
      vertex 3.29726 1.26765 0
      vertex 3.29726 1.26765 -1.8
    endloop
  endfacet
  facet normal -0.77715 -0.629315 0
    outer loop
      vertex 3.29726 1.26765 0
      vertex 3.32361 1.23511 -1.8
      vertex 3.32361 1.23511 0
    endloop
  endfacet
  facet normal -0.707107 -0.707107 0
    outer loop
      vertex 3.29726 1.26765 -1.8
      vertex 3.26765 1.29726 0
      vertex 3.26765 1.29726 -1.8
    endloop
  endfacet
  facet normal -0.707107 -0.707107 0
    outer loop
      vertex 3.26765 1.29726 0
      vertex 3.29726 1.26765 -1.8
      vertex 3.29726 1.26765 0
    endloop
  endfacet
  facet normal -0.838678 -0.544627 0
    outer loop
      vertex 3.34641 1.2 -1.8
      vertex 3.32361 1.23511 0
      vertex 3.32361 1.23511 -1.8
    endloop
  endfacet
  facet normal -0.838678 -0.544627 0
    outer loop
      vertex 3.32361 1.23511 0
      vertex 3.34641 1.2 -1.8
      vertex 3.34641 1.2 0
    endloop
  endfacet
  facet normal -0.156453 -0.987685 0
    outer loop
      vertex 3.04181 1.39781 -1.8
      vertex 3.08316 1.39126 0
      vertex 3.04181 1.39781 0
    endloop
  endfacet
  facet normal -0.156453 -0.987685 -0
    outer loop
      vertex 3.08316 1.39126 0
      vertex 3.04181 1.39781 -1.8
      vertex 3.08316 1.39126 -1.8
    endloop
  endfacet
  facet normal -0.0523081 -0.998631 0
    outer loop
      vertex 3 1.4 -1.8
      vertex 3.04181 1.39781 0
      vertex 3 1.4 0
    endloop
  endfacet
  facet normal -0.0523081 -0.998631 -0
    outer loop
      vertex 3.04181 1.39781 0
      vertex 3 1.4 -1.8
      vertex 3.04181 1.39781 -1.8
    endloop
  endfacet
  facet normal -0.453983 -0.89101 0
    outer loop
      vertex 3.16269 1.36542 -1.8
      vertex 3.2 1.34641 0
      vertex 3.16269 1.36542 0
    endloop
  endfacet
  facet normal -0.453983 -0.89101 -0
    outer loop
      vertex 3.2 1.34641 0
      vertex 3.16269 1.36542 -1.8
      vertex 3.2 1.34641 -1.8
    endloop
  endfacet
  facet normal 0.987685 -0.156453 0
    outer loop
      vertex 2.60219 1.04181 0
      vertex 2.60874 1.08316 -1.8
      vertex 2.60874 1.08316 0
    endloop
  endfacet
  facet normal 0.987685 -0.156453 0
    outer loop
      vertex 2.60874 1.08316 -1.8
      vertex 2.60219 1.04181 0
      vertex 2.60219 1.04181 -1.8
    endloop
  endfacet
  facet normal 0 0 1
    outer loop
      vertex 3.39781 1.04181 -1.8
      vertex 3.39781 0.958188 -1.8
      vertex 3.4 1 -1.8
    endloop
  endfacet
  facet normal 0 0 1
    outer loop
      vertex 3.39126 1.08316 -1.8
      vertex 3.39781 0.958188 -1.8
      vertex 3.39781 1.04181 -1.8
    endloop
  endfacet
  facet normal 0 0 1
    outer loop
      vertex 3.39126 1.08316 -1.8
      vertex 3.39126 0.916835 -1.8
      vertex 3.39781 0.958188 -1.8
    endloop
  endfacet
  facet normal 0 0 1
    outer loop
      vertex 3.38042 1.12361 -1.8
      vertex 3.39126 0.916835 -1.8
      vertex 3.39126 1.08316 -1.8
    endloop
  endfacet
  facet normal 0 0 1
    outer loop
      vertex 3.38042 1.12361 -1.8
      vertex 3.38042 0.876392 -1.8
      vertex 3.39126 0.916835 -1.8
    endloop
  endfacet
  facet normal 0 0 1
    outer loop
      vertex 3.36542 1.16269 -1.8
      vertex 3.38042 0.876392 -1.8
      vertex 3.38042 1.12361 -1.8
    endloop
  endfacet
  facet normal 0 0 1
    outer loop
      vertex 3.36542 1.16269 -1.8
      vertex 3.36542 0.837305 -1.8
      vertex 3.38042 0.876392 -1.8
    endloop
  endfacet
  facet normal 0 0 1
    outer loop
      vertex 3.34641 1.2 -1.8
      vertex 3.36542 0.837305 -1.8
      vertex 3.36542 1.16269 -1.8
    endloop
  endfacet
  facet normal 0 0 1
    outer loop
      vertex 3.34641 1.2 -1.8
      vertex 3.34641 0.799999 -1.8
      vertex 3.36542 0.837305 -1.8
    endloop
  endfacet
  facet normal 0 0 1
    outer loop
      vertex 3.32361 1.23511 -1.8
      vertex 3.34641 0.799999 -1.8
      vertex 3.34641 1.2 -1.8
    endloop
  endfacet
  facet normal 0 0 1
    outer loop
      vertex 3.32361 1.23511 -1.8
      vertex 3.32361 0.764885 -1.8
      vertex 3.34641 0.799999 -1.8
    endloop
  endfacet
  facet normal 0 0 1
    outer loop
      vertex 3.29726 1.26765 -1.8
      vertex 3.32361 0.764885 -1.8
      vertex 3.32361 1.23511 -1.8
    endloop
  endfacet
  facet normal 0 0 1
    outer loop
      vertex 3.29726 1.26765 -1.8
      vertex 3.29726 0.732347 -1.8
      vertex 3.32361 0.764885 -1.8
    endloop
  endfacet
  facet normal 0 0 1
    outer loop
      vertex 3.26765 1.29726 -1.8
      vertex 3.29726 0.732347 -1.8
      vertex 3.29726 1.26765 -1.8
    endloop
  endfacet
  facet normal 0 0 1
    outer loop
      vertex 3.26765 1.29726 -1.8
      vertex 3.26765 0.702742 -1.8
      vertex 3.29726 0.732347 -1.8
    endloop
  endfacet
  facet normal 0 0 1
    outer loop
      vertex 3.23511 1.32361 -1.8
      vertex 3.26765 0.702742 -1.8
      vertex 3.26765 1.29726 -1.8
    endloop
  endfacet
  facet normal 0 0 1
    outer loop
      vertex 3.23511 1.32361 -1.8
      vertex 3.23511 0.676393 -1.8
      vertex 3.26765 0.702742 -1.8
    endloop
  endfacet
  facet normal 0 0 1
    outer loop
      vertex 3.2 1.34641 -1.8
      vertex 3.23511 0.676393 -1.8
      vertex 3.23511 1.32361 -1.8
    endloop
  endfacet
  facet normal 0 0 1
    outer loop
      vertex 3.2 1.34641 -1.8
      vertex 3.2 0.653589 -1.8
      vertex 3.23511 0.676393 -1.8
    endloop
  endfacet
  facet normal 0 0 1
    outer loop
      vertex 3.16269 1.36542 -1.8
      vertex 3.2 0.653589 -1.8
      vertex 3.2 1.34641 -1.8
    endloop
  endfacet
  facet normal 0 0 1
    outer loop
      vertex 3.16269 1.36542 -1.8
      vertex 3.16269 0.634582 -1.8
      vertex 3.2 0.653589 -1.8
    endloop
  endfacet
  facet normal 0 0 1
    outer loop
      vertex 3.12361 1.38042 -1.8
      vertex 3.16269 0.634582 -1.8
      vertex 3.16269 1.36542 -1.8
    endloop
  endfacet
  facet normal 0 0 1
    outer loop
      vertex 3.12361 1.38042 -1.8
      vertex 3.12361 0.619576 -1.8
      vertex 3.16269 0.634582 -1.8
    endloop
  endfacet
  facet normal 0 0 1
    outer loop
      vertex 3.08316 1.39126 -1.8
      vertex 3.12361 0.619576 -1.8
      vertex 3.12361 1.38042 -1.8
    endloop
  endfacet
  facet normal 0 0 1
    outer loop
      vertex 3.08316 1.39126 -1.8
      vertex 3.08316 0.608741 -1.8
      vertex 3.12361 0.619576 -1.8
    endloop
  endfacet
  facet normal 0 0 1
    outer loop
      vertex 3.04181 1.39781 -1.8
      vertex 3.08316 0.608741 -1.8
      vertex 3.08316 1.39126 -1.8
    endloop
  endfacet
  facet normal 0 0 1
    outer loop
      vertex 3.04181 1.39781 -1.8
      vertex 3.04181 0.602191 -1.8
      vertex 3.08316 0.608741 -1.8
    endloop
  endfacet
  facet normal 0 0 1
    outer loop
      vertex 3 1.4 -1.8
      vertex 3.04181 0.602191 -1.8
      vertex 3.04181 1.39781 -1.8
    endloop
  endfacet
  facet normal 0 0 1
    outer loop
      vertex 3 1.4 -1.8
      vertex 3 0.599999 -1.8
      vertex 3.04181 0.602191 -1.8
    endloop
  endfacet
  facet normal -0 0 1
    outer loop
      vertex 2.95819 1.39781 -1.8
      vertex 3 0.599999 -1.8
      vertex 3 1.4 -1.8
    endloop
  endfacet
  facet normal 0 0 1
    outer loop
      vertex 2.95819 1.39781 -1.8
      vertex 2.95819 0.602191 -1.8
      vertex 3 0.599999 -1.8
    endloop
  endfacet
  facet normal -0 0 1
    outer loop
      vertex 2.91683 1.39126 -1.8
      vertex 2.95819 0.602191 -1.8
      vertex 2.95819 1.39781 -1.8
    endloop
  endfacet
  facet normal 0 0 1
    outer loop
      vertex 2.91683 1.39126 -1.8
      vertex 2.91683 0.608741 -1.8
      vertex 2.95819 0.602191 -1.8
    endloop
  endfacet
  facet normal -0 0 1
    outer loop
      vertex 2.87639 1.38042 -1.8
      vertex 2.91683 0.608741 -1.8
      vertex 2.91683 1.39126 -1.8
    endloop
  endfacet
  facet normal 0 0 1
    outer loop
      vertex 2.87639 1.38042 -1.8
      vertex 2.87639 0.619576 -1.8
      vertex 2.91683 0.608741 -1.8
    endloop
  endfacet
  facet normal -0 0 1
    outer loop
      vertex 2.83731 1.36542 -1.8
      vertex 2.87639 0.619576 -1.8
      vertex 2.87639 1.38042 -1.8
    endloop
  endfacet
  facet normal 0 0 1
    outer loop
      vertex 2.83731 1.36542 -1.8
      vertex 2.83731 0.634582 -1.8
      vertex 2.87639 0.619576 -1.8
    endloop
  endfacet
  facet normal -0 0 1
    outer loop
      vertex 2.8 1.34641 -1.8
      vertex 2.83731 0.634582 -1.8
      vertex 2.83731 1.36542 -1.8
    endloop
  endfacet
  facet normal 0 0 1
    outer loop
      vertex 2.8 1.34641 -1.8
      vertex 2.8 0.653589 -1.8
      vertex 2.83731 0.634582 -1.8
    endloop
  endfacet
  facet normal -0 0 1
    outer loop
      vertex 2.76488 1.32361 -1.8
      vertex 2.8 0.653589 -1.8
      vertex 2.8 1.34641 -1.8
    endloop
  endfacet
  facet normal 0 0 1
    outer loop
      vertex 2.76488 1.32361 -1.8
      vertex 2.76488 0.676393 -1.8
      vertex 2.8 0.653589 -1.8
    endloop
  endfacet
  facet normal -0 0 1
    outer loop
      vertex 2.73235 1.29726 -1.8
      vertex 2.76488 0.676393 -1.8
      vertex 2.76488 1.32361 -1.8
    endloop
  endfacet
  facet normal 0 0 1
    outer loop
      vertex 2.73235 1.29726 -1.8
      vertex 2.73235 0.702742 -1.8
      vertex 2.76488 0.676393 -1.8
    endloop
  endfacet
  facet normal -0 0 1
    outer loop
      vertex 2.70274 1.26765 -1.8
      vertex 2.73235 0.702742 -1.8
      vertex 2.73235 1.29726 -1.8
    endloop
  endfacet
  facet normal 0 0 1
    outer loop
      vertex 2.70274 1.26765 -1.8
      vertex 2.70274 0.732347 -1.8
      vertex 2.73235 0.702742 -1.8
    endloop
  endfacet
  facet normal -0 0 1
    outer loop
      vertex 2.67639 1.23511 -1.8
      vertex 2.70274 0.732347 -1.8
      vertex 2.70274 1.26765 -1.8
    endloop
  endfacet
  facet normal 0 0 1
    outer loop
      vertex 2.67639 1.23511 -1.8
      vertex 2.67639 0.764885 -1.8
      vertex 2.70274 0.732347 -1.8
    endloop
  endfacet
  facet normal -0 0 1
    outer loop
      vertex 2.65359 1.2 -1.8
      vertex 2.67639 0.764885 -1.8
      vertex 2.67639 1.23511 -1.8
    endloop
  endfacet
  facet normal 0 0 1
    outer loop
      vertex 2.65359 1.2 -1.8
      vertex 2.65359 0.799999 -1.8
      vertex 2.67639 0.764885 -1.8
    endloop
  endfacet
  facet normal -0 0 1
    outer loop
      vertex 2.63458 1.16269 -1.8
      vertex 2.65359 0.799999 -1.8
      vertex 2.65359 1.2 -1.8
    endloop
  endfacet
  facet normal 0 0 1
    outer loop
      vertex 2.63458 1.16269 -1.8
      vertex 2.63458 0.837305 -1.8
      vertex 2.65359 0.799999 -1.8
    endloop
  endfacet
  facet normal -0 0 1
    outer loop
      vertex 2.61958 1.12361 -1.8
      vertex 2.63458 0.837305 -1.8
      vertex 2.63458 1.16269 -1.8
    endloop
  endfacet
  facet normal 0 0 1
    outer loop
      vertex 2.61958 1.12361 -1.8
      vertex 2.61958 0.876392 -1.8
      vertex 2.63458 0.837305 -1.8
    endloop
  endfacet
  facet normal -0 0 1
    outer loop
      vertex 2.60874 1.08316 -1.8
      vertex 2.61958 0.876392 -1.8
      vertex 2.61958 1.12361 -1.8
    endloop
  endfacet
  facet normal 0 0 1
    outer loop
      vertex 2.60874 1.08316 -1.8
      vertex 2.60874 0.916835 -1.8
      vertex 2.61958 0.876392 -1.8
    endloop
  endfacet
  facet normal -0 0 1
    outer loop
      vertex 2.60219 1.04181 -1.8
      vertex 2.60874 0.916835 -1.8
      vertex 2.60874 1.08316 -1.8
    endloop
  endfacet
  facet normal 0 0 1
    outer loop
      vertex 2.60219 1.04181 -1.8
      vertex 2.60219 0.958188 -1.8
      vertex 2.60874 0.916835 -1.8
    endloop
  endfacet
  facet normal 0 -0 1
    outer loop
      vertex 2.60219 0.958188 -1.8
      vertex 2.60219 1.04181 -1.8
      vertex 2.6 1 -1.8
    endloop
  endfacet
  facet normal 0.933592 -0.358339 0
    outer loop
      vertex 2.61958 1.12361 0
      vertex 2.63458 1.16269 -1.8
      vertex 2.63458 1.16269 0
    endloop
  endfacet
  facet normal 0.933592 -0.358339 0
    outer loop
      vertex 2.63458 1.16269 -1.8
      vertex 2.61958 1.12361 0
      vertex 2.61958 1.12361 -1.8
    endloop
  endfacet
  facet normal 0.998631 -0.0523081 0
    outer loop
      vertex 2.6 1 0
      vertex 2.60219 1.04181 -1.8
      vertex 2.60219 1.04181 0
    endloop
  endfacet
  facet normal 0.998631 -0.0523081 0
    outer loop
      vertex 2.60219 1.04181 -1.8
      vertex 2.6 1 0
      vertex 2.6 1 -1.8
    endloop
  endfacet
  facet normal 0.629432 -0.777056 0
    outer loop
      vertex 2.73235 1.29726 -1.8
      vertex 2.76488 1.32361 0
      vertex 2.73235 1.29726 0
    endloop
  endfacet
  facet normal 0.629432 -0.777056 0
    outer loop
      vertex 2.76488 1.32361 0
      vertex 2.73235 1.29726 -1.8
      vertex 2.76488 1.32361 -1.8
    endloop
  endfacet
  facet normal 0.358339 -0.933592 0
    outer loop
      vertex 2.83731 1.36542 -1.8
      vertex 2.87639 1.38042 0
      vertex 2.83731 1.36542 0
    endloop
  endfacet
  facet normal 0.358339 -0.933592 0
    outer loop
      vertex 2.87639 1.38042 0
      vertex 2.83731 1.36542 -1.8
      vertex 2.87639 1.38042 -1.8
    endloop
  endfacet
  facet normal 0.156416 -0.987691 0
    outer loop
      vertex 2.91683 1.39126 -1.8
      vertex 2.95819 1.39781 0
      vertex 2.91683 1.39126 0
    endloop
  endfacet
  facet normal 0.156416 -0.987691 0
    outer loop
      vertex 2.95819 1.39781 0
      vertex 2.91683 1.39126 -1.8
      vertex 2.95819 1.39781 -1.8
    endloop
  endfacet
  facet normal -0.998631 0.0523056 0
    outer loop
      vertex 3.39781 0.958188 -1.8
      vertex 3.4 1 0
      vertex 3.4 1 -1.8
    endloop
  endfacet
  facet normal -0.998631 0.0523056 0
    outer loop
      vertex 3.4 1 0
      vertex 3.39781 0.958188 -1.8
      vertex 3.39781 0.958188 0
    endloop
  endfacet
  facet normal -0.777131 0.629338 0
    outer loop
      vertex 3.29726 0.732347 -1.8
      vertex 3.32361 0.764885 0
      vertex 3.32361 0.764885 -1.8
    endloop
  endfacet
  facet normal -0.777131 0.629338 0
    outer loop
      vertex 3.32361 0.764885 0
      vertex 3.29726 0.732347 -1.8
      vertex 3.29726 0.732347 0
    endloop
  endfacet
  facet normal -0.890991 0.454022 0
    outer loop
      vertex 3.34641 0.799999 -1.8
      vertex 3.36542 0.837305 0
      vertex 3.36542 0.837305 -1.8
    endloop
  endfacet
  facet normal -0.890991 0.454022 0
    outer loop
      vertex 3.36542 0.837305 0
      vertex 3.34641 0.799999 -1.8
      vertex 3.34641 0.799999 0
    endloop
  endfacet
  facet normal 0.707047 0.707166 0
    outer loop
      vertex 2.73235 0.702742 0
      vertex 2.70274 0.732347 -1.8
      vertex 2.70274 0.732347 0
    endloop
  endfacet
  facet normal 0.707047 0.707166 0
    outer loop
      vertex 2.70274 0.732347 -1.8
      vertex 2.73235 0.702742 0
      vertex 2.73235 0.702742 -1.8
    endloop
  endfacet
  facet normal -0.453926 0.891039 0
    outer loop
      vertex 3.2 0.653589 -1.8
      vertex 3.16269 0.634582 0
      vertex 3.2 0.653589 0
    endloop
  endfacet
  facet normal -0.453926 0.891039 0
    outer loop
      vertex 3.16269 0.634582 0
      vertex 3.2 0.653589 -1.8
      vertex 3.16269 0.634582 -1.8
    endloop
  endfacet
  facet normal -0.258851 -0.965917 0
    outer loop
      vertex 3.08316 1.39126 -1.8
      vertex 3.12361 1.38042 0
      vertex 3.08316 1.39126 0
    endloop
  endfacet
  facet normal -0.258851 -0.965917 -0
    outer loop
      vertex 3.12361 1.38042 0
      vertex 3.08316 1.39126 -1.8
      vertex 3.12361 1.38042 -1.8
    endloop
  endfacet
  facet normal 0.965917 -0.258851 0
    outer loop
      vertex 2.60874 1.08316 0
      vertex 2.61958 1.12361 -1.8
      vertex 2.61958 1.12361 0
    endloop
  endfacet
  facet normal 0.965917 -0.258851 0
    outer loop
      vertex 2.61958 1.12361 -1.8
      vertex 2.60874 1.08316 0
      vertex 2.60874 1.08316 -1.8
    endloop
  endfacet
  facet normal 0.998631 0.0523056 0
    outer loop
      vertex 2.60219 0.958188 0
      vertex 2.6 1 -1.8
      vertex 2.6 1 0
    endloop
  endfacet
  facet normal 0.998631 0.0523056 0
    outer loop
      vertex 2.6 1 -1.8
      vertex 2.60219 0.958188 0
      vertex 2.60219 0.958188 -1.8
    endloop
  endfacet
  facet normal 0.707107 -0.707107 0
    outer loop
      vertex 2.70274 1.26765 0
      vertex 2.73235 1.29726 -1.8
      vertex 2.73235 1.29726 0
    endloop
  endfacet
  facet normal 0.707107 -0.707107 0
    outer loop
      vertex 2.73235 1.29726 -1.8
      vertex 2.70274 1.26765 0
      vertex 2.70274 1.26765 -1.8
    endloop
  endfacet
  facet normal 0.544518 -0.838749 0
    outer loop
      vertex 2.76488 1.32361 -1.8
      vertex 2.8 1.34641 0
      vertex 2.76488 1.32361 0
    endloop
  endfacet
  facet normal 0.544518 -0.838749 0
    outer loop
      vertex 2.8 1.34641 0
      vertex 2.76488 1.32361 -1.8
      vertex 2.8 1.34641 -1.8
    endloop
  endfacet
  facet normal -0.965906 0.258893 0
    outer loop
      vertex 3.38042 0.876392 -1.8
      vertex 3.39126 0.916835 0
      vertex 3.39126 0.916835 -1.8
    endloop
  endfacet
  facet normal -0.965906 0.258893 0
    outer loop
      vertex 3.39126 0.916835 0
      vertex 3.38042 0.876392 -1.8
      vertex 3.38042 0.876392 0
    endloop
  endfacet
  facet normal -0.544694 0.838635 0
    outer loop
      vertex 3.23511 0.676393 -1.8
      vertex 3.2 0.653589 0
      vertex 3.23511 0.676393 0
    endloop
  endfacet
  facet normal -0.544694 0.838635 0
    outer loop
      vertex 3.2 0.653589 0
      vertex 3.23511 0.676393 -1.8
      vertex 3.2 0.653589 -1.8
    endloop
  endfacet
  facet normal -0.933613 0.358283 0
    outer loop
      vertex 3.36542 0.837305 -1.8
      vertex 3.38042 0.876392 0
      vertex 3.38042 0.876392 -1.8
    endloop
  endfacet
  facet normal -0.933613 0.358283 0
    outer loop
      vertex 3.38042 0.876392 0
      vertex 3.36542 0.837305 -1.8
      vertex 3.36542 0.837305 0
    endloop
  endfacet
  facet normal 0.2588 0.965931 -0
    outer loop
      vertex 2.91683 0.608741 -1.8
      vertex 2.87639 0.619576 0
      vertex 2.91683 0.608741 0
    endloop
  endfacet
  facet normal 0.2588 0.965931 0
    outer loop
      vertex 2.87639 0.619576 0
      vertex 2.91683 0.608741 -1.8
      vertex 2.87639 0.619576 -1.8
    endloop
  endfacet
  facet normal 0.933613 0.358283 0
    outer loop
      vertex 2.63458 0.837305 0
      vertex 2.61958 0.876392 -1.8
      vertex 2.61958 0.876392 0
    endloop
  endfacet
  facet normal 0.933613 0.358283 0
    outer loop
      vertex 2.61958 0.876392 -1.8
      vertex 2.63458 0.837305 0
      vertex 2.63458 0.837305 -1.8
    endloop
  endfacet
  facet normal 0.890991 0.454022 0
    outer loop
      vertex 2.65359 0.799999 0
      vertex 2.63458 0.837305 -1.8
      vertex 2.63458 0.837305 0
    endloop
  endfacet
  facet normal 0.890991 0.454022 0
    outer loop
      vertex 2.63458 0.837305 -1.8
      vertex 2.65359 0.799999 0
      vertex 2.65359 0.799999 -1.8
    endloop
  endfacet
  facet normal -0.987687 0.156442 0
    outer loop
      vertex 3.39126 0.916835 -1.8
      vertex 3.39781 0.958188 0
      vertex 3.39781 0.958188 -1.8
    endloop
  endfacet
  facet normal -0.987687 0.156442 0
    outer loop
      vertex 3.39781 0.958188 0
      vertex 3.39126 0.916835 -1.8
      vertex 3.39126 0.916835 0
    endloop
  endfacet
  facet normal 0.0523557 0.998628 -0
    outer loop
      vertex 3 0.599999 -1.8
      vertex 2.95819 0.602191 0
      vertex 3 0.599999 0
    endloop
  endfacet
  facet normal 0.0523557 0.998628 0
    outer loop
      vertex 2.95819 0.602191 0
      vertex 3 0.599999 -1.8
      vertex 2.95819 0.602191 -1.8
    endloop
  endfacet
  facet normal 0.358464 0.933544 -0
    outer loop
      vertex 2.87639 0.619576 -1.8
      vertex 2.83731 0.634582 0
      vertex 2.87639 0.619576 0
    endloop
  endfacet
  facet normal 0.358464 0.933544 0
    outer loop
      vertex 2.83731 0.634582 0
      vertex 2.87639 0.619576 -1.8
      vertex 2.83731 0.634582 -1.8
    endloop
  endfacet
  facet normal 0.629417 0.777067 -0
    outer loop
      vertex 2.76488 0.676393 -1.8
      vertex 2.73235 0.702742 0
      vertex 2.76488 0.676393 0
    endloop
  endfacet
  facet normal 0.629417 0.777067 0
    outer loop
      vertex 2.73235 0.702742 0
      vertex 2.76488 0.676393 -1.8
      vertex 2.73235 0.702742 -1.8
    endloop
  endfacet
  facet normal 0.965906 0.258893 0
    outer loop
      vertex 2.61958 0.876392 0
      vertex 2.60874 0.916835 -1.8
      vertex 2.60874 0.916835 0
    endloop
  endfacet
  facet normal 0.965906 0.258893 0
    outer loop
      vertex 2.60874 0.916835 -1.8
      vertex 2.61958 0.876392 0
      vertex 2.61958 0.876392 -1.8
    endloop
  endfacet
  facet normal 0.987687 0.156442 0
    outer loop
      vertex 2.60874 0.916835 0
      vertex 2.60219 0.958188 -1.8
      vertex 2.60219 0.958188 0
    endloop
  endfacet
  facet normal 0.987687 0.156442 0
    outer loop
      vertex 2.60219 0.958188 -1.8
      vertex 2.60874 0.916835 0
      vertex 2.60874 0.916835 -1.8
    endloop
  endfacet
  facet normal -0.25874 0.965947 0
    outer loop
      vertex 3.12361 0.619576 -1.8
      vertex 3.08316 0.608741 0
      vertex 3.12361 0.619576 0
    endloop
  endfacet
  facet normal -0.25874 0.965947 0
    outer loop
      vertex 3.08316 0.608741 0
      vertex 3.12361 0.619576 -1.8
      vertex 3.08316 0.608741 -1.8
    endloop
  endfacet
  facet normal -0.156453 0.987685 0
    outer loop
      vertex 3.08316 0.608741 -1.8
      vertex 3.04181 0.602191 0
      vertex 3.08316 0.608741 0
    endloop
  endfacet
  facet normal -0.156453 0.987685 0
    outer loop
      vertex 3.04181 0.602191 0
      vertex 3.08316 0.608741 -1.8
      vertex 3.04181 0.602191 -1.8
    endloop
  endfacet
  facet normal -0.707047 0.707166 0
    outer loop
      vertex 3.26765 0.702742 -1.8
      vertex 3.29726 0.732347 0
      vertex 3.29726 0.732347 -1.8
    endloop
  endfacet
  facet normal -0.707047 0.707166 0
    outer loop
      vertex 3.29726 0.732347 0
      vertex 3.26765 0.702742 -1.8
      vertex 3.26765 0.702742 0
    endloop
  endfacet
  facet normal -0.629301 0.777162 0
    outer loop
      vertex 3.26765 0.702742 -1.8
      vertex 3.23511 0.676393 0
      vertex 3.26765 0.702742 0
    endloop
  endfacet
  facet normal -0.629301 0.777162 0
    outer loop
      vertex 3.23511 0.676393 0
      vertex 3.26765 0.702742 -1.8
      vertex 3.23511 0.676393 -1.8
    endloop
  endfacet
  facet normal 0.453926 0.891039 -0
    outer loop
      vertex 2.83731 0.634582 -1.8
      vertex 2.8 0.653589 0
      vertex 2.83731 0.634582 0
    endloop
  endfacet
  facet normal 0.453926 0.891039 0
    outer loop
      vertex 2.8 0.653589 0
      vertex 2.83731 0.634582 -1.8
      vertex 2.8 0.653589 -1.8
    endloop
  endfacet
  facet normal 0.544585 0.838705 -0
    outer loop
      vertex 2.8 0.653589 -1.8
      vertex 2.76488 0.676393 0
      vertex 2.8 0.653589 0
    endloop
  endfacet
  facet normal 0.544585 0.838705 0
    outer loop
      vertex 2.76488 0.676393 0
      vertex 2.8 0.653589 -1.8
      vertex 2.76488 0.676393 -1.8
    endloop
  endfacet
  facet normal 0.156416 0.987691 -0
    outer loop
      vertex 2.95819 0.602191 -1.8
      vertex 2.91683 0.608741 0
      vertex 2.95819 0.602191 0
    endloop
  endfacet
  facet normal 0.156416 0.987691 0
    outer loop
      vertex 2.91683 0.608741 0
      vertex 2.95819 0.602191 -1.8
      vertex 2.91683 0.608741 -1.8
    endloop
  endfacet
  facet normal 0.777131 0.629338 0
    outer loop
      vertex 2.70274 0.732347 0
      vertex 2.67639 0.764885 -1.8
      vertex 2.67639 0.764885 0
    endloop
  endfacet
  facet normal 0.777131 0.629338 0
    outer loop
      vertex 2.67639 0.764885 -1.8
      vertex 2.70274 0.732347 0
      vertex 2.70274 0.732347 -1.8
    endloop
  endfacet
  facet normal 0.838707 0.544584 0
    outer loop
      vertex 2.67639 0.764885 0
      vertex 2.65359 0.799999 -1.8
      vertex 2.65359 0.799999 0
    endloop
  endfacet
  facet normal 0.838707 0.544584 0
    outer loop
      vertex 2.65359 0.799999 -1.8
      vertex 2.67639 0.764885 0
      vertex 2.67639 0.764885 -1.8
    endloop
  endfacet
endsolid OpenSCAD_Model
