solid OpenSCAD_Model
  facet normal -0.993711 0.111975 0
    outer loop
      vertex 4.58997 -1.57901 2.75
      vertex 4.6 -1.49 3.75
      vertex 4.6 -1.49 2.75
    endloop
  endfacet
  facet normal -0.993711 0.111975 0
    outer loop
      vertex 4.6 -1.49 3.75
      vertex 4.58997 -1.57901 2.75
      vertex 4.58997 -1.57901 3.75
    endloop
  endfacet
  facet normal -0.993711 -0.111975 0
    outer loop
      vertex 4.6 -1.49 2.75
      vertex 4.58997 -1.40099 3.75
      vertex 4.58997 -1.40099 2.75
    endloop
  endfacet
  facet normal -0.993711 -0.111975 0
    outer loop
      vertex 4.58997 -1.40099 3.75
      vertex 4.6 -1.49 2.75
      vertex 4.6 -1.49 3.75
    endloop
  endfacet
  facet normal -0.94389 -0.330261 0
    outer loop
      vertex 4.58997 -1.40099 2.75
      vertex 4.56039 -1.31645 3.75
      vertex 4.56039 -1.31645 2.75
    endloop
  endfacet
  facet normal -0.94389 -0.330261 0
    outer loop
      vertex 4.56039 -1.31645 3.75
      vertex 4.58997 -1.40099 2.75
      vertex 4.58997 -1.40099 3.75
    endloop
  endfacet
  facet normal -0.846723 -0.532034 0
    outer loop
      vertex 4.56039 -1.31645 2.75
      vertex 4.51273 -1.2406 3.75
      vertex 4.51273 -1.2406 2.75
    endloop
  endfacet
  facet normal -0.846723 -0.532034 0
    outer loop
      vertex 4.51273 -1.2406 3.75
      vertex 4.56039 -1.31645 2.75
      vertex 4.56039 -1.31645 3.75
    endloop
  endfacet
  facet normal -0.707107 -0.707107 0
    outer loop
      vertex 4.51273 -1.2406 2.75
      vertex 4.4494 -1.17727 3.58318
      vertex 4.4494 -1.17727 2.75
    endloop
  endfacet
  facet normal -0.707107 -0.707107 -0
    outer loop
      vertex 4.51273 -1.2406 3.75
      vertex 4.4494 -1.17727 3.58318
      vertex 4.51273 -1.2406 2.75
    endloop
  endfacet
  facet normal -0.707107 -0.707107 7.42735e-15
    outer loop
      vertex 4.4494 -1.17727 3.58318
      vertex 4.51273 -1.2406 3.75
      vertex 4.45894 -1.18681 3.64107
    endloop
  endfacet
  facet normal -0.707107 -0.707107 -5.95724e-15
    outer loop
      vertex 4.45894 -1.18681 3.64107
      vertex 4.51273 -1.2406 3.75
      vertex 4.46852 -1.19639 3.71789
    endloop
  endfacet
  facet normal -0.707107 -0.707107 2.2079e-13
    outer loop
      vertex 4.46852 -1.19639 3.71789
      vertex 4.51273 -1.2406 3.75
      vertex 4.46881 -1.19668 3.72022
    endloop
  endfacet
  facet normal -0.707107 -0.707107 -7.29792e-14
    outer loop
      vertex 4.46881 -1.19668 3.72022
      vertex 4.51273 -1.2406 3.75
      vertex 4.469 -1.19687 3.7225
    endloop
  endfacet
  facet normal -0.707107 -0.707107 -1.84215e-14
    outer loop
      vertex 4.469 -1.19687 3.7225
      vertex 4.51273 -1.2406 3.75
      vertex 4.47134 -1.19921 3.75
    endloop
  endfacet
  facet normal -0.532172 -0.846636 -2.70837e-06
    outer loop
      vertex 4.4494 -1.17727 2.75
      vertex 4.44378 -1.17374 3.55623
      vertex 4.42391 -1.16125 3.47541
    endloop
  endfacet
  facet normal -0.532026 -0.846728 2.28778e-06
    outer loop
      vertex 4.4494 -1.17727 2.75
      vertex 4.42222 -1.16019 3.46962
      vertex 4.39927 -1.14577 3.39095
    endloop
  endfacet
  facet normal -0.532034 -0.846723 0
    outer loop
      vertex 4.4494 -1.17727 2.75
      vertex 4.37355 -1.12961 3.31514
      vertex 4.37355 -1.12961 2.75
    endloop
  endfacet
  facet normal -0.532133 -0.846661 -1.84107e-05
    outer loop
      vertex 4.37355 -1.12961 3.31514
      vertex 4.4494 -1.17727 2.75
      vertex 4.3739 -1.12983 3.31617
    endloop
  endfacet
  facet normal -0.532015 -0.846735 3.5038e-06
    outer loop
      vertex 4.3739 -1.12983 3.31617
      vertex 4.4494 -1.17727 2.75
      vertex 4.39927 -1.14577 3.39095
    endloop
  endfacet
  facet normal -0.531433 -0.847101 3.35502e-05
    outer loop
      vertex 4.42222 -1.16019 3.46962
      vertex 4.4494 -1.17727 2.75
      vertex 4.42391 -1.16125 3.47541
    endloop
  endfacet
  facet normal -0.533935 -0.845525 -1.98582e-05
    outer loop
      vertex 4.44378 -1.17374 3.55623
      vertex 4.4494 -1.17727 2.75
      vertex 4.44492 -1.17446 3.56088
    endloop
  endfacet
  facet normal -0.53085 -0.847466 3.91209e-06
    outer loop
      vertex 4.44492 -1.17446 3.56088
      vertex 4.4494 -1.17727 2.75
      vertex 4.44583 -1.17503 3.56541
    endloop
  endfacet
  facet normal -0.531491 -0.847064 0
    outer loop
      vertex 4.44583 -1.17503 3.56541
      vertex 4.4494 -1.17727 2.75
      vertex 4.4494 -1.17727 3.58318
    endloop
  endfacet
  facet normal -0.330284 -0.943882 6.12294e-06
    outer loop
      vertex 4.37355 -1.12961 2.75
      vertex 4.36653 -1.12715 3.29773
      vertex 4.32932 -1.11413 3.21014
    endloop
  endfacet
  facet normal -0.330261 -0.94389 0
    outer loop
      vertex 4.37355 -1.12961 2.75
      vertex 4.28901 -1.10003 3.12484
      vertex 4.28901 -1.10003 2.75
    endloop
  endfacet
  facet normal -0.331719 -0.943378 -0.000369113
    outer loop
      vertex 4.28901 -1.10003 3.12484
      vertex 4.37355 -1.12961 2.75
      vertex 4.29023 -1.10046 3.12743
    endloop
  endfacet
  facet normal -0.330143 -0.943931 2.13293e-05
    outer loop
      vertex 4.29023 -1.10046 3.12743
      vertex 4.37355 -1.12961 2.75
      vertex 4.32932 -1.11413 3.21014
    endloop
  endfacet
  facet normal -0.330361 -0.943855 5.01817e-06
    outer loop
      vertex 4.36653 -1.12715 3.29773
      vertex 4.37355 -1.12961 2.75
      vertex 4.37053 -1.12855 3.30715
    endloop
  endfacet
  facet normal -0.331185 -0.943566 0
    outer loop
      vertex 4.37053 -1.12855 3.30715
      vertex 4.37355 -1.12961 2.75
      vertex 4.37355 -1.12961 3.31514
    endloop
  endfacet
  facet normal -0.111541 -0.99376 0.000129494
    outer loop
      vertex 4.28901 -1.10003 2.75
      vertex 4.22632 -1.09296 3.00772
      vertex 4.21632 -1.09184 2.98919
    endloop
  endfacet
  facet normal -0.11144 -0.993771 0.000228505
    outer loop
      vertex 4.28901 -1.10003 2.75
      vertex 4.20528 -1.09059 2.97017
      vertex 4.2 -1.09 2.96107
    endloop
  endfacet
  facet normal -0.111975 -0.993711 0
    outer loop
      vertex 4.28901 -1.10003 2.75
      vertex 4.2 -1.09 2.96107
      vertex 4.2 -1.09 2.75
    endloop
  endfacet
  facet normal -0.112319 -0.993672 -0.000109883
    outer loop
      vertex 4.20528 -1.09059 2.97017
      vertex 4.28901 -1.10003 2.75
      vertex 4.21632 -1.09184 2.98919
    endloop
  endfacet
  facet normal -0.112098 -0.993697 -7.677e-06
    outer loop
      vertex 4.22632 -1.09296 3.00772
      vertex 4.28901 -1.10003 2.75
      vertex 4.28278 -1.09933 3.11237
    endloop
  endfacet
  facet normal -0.111657 -0.993747 0
    outer loop
      vertex 4.28278 -1.09933 3.11237
      vertex 4.28901 -1.10003 2.75
      vertex 4.28901 -1.10003 3.12484
    endloop
  endfacet
  facet normal 0.111975 -0.993711 0
    outer loop
      vertex 4.2 -1.09 2.75
      vertex 4.11099 -1.10003 2.80864
      vertex 4.11099 -1.10003 2.75
    endloop
  endfacet
  facet normal 0.112227 -0.993683 0.000387094
    outer loop
      vertex 4.11099 -1.10003 2.80864
      vertex 4.2 -1.09 2.75
      vertex 4.11504 -1.09957 2.81529
    endloop
  endfacet
  facet normal 0.111933 -0.993716 0
    outer loop
      vertex 4.11504 -1.09957 2.81529
      vertex 4.2 -1.09 2.75
      vertex 4.2 -1.09 2.96107
    endloop
  endfacet
  facet normal 0.330146 -0.94393 0
    outer loop
      vertex 4.11099 -1.10003 2.75
      vertex 4.11099 -1.10003 2.80864
      vertex 4.07608 -1.11224 2.75
    endloop
  endfacet
  facet normal 0.846708 -0.532058 -1.82471e-05
    outer loop
      vertex 3.83961 -1.31645 3.75
      vertex 3.87067 -1.26702 3.70075
      vertex 3.88579 -1.24296 3.75
    endloop
  endfacet
  facet normal 0.846644 -0.53216 -0.000161147
    outer loop
      vertex 3.87067 -1.26702 3.70075
      vertex 3.83961 -1.31645 3.75
      vertex 3.86728 -1.27241 3.68972
    endloop
  endfacet
  facet normal 0.846952 -0.531669 0.000339179
    outer loop
      vertex 3.83961 -1.31645 3.75
      vertex 3.86392 -1.27777 3.67796
      vertex 3.86728 -1.27241 3.68972
    endloop
  endfacet
  facet normal 0.846668 -0.532122 0
    outer loop
      vertex 3.86392 -1.27777 3.67796
      vertex 3.83961 -1.31645 3.75
      vertex 3.83961 -1.31645 3.59303
    endloop
  endfacet
  facet normal 0.94389 -0.330261 0
    outer loop
      vertex 3.81003 -1.40099 3.75
      vertex 3.83961 -1.31645 3.59303
      vertex 3.83961 -1.31645 3.75
    endloop
  endfacet
  facet normal 0.943857 -0.330355 -5.66134e-05
    outer loop
      vertex 3.83961 -1.31645 3.59303
      vertex 3.81003 -1.40099 3.75
      vertex 3.8353 -1.32876 3.56903
    endloop
  endfacet
  facet normal 0.94388 -0.330288 -2.69126e-05
    outer loop
      vertex 3.8353 -1.32876 3.56903
      vertex 3.81003 -1.40099 3.75
      vertex 3.82136 -1.36859 3.48329
    endloop
  endfacet
  facet normal 0.944018 -0.329895 2.67041e-05
    outer loop
      vertex 3.82136 -1.36859 3.48329
      vertex 3.81003 -1.40099 3.75
      vertex 3.81933 -1.3744 3.47078
    endloop
  endfacet
  facet normal 0.94393 -0.330145 0
    outer loop
      vertex 3.81933 -1.3744 3.47078
      vertex 3.81003 -1.40099 3.75
      vertex 3.81003 -1.40099 3.40727
    endloop
  endfacet
  facet normal 0.993711 -0.111975 0
    outer loop
      vertex 3.8 -1.49 3.75
      vertex 3.81003 -1.40099 3.40727
      vertex 3.81003 -1.40099 3.75
    endloop
  endfacet
  facet normal 0.993693 -0.112134 -4.16619e-05
    outer loop
      vertex 3.81003 -1.40099 3.40727
      vertex 3.8 -1.49 3.75
      vertex 3.80852 -1.41436 3.37729
    endloop
  endfacet
  facet normal 0.993709 -0.111991 -1.23084e-05
    outer loop
      vertex 3.80852 -1.41436 3.37729
      vertex 3.8 -1.49 3.75
      vertex 3.80481 -1.44727 3.29268
    endloop
  endfacet
  facet normal 0.993869 -0.110562 0.000122917
    outer loop
      vertex 3.80481 -1.44727 3.29268
      vertex 3.8 -1.49 3.75
      vertex 3.80429 -1.45196 3.27867
    endloop
  endfacet
  facet normal 0.993681 -0.11224 -1.42583e-05
    outer loop
      vertex 3.80429 -1.45196 3.27867
      vertex 3.8 -1.49 3.75
      vertex 3.80156 -1.47612 3.20648
    endloop
  endfacet
  facet normal 0.993743 -0.111689 0
    outer loop
      vertex 3.80156 -1.47612 3.20648
      vertex 3.8 -1.49 3.75
      vertex 3.8 -1.49 3.15723
    endloop
  endfacet
  facet normal 0.993711 0.111975 0
    outer loop
      vertex 3.81003 -1.57901 3.75
      vertex 3.8 -1.49 3.15723
      vertex 3.8 -1.49 3.75
    endloop
  endfacet
  facet normal 0.993706 0.11202 6.82005e-06
    outer loop
      vertex 3.8 -1.49 3.15723
      vertex 3.81003 -1.57901 3.75
      vertex 3.80061 -1.49541 3.13793
    endloop
  endfacet
  facet normal 0.993665 0.112381 5.6719e-05
    outer loop
      vertex 3.80061 -1.49541 3.13793
      vertex 3.81003 -1.57901 3.75
      vertex 3.80107 -1.49947 3.12348
    endloop
  endfacet
  facet normal 0.993683 0.11222 3.59723e-05
    outer loop
      vertex 3.80107 -1.49947 3.12348
      vertex 3.81003 -1.57901 3.75
      vertex 3.80145 -1.50283 3.10841
    endloop
  endfacet
  facet normal 0.993748 0.111643 -3.33454e-05
    outer loop
      vertex 3.80145 -1.50283 3.10841
      vertex 3.81003 -1.57901 3.75
      vertex 3.80306 -1.51718 3.04415
    endloop
  endfacet
  facet normal 0.993717 0.111925 -8.32548e-06
    outer loop
      vertex 3.80306 -1.51718 3.04415
      vertex 3.81003 -1.57901 3.75
      vertex 3.80425 -1.52775 2.98104
    endloop
  endfacet
  facet normal 0.993614 0.112835 5.31313e-05
    outer loop
      vertex 3.80425 -1.52775 2.98104
      vertex 3.81003 -1.57901 3.75
      vertex 3.80457 -1.53056 2.96431
    endloop
  endfacet
  facet normal 0.99371 0.111985 -0
    outer loop
      vertex 3.81003 -1.57901 2.75
      vertex 3.80457 -1.53056 2.96431
      vertex 3.81003 -1.57901 3.75
    endloop
  endfacet
  facet normal 0.993693 0.112136 -3.96952e-05
    outer loop
      vertex 3.80557 -1.53944 2.88483
      vertex 3.81003 -1.57901 2.75
      vertex 3.80594 -1.54274 2.82481
    endloop
  endfacet
  facet normal 0.99374 0.111719 8.41741e-05
    outer loop
      vertex 3.80478 -1.53246 2.94725
      vertex 3.81003 -1.57901 2.75
      vertex 3.80557 -1.53944 2.88483
    endloop
  endfacet
  facet normal 0.993475 0.114049 -0.000472612
    outer loop
      vertex 3.80457 -1.53056 2.96431
      vertex 3.81003 -1.57901 2.75
      vertex 3.80478 -1.53246 2.94725
    endloop
  endfacet
  facet normal 0.993663 0.112401 -0.000169962
    outer loop
      vertex 3.80594 -1.54274 2.82481
      vertex 3.81003 -1.57901 2.75
      vertex 3.80605 -1.54374 2.80658
    endloop
  endfacet
  facet normal 0.993719 0.111905 0.000143194
    outer loop
      vertex 3.80605 -1.54374 2.80658
      vertex 3.81003 -1.57901 2.75
      vertex 3.80603 -1.54349 2.75
    endloop
  endfacet
  facet normal 0.94389 0.330261 0
    outer loop
      vertex 3.83961 -1.66355 3.75
      vertex 3.81003 -1.57901 2.75
      vertex 3.81003 -1.57901 3.75
    endloop
  endfacet
  facet normal 0.94389 0.330261 0
    outer loop
      vertex 3.81003 -1.57901 2.75
      vertex 3.83961 -1.66355 3.75
      vertex 3.83961 -1.66355 2.75
    endloop
  endfacet
  facet normal 0.846723 0.532034 0
    outer loop
      vertex 3.88727 -1.7394 3.75
      vertex 3.83961 -1.66355 2.75
      vertex 3.83961 -1.66355 3.75
    endloop
  endfacet
  facet normal 0.846723 0.532034 0
    outer loop
      vertex 3.83961 -1.66355 2.75
      vertex 3.88727 -1.7394 3.75
      vertex 3.88727 -1.7394 2.75
    endloop
  endfacet
  facet normal 0.707107 0.707107 0
    outer loop
      vertex 3.9506 -1.80273 3.75
      vertex 3.88727 -1.7394 2.75
      vertex 3.88727 -1.7394 3.75
    endloop
  endfacet
  facet normal 0.707107 0.707107 0
    outer loop
      vertex 3.88727 -1.7394 2.75
      vertex 3.9506 -1.80273 3.75
      vertex 3.9506 -1.80273 2.75
    endloop
  endfacet
  facet normal 0.532034 0.846723 -0
    outer loop
      vertex 4.02645 -1.85039 2.75
      vertex 3.9506 -1.80273 3.75
      vertex 4.02645 -1.85039 3.75
    endloop
  endfacet
  facet normal 0.532034 0.846723 0
    outer loop
      vertex 3.9506 -1.80273 3.75
      vertex 4.02645 -1.85039 2.75
      vertex 3.9506 -1.80273 2.75
    endloop
  endfacet
  facet normal 0.330261 0.94389 -0
    outer loop
      vertex 4.11099 -1.87997 2.75
      vertex 4.02645 -1.85039 3.75
      vertex 4.11099 -1.87997 3.75
    endloop
  endfacet
  facet normal 0.330261 0.94389 0
    outer loop
      vertex 4.02645 -1.85039 3.75
      vertex 4.11099 -1.87997 2.75
      vertex 4.02645 -1.85039 2.75
    endloop
  endfacet
  facet normal 0.111975 0.993711 -0
    outer loop
      vertex 4.2 -1.89 2.75
      vertex 4.11099 -1.87997 3.75
      vertex 4.2 -1.89 3.75
    endloop
  endfacet
  facet normal 0.111975 0.993711 0
    outer loop
      vertex 4.11099 -1.87997 3.75
      vertex 4.2 -1.89 2.75
      vertex 4.11099 -1.87997 2.75
    endloop
  endfacet
  facet normal -0.111975 0.993711 0
    outer loop
      vertex 4.28901 -1.87997 2.75
      vertex 4.2 -1.89 3.75
      vertex 4.28901 -1.87997 3.75
    endloop
  endfacet
  facet normal -0.111975 0.993711 0
    outer loop
      vertex 4.2 -1.89 3.75
      vertex 4.28901 -1.87997 2.75
      vertex 4.2 -1.89 2.75
    endloop
  endfacet
  facet normal -0.330261 0.94389 0
    outer loop
      vertex 4.37355 -1.85039 2.75
      vertex 4.28901 -1.87997 3.75
      vertex 4.37355 -1.85039 3.75
    endloop
  endfacet
  facet normal -0.330261 0.94389 0
    outer loop
      vertex 4.28901 -1.87997 3.75
      vertex 4.37355 -1.85039 2.75
      vertex 4.28901 -1.87997 2.75
    endloop
  endfacet
  facet normal -0.532034 0.846723 0
    outer loop
      vertex 4.4494 -1.80273 2.75
      vertex 4.37355 -1.85039 3.75
      vertex 4.4494 -1.80273 3.75
    endloop
  endfacet
  facet normal -0.532034 0.846723 0
    outer loop
      vertex 4.37355 -1.85039 3.75
      vertex 4.4494 -1.80273 2.75
      vertex 4.37355 -1.85039 2.75
    endloop
  endfacet
  facet normal -0.707107 0.707107 0
    outer loop
      vertex 4.4494 -1.80273 2.75
      vertex 4.51273 -1.7394 3.75
      vertex 4.51273 -1.7394 2.75
    endloop
  endfacet
  facet normal -0.707107 0.707107 0
    outer loop
      vertex 4.51273 -1.7394 3.75
      vertex 4.4494 -1.80273 2.75
      vertex 4.4494 -1.80273 3.75
    endloop
  endfacet
  facet normal -0.846723 0.532034 0
    outer loop
      vertex 4.51273 -1.7394 2.75
      vertex 4.56039 -1.66355 3.75
      vertex 4.56039 -1.66355 2.75
    endloop
  endfacet
  facet normal -0.846723 0.532034 0
    outer loop
      vertex 4.56039 -1.66355 3.75
      vertex 4.51273 -1.7394 2.75
      vertex 4.51273 -1.7394 3.75
    endloop
  endfacet
  facet normal -0.94389 0.330261 0
    outer loop
      vertex 4.56039 -1.66355 2.75
      vertex 4.58997 -1.57901 3.75
      vertex 4.58997 -1.57901 2.75
    endloop
  endfacet
  facet normal -0.94389 0.330261 0
    outer loop
      vertex 4.58997 -1.57901 3.75
      vertex 4.56039 -1.66355 2.75
      vertex 4.56039 -1.66355 3.75
    endloop
  endfacet
  facet normal 0 0 1
    outer loop
      vertex 4.02325 -1.33378 2.75
      vertex 4.6 -1.49 2.75
      vertex 4.58997 -1.40099 2.75
    endloop
  endfacet
  facet normal -0 0 1
    outer loop
      vertex 4.02325 -1.33378 2.75
      vertex 4.58997 -1.40099 2.75
      vertex 4.56039 -1.31645 2.75
    endloop
  endfacet
  facet normal 0 0 1
    outer loop
      vertex 4.6 -1.49 2.75
      vertex 4.02325 -1.33378 2.75
      vertex 4.58997 -1.57901 2.75
    endloop
  endfacet
  facet normal -0 0 1
    outer loop
      vertex 4.03931 -1.30091 2.75
      vertex 4.56039 -1.31645 2.75
      vertex 4.51273 -1.2406 2.75
    endloop
  endfacet
  facet normal 0 0 1
    outer loop
      vertex 4.58997 -1.57901 2.75
      vertex 4.02325 -1.33378 2.75
      vertex 4.56039 -1.66355 2.75
    endloop
  endfacet
  facet normal 0 0 1
    outer loop
      vertex 4.04367 -1.29198 2.75
      vertex 4.51273 -1.2406 2.75
      vertex 4.4494 -1.17727 2.75
    endloop
  endfacet
  facet normal -0 0 1
    outer loop
      vertex 4.0038 -1.36521 2.75
      vertex 4.56039 -1.66355 2.75
      vertex 4.02325 -1.33378 2.75
    endloop
  endfacet
  facet normal 0 0 1
    outer loop
      vertex 4.04699 -1.2829 2.75
      vertex 4.4494 -1.17727 2.75
      vertex 4.37355 -1.12961 2.75
    endloop
  endfacet
  facet normal 0 0 1
    outer loop
      vertex 4.56039 -1.66355 2.75
      vertex 4.0038 -1.36521 2.75
      vertex 4.51273 -1.7394 2.75
    endloop
  endfacet
  facet normal 0 0 1
    outer loop
      vertex 4.05937 -1.24911 2.75
      vertex 4.37355 -1.12961 2.75
      vertex 4.28901 -1.10003 2.75
    endloop
  endfacet
  facet normal 0 0 1
    outer loop
      vertex 4.56039 -1.31645 2.75
      vertex 4.03931 -1.30091 2.75
      vertex 4.02325 -1.33378 2.75
    endloop
  endfacet
  facet normal 0 0 1
    outer loop
      vertex 4.06794 -1.21463 2.75
      vertex 4.28901 -1.10003 2.75
      vertex 4.2 -1.09 2.75
    endloop
  endfacet
  facet normal 0 0 1
    outer loop
      vertex 4.51273 -1.2406 2.75
      vertex 4.04367 -1.29198 2.75
      vertex 4.03931 -1.30091 2.75
    endloop
  endfacet
  facet normal 0 0 1
    outer loop
      vertex 4.076 -1.162 2.75
      vertex 4.2 -1.09 2.75
      vertex 4.11099 -1.10003 2.75
    endloop
  endfacet
  facet normal 0 0 1
    outer loop
      vertex 4.37355 -1.12961 2.75
      vertex 4.05937 -1.24911 2.75
      vertex 4.04699 -1.2829 2.75
    endloop
  endfacet
  facet normal 0 0 1
    outer loop
      vertex 4.07615 -1.15318 2.75
      vertex 4.11099 -1.10003 2.75
      vertex 4.07674 -1.11872 2.75
    endloop
  endfacet
  facet normal 0 -0 1
    outer loop
      vertex 4.07674 -1.11872 2.75
      vertex 4.11099 -1.10003 2.75
      vertex 4.07608 -1.11224 2.75
    endloop
  endfacet
  facet normal 0 0 1
    outer loop
      vertex 4.076 -1.162 2.75
      vertex 4.11099 -1.10003 2.75
      vertex 4.07615 -1.15318 2.75
    endloop
  endfacet
  facet normal 0 0 1
    outer loop
      vertex 4.2 -1.09 2.75
      vertex 4.076 -1.162 2.75
      vertex 4.07481 -1.17093 2.75
    endloop
  endfacet
  facet normal 0 0 1
    outer loop
      vertex 4.2 -1.09 2.75
      vertex 4.07481 -1.17093 2.75
      vertex 4.07019 -1.20562 2.75
    endloop
  endfacet
  facet normal 0 0 1
    outer loop
      vertex 4.2 -1.09 2.75
      vertex 4.07019 -1.20562 2.75
      vertex 4.06794 -1.21463 2.75
    endloop
  endfacet
  facet normal 0 0 1
    outer loop
      vertex 4.28901 -1.10003 2.75
      vertex 4.06794 -1.21463 2.75
      vertex 4.05937 -1.24911 2.75
    endloop
  endfacet
  facet normal 0 0 1
    outer loop
      vertex 4.4494 -1.17727 2.75
      vertex 4.04699 -1.2829 2.75
      vertex 4.04367 -1.29198 2.75
    endloop
  endfacet
  facet normal -0 0 1
    outer loop
      vertex 3.99834 -1.37404 2.75
      vertex 4.51273 -1.7394 2.75
      vertex 4.0038 -1.36521 2.75
    endloop
  endfacet
  facet normal 0 0 1
    outer loop
      vertex 4.51273 -1.7394 2.75
      vertex 3.99834 -1.37404 2.75
      vertex 4.4494 -1.80273 2.75
    endloop
  endfacet
  facet normal 0 0 1
    outer loop
      vertex 4.4494 -1.80273 2.75
      vertex 3.99834 -1.37404 2.75
      vertex 4.37355 -1.85039 2.75
    endloop
  endfacet
  facet normal 0 0 1
    outer loop
      vertex 4.37355 -1.85039 2.75
      vertex 3.99834 -1.37404 2.75
      vertex 4.28901 -1.87997 2.75
    endloop
  endfacet
  facet normal -0 0 1
    outer loop
      vertex 3.97571 -1.40376 2.75
      vertex 4.28901 -1.87997 2.75
      vertex 3.99834 -1.37404 2.75
    endloop
  endfacet
  facet normal 0 0 1
    outer loop
      vertex 4.28901 -1.87997 2.75
      vertex 3.97571 -1.40376 2.75
      vertex 4.2 -1.89 2.75
    endloop
  endfacet
  facet normal -0 0 1
    outer loop
      vertex 3.96921 -1.41231 2.75
      vertex 4.2 -1.89 2.75
      vertex 3.97571 -1.40376 2.75
    endloop
  endfacet
  facet normal 0 0 1
    outer loop
      vertex 4.2 -1.89 2.75
      vertex 3.96921 -1.41231 2.75
      vertex 4.11099 -1.87997 2.75
    endloop
  endfacet
  facet normal -0 0 1
    outer loop
      vertex 3.96176 -1.4204 2.75
      vertex 4.11099 -1.87997 2.75
      vertex 3.96921 -1.41231 2.75
    endloop
  endfacet
  facet normal 0 0 1
    outer loop
      vertex 4.11099 -1.87997 2.75
      vertex 3.96176 -1.4204 2.75
      vertex 4.02645 -1.85039 2.75
    endloop
  endfacet
  facet normal -0 0 1
    outer loop
      vertex 3.93618 -1.44819 2.75
      vertex 4.02645 -1.85039 2.75
      vertex 3.96176 -1.4204 2.75
    endloop
  endfacet
  facet normal 0 0 1
    outer loop
      vertex 4.02645 -1.85039 2.75
      vertex 3.93618 -1.44819 2.75
      vertex 3.9506 -1.80273 2.75
    endloop
  endfacet
  facet normal 0 0 1
    outer loop
      vertex 3.88727 -1.7394 2.75
      vertex 3.93618 -1.44819 2.75
      vertex 3.9081 -1.4736 2.75
    endloop
  endfacet
  facet normal 0 0 1
    outer loop
      vertex 3.88727 -1.7394 2.75
      vertex 3.9081 -1.4736 2.75
      vertex 3.89961 -1.48128 2.75
    endloop
  endfacet
  facet normal 0 0 1
    outer loop
      vertex 3.83961 -1.66355 2.75
      vertex 3.89961 -1.48128 2.75
      vertex 3.89031 -1.48829 2.75
    endloop
  endfacet
  facet normal 0 0 1
    outer loop
      vertex 3.93618 -1.44819 2.75
      vertex 3.88727 -1.7394 2.75
      vertex 3.9506 -1.80273 2.75
    endloop
  endfacet
  facet normal 0 0 1
    outer loop
      vertex 3.83961 -1.66355 2.75
      vertex 3.89031 -1.48829 2.75
      vertex 3.85991 -1.51121 2.75
    endloop
  endfacet
  facet normal 0 0 1
    outer loop
      vertex 3.89961 -1.48128 2.75
      vertex 3.83961 -1.66355 2.75
      vertex 3.88727 -1.7394 2.75
    endloop
  endfacet
  facet normal 0 0 1
    outer loop
      vertex 3.81003 -1.57901 2.75
      vertex 3.85991 -1.51121 2.75
      vertex 3.8175 -1.53766 2.75
    endloop
  endfacet
  facet normal 0 0 1
    outer loop
      vertex 3.85991 -1.51121 2.75
      vertex 3.81003 -1.57901 2.75
      vertex 3.83961 -1.66355 2.75
    endloop
  endfacet
  facet normal 0 -0 1
    outer loop
      vertex 3.81003 -1.57901 2.75
      vertex 3.8175 -1.53766 2.75
      vertex 3.80603 -1.54349 2.75
    endloop
  endfacet
  facet normal -0.993711 0.111975 0
    outer loop
      vertex 1.30997 -4.23901 2.75
      vertex 1.32 -4.15 3.75
      vertex 1.32 -4.15 2.75
    endloop
  endfacet
  facet normal -0.993711 0.111975 0
    outer loop
      vertex 1.32 -4.15 3.75
      vertex 1.30997 -4.23901 2.75
      vertex 1.30997 -4.23901 3.75
    endloop
  endfacet
  facet normal -0.993711 -0.111975 0
    outer loop
      vertex 1.32 -4.15 2.75
      vertex 1.30997 -4.06099 3.75
      vertex 1.30997 -4.06099 2.75
    endloop
  endfacet
  facet normal -0.993711 -0.111975 0
    outer loop
      vertex 1.30997 -4.06099 3.75
      vertex 1.32 -4.15 2.75
      vertex 1.32 -4.15 3.75
    endloop
  endfacet
  facet normal -0.94389 -0.330261 0
    outer loop
      vertex 1.30997 -4.06099 2.75
      vertex 1.28039 -3.97645 3.75
      vertex 1.28039 -3.97645 2.75
    endloop
  endfacet
  facet normal -0.94389 -0.330261 0
    outer loop
      vertex 1.28039 -3.97645 3.75
      vertex 1.30997 -4.06099 2.75
      vertex 1.30997 -4.06099 3.75
    endloop
  endfacet
  facet normal -0.846723 -0.532034 0
    outer loop
      vertex 1.28039 -3.97645 2.75
      vertex 1.23273 -3.9006 3.75
      vertex 1.23273 -3.9006 2.75
    endloop
  endfacet
  facet normal -0.846723 -0.532034 0
    outer loop
      vertex 1.23273 -3.9006 3.75
      vertex 1.28039 -3.97645 2.75
      vertex 1.28039 -3.97645 3.75
    endloop
  endfacet
  facet normal -0.707107 -0.707107 0
    outer loop
      vertex 1.23273 -3.9006 2.75
      vertex 1.1694 -3.83727 3.75
      vertex 1.1694 -3.83727 2.75
    endloop
  endfacet
  facet normal -0.707107 -0.707107 0
    outer loop
      vertex 1.1694 -3.83727 3.75
      vertex 1.23273 -3.9006 2.75
      vertex 1.23273 -3.9006 3.75
    endloop
  endfacet
  facet normal -0.532034 -0.846723 0
    outer loop
      vertex 1.09355 -3.78961 2.75
      vertex 1.1694 -3.83727 3.75
      vertex 1.09355 -3.78961 3.75
    endloop
  endfacet
  facet normal -0.532034 -0.846723 -0
    outer loop
      vertex 1.1694 -3.83727 3.75
      vertex 1.09355 -3.78961 2.75
      vertex 1.1694 -3.83727 2.75
    endloop
  endfacet
  facet normal -0.330261 -0.94389 0
    outer loop
      vertex 1.00901 -3.76003 2.75
      vertex 1.09355 -3.78961 3.75
      vertex 1.00901 -3.76003 3.75
    endloop
  endfacet
  facet normal -0.330261 -0.94389 -0
    outer loop
      vertex 1.09355 -3.78961 3.75
      vertex 1.00901 -3.76003 2.75
      vertex 1.09355 -3.78961 2.75
    endloop
  endfacet
  facet normal -0.111974 -0.993711 0
    outer loop
      vertex 0.919999 -3.75 2.75
      vertex 1.00901 -3.76003 3.75
      vertex 0.919999 -3.75 3.75
    endloop
  endfacet
  facet normal -0.111974 -0.993711 -0
    outer loop
      vertex 1.00901 -3.76003 3.75
      vertex 0.919999 -3.75 2.75
      vertex 1.00901 -3.76003 2.75
    endloop
  endfacet
  facet normal 0.111978 -0.993711 0
    outer loop
      vertex 0.830991 -3.76003 2.75
      vertex 0.919999 -3.75 3.75
      vertex 0.830991 -3.76003 3.75
    endloop
  endfacet
  facet normal 0.111978 -0.993711 0
    outer loop
      vertex 0.919999 -3.75 3.75
      vertex 0.830991 -3.76003 2.75
      vertex 0.919999 -3.75 2.75
    endloop
  endfacet
  facet normal 0.330244 -0.943896 0
    outer loop
      vertex 0.746446 -3.78961 2.75
      vertex 0.830991 -3.76003 3.75
      vertex 0.746446 -3.78961 3.75
    endloop
  endfacet
  facet normal 0.330244 -0.943896 0
    outer loop
      vertex 0.830991 -3.76003 3.75
      vertex 0.746446 -3.78961 2.75
      vertex 0.830991 -3.76003 2.75
    endloop
  endfacet
  facet normal 0.532075 -0.846697 0
    outer loop
      vertex 0.670604 -3.83727 2.75
      vertex 0.746446 -3.78961 3.75
      vertex 0.670604 -3.83727 3.75
    endloop
  endfacet
  facet normal 0.532075 -0.846697 0
    outer loop
      vertex 0.746446 -3.78961 3.75
      vertex 0.670604 -3.83727 2.75
      vertex 0.746446 -3.78961 2.75
    endloop
  endfacet
  facet normal 0.707068 -0.707146 0
    outer loop
      vertex 0.607267 -3.9006 3.75
      vertex 0.670604 -3.83727 2.75
      vertex 0.670604 -3.83727 3.75
    endloop
  endfacet
  facet normal 0.707068 -0.707146 0
    outer loop
      vertex 0.670604 -3.83727 2.75
      vertex 0.607267 -3.9006 3.75
      vertex 0.607267 -3.9006 2.75
    endloop
  endfacet
  facet normal 0.846748 -0.531994 0
    outer loop
      vertex 0.559612 -3.97645 3.75
      vertex 0.607267 -3.9006 2.75
      vertex 0.607267 -3.9006 3.75
    endloop
  endfacet
  facet normal 0.846748 -0.531994 0
    outer loop
      vertex 0.607267 -3.9006 2.75
      vertex 0.559612 -3.97645 3.75
      vertex 0.559612 -3.97645 2.75
    endloop
  endfacet
  facet normal 0.943876 -0.330301 0
    outer loop
      vertex 0.530028 -4.06099 3.75
      vertex 0.559612 -3.97645 2.75
      vertex 0.559612 -3.97645 3.75
    endloop
  endfacet
  facet normal 0.943876 -0.330301 0
    outer loop
      vertex 0.559612 -3.97645 2.75
      vertex 0.530028 -4.06099 3.75
      vertex 0.530028 -4.06099 2.75
    endloop
  endfacet
  facet normal 0.993713 -0.111953 0
    outer loop
      vertex 0.52 -4.15 3.75
      vertex 0.530028 -4.06099 2.75
      vertex 0.530028 -4.06099 3.75
    endloop
  endfacet
  facet normal 0.993713 -0.111953 0
    outer loop
      vertex 0.530028 -4.06099 2.75
      vertex 0.52 -4.15 3.75
      vertex 0.52 -4.15 2.75
    endloop
  endfacet
  facet normal 0.993713 0.111953 0
    outer loop
      vertex 0.530028 -4.23901 3.75
      vertex 0.52 -4.15 2.75
      vertex 0.52 -4.15 3.75
    endloop
  endfacet
  facet normal 0.993713 0.111953 0
    outer loop
      vertex 0.52 -4.15 2.75
      vertex 0.530028 -4.23901 3.75
      vertex 0.530028 -4.23901 2.75
    endloop
  endfacet
  facet normal 0.943876 0.330301 0
    outer loop
      vertex 0.559612 -4.32355 3.75
      vertex 0.530028 -4.23901 2.75
      vertex 0.530028 -4.23901 3.75
    endloop
  endfacet
  facet normal 0.943876 0.330301 0
    outer loop
      vertex 0.530028 -4.23901 2.75
      vertex 0.559612 -4.32355 3.75
      vertex 0.559612 -4.32355 2.75
    endloop
  endfacet
  facet normal 0.846748 0.531994 0
    outer loop
      vertex 0.607267 -4.3994 3.75
      vertex 0.559612 -4.32355 2.75
      vertex 0.559612 -4.32355 3.75
    endloop
  endfacet
  facet normal 0.846748 0.531994 0
    outer loop
      vertex 0.559612 -4.32355 2.75
      vertex 0.607267 -4.3994 3.75
      vertex 0.607267 -4.3994 2.75
    endloop
  endfacet
  facet normal 0.707068 0.707146 0
    outer loop
      vertex 0.670604 -4.46273 3.75
      vertex 0.607267 -4.3994 2.75
      vertex 0.607267 -4.3994 3.75
    endloop
  endfacet
  facet normal 0.707068 0.707146 0
    outer loop
      vertex 0.607267 -4.3994 2.75
      vertex 0.670604 -4.46273 3.75
      vertex 0.670604 -4.46273 2.75
    endloop
  endfacet
  facet normal 0.532075 0.846697 -0
    outer loop
      vertex 0.746446 -4.51039 2.75
      vertex 0.670604 -4.46273 3.75
      vertex 0.746446 -4.51039 3.75
    endloop
  endfacet
  facet normal 0.532075 0.846697 0
    outer loop
      vertex 0.670604 -4.46273 3.75
      vertex 0.746446 -4.51039 2.75
      vertex 0.670604 -4.46273 2.75
    endloop
  endfacet
  facet normal 0.330244 0.943896 -0
    outer loop
      vertex 0.830991 -4.53997 2.75
      vertex 0.746446 -4.51039 3.75
      vertex 0.830991 -4.53997 3.75
    endloop
  endfacet
  facet normal 0.330244 0.943896 0
    outer loop
      vertex 0.746446 -4.51039 3.75
      vertex 0.830991 -4.53997 2.75
      vertex 0.746446 -4.51039 2.75
    endloop
  endfacet
  facet normal 0.111978 0.993711 -0
    outer loop
      vertex 0.919999 -4.55 2.75
      vertex 0.830991 -4.53997 3.75
      vertex 0.919999 -4.55 3.75
    endloop
  endfacet
  facet normal 0.111978 0.993711 0
    outer loop
      vertex 0.830991 -4.53997 3.75
      vertex 0.919999 -4.55 2.75
      vertex 0.830991 -4.53997 2.75
    endloop
  endfacet
  facet normal -0.111974 0.993711 0
    outer loop
      vertex 1.00901 -4.53997 2.75
      vertex 0.919999 -4.55 3.75
      vertex 1.00901 -4.53997 3.75
    endloop
  endfacet
  facet normal -0.111974 0.993711 0
    outer loop
      vertex 0.919999 -4.55 3.75
      vertex 1.00901 -4.53997 2.75
      vertex 0.919999 -4.55 2.75
    endloop
  endfacet
  facet normal -0.330261 0.94389 0
    outer loop
      vertex 1.09355 -4.51039 2.75
      vertex 1.00901 -4.53997 3.75
      vertex 1.09355 -4.51039 3.75
    endloop
  endfacet
  facet normal -0.330261 0.94389 0
    outer loop
      vertex 1.00901 -4.53997 3.75
      vertex 1.09355 -4.51039 2.75
      vertex 1.00901 -4.53997 2.75
    endloop
  endfacet
  facet normal -0.532034 0.846723 0
    outer loop
      vertex 1.1694 -4.46273 2.75
      vertex 1.09355 -4.51039 3.75
      vertex 1.1694 -4.46273 3.75
    endloop
  endfacet
  facet normal -0.532034 0.846723 0
    outer loop
      vertex 1.09355 -4.51039 3.75
      vertex 1.1694 -4.46273 2.75
      vertex 1.09355 -4.51039 2.75
    endloop
  endfacet
  facet normal -0.707107 0.707107 0
    outer loop
      vertex 1.1694 -4.46273 2.75
      vertex 1.23273 -4.3994 3.75
      vertex 1.23273 -4.3994 2.75
    endloop
  endfacet
  facet normal -0.707107 0.707107 0
    outer loop
      vertex 1.23273 -4.3994 3.75
      vertex 1.1694 -4.46273 2.75
      vertex 1.1694 -4.46273 3.75
    endloop
  endfacet
  facet normal -0.846723 0.532034 0
    outer loop
      vertex 1.23273 -4.3994 2.75
      vertex 1.28039 -4.32355 3.75
      vertex 1.28039 -4.32355 2.75
    endloop
  endfacet
  facet normal -0.846723 0.532034 0
    outer loop
      vertex 1.28039 -4.32355 3.75
      vertex 1.23273 -4.3994 2.75
      vertex 1.23273 -4.3994 3.75
    endloop
  endfacet
  facet normal -0.94389 0.330261 0
    outer loop
      vertex 1.28039 -4.32355 2.75
      vertex 1.30997 -4.23901 3.75
      vertex 1.30997 -4.23901 2.75
    endloop
  endfacet
  facet normal -0.94389 0.330261 0
    outer loop
      vertex 1.30997 -4.23901 3.75
      vertex 1.28039 -4.32355 2.75
      vertex 1.28039 -4.32355 3.75
    endloop
  endfacet
  facet normal 0 0 1
    outer loop
      vertex 1.30997 -4.06099 2.75
      vertex 1.30997 -4.23901 2.75
      vertex 1.32 -4.15 2.75
    endloop
  endfacet
  facet normal 0 0 1
    outer loop
      vertex 1.28039 -3.97645 2.75
      vertex 1.30997 -4.23901 2.75
      vertex 1.30997 -4.06099 2.75
    endloop
  endfacet
  facet normal 0 0 1
    outer loop
      vertex 1.28039 -3.97645 2.75
      vertex 1.28039 -4.32355 2.75
      vertex 1.30997 -4.23901 2.75
    endloop
  endfacet
  facet normal 0 0 1
    outer loop
      vertex 1.23273 -3.9006 2.75
      vertex 1.28039 -4.32355 2.75
      vertex 1.28039 -3.97645 2.75
    endloop
  endfacet
  facet normal 0 0 1
    outer loop
      vertex 1.23273 -3.9006 2.75
      vertex 1.23273 -4.3994 2.75
      vertex 1.28039 -4.32355 2.75
    endloop
  endfacet
  facet normal 0 0 1
    outer loop
      vertex 1.1694 -3.83727 2.75
      vertex 1.23273 -4.3994 2.75
      vertex 1.23273 -3.9006 2.75
    endloop
  endfacet
  facet normal 0 0 1
    outer loop
      vertex 1.1694 -3.83727 2.75
      vertex 1.1694 -4.46273 2.75
      vertex 1.23273 -4.3994 2.75
    endloop
  endfacet
  facet normal 0 0 1
    outer loop
      vertex 1.09355 -3.78961 2.75
      vertex 1.1694 -4.46273 2.75
      vertex 1.1694 -3.83727 2.75
    endloop
  endfacet
  facet normal 0 0 1
    outer loop
      vertex 1.09355 -3.78961 2.75
      vertex 1.09355 -4.51039 2.75
      vertex 1.1694 -4.46273 2.75
    endloop
  endfacet
  facet normal 0 0 1
    outer loop
      vertex 1.00901 -3.76003 2.75
      vertex 1.09355 -4.51039 2.75
      vertex 1.09355 -3.78961 2.75
    endloop
  endfacet
  facet normal 0 0 1
    outer loop
      vertex 1.00901 -3.76003 2.75
      vertex 1.00901 -4.53997 2.75
      vertex 1.09355 -4.51039 2.75
    endloop
  endfacet
  facet normal 0 0 1
    outer loop
      vertex 0.919999 -3.75 2.75
      vertex 1.00901 -4.53997 2.75
      vertex 1.00901 -3.76003 2.75
    endloop
  endfacet
  facet normal 0 0 1
    outer loop
      vertex 0.919999 -3.75 2.75
      vertex 0.919999 -4.55 2.75
      vertex 1.00901 -4.53997 2.75
    endloop
  endfacet
  facet normal -0 0 1
    outer loop
      vertex 0.830991 -3.76003 2.75
      vertex 0.919999 -4.55 2.75
      vertex 0.919999 -3.75 2.75
    endloop
  endfacet
  facet normal 0 0 1
    outer loop
      vertex 0.830991 -3.76003 2.75
      vertex 0.830991 -4.53997 2.75
      vertex 0.919999 -4.55 2.75
    endloop
  endfacet
  facet normal -0 0 1
    outer loop
      vertex 0.746446 -3.78961 2.75
      vertex 0.830991 -4.53997 2.75
      vertex 0.830991 -3.76003 2.75
    endloop
  endfacet
  facet normal 0 0 1
    outer loop
      vertex 0.746446 -3.78961 2.75
      vertex 0.746446 -4.51039 2.75
      vertex 0.830991 -4.53997 2.75
    endloop
  endfacet
  facet normal -0 0 1
    outer loop
      vertex 0.670604 -3.83727 2.75
      vertex 0.746446 -4.51039 2.75
      vertex 0.746446 -3.78961 2.75
    endloop
  endfacet
  facet normal 0 0 1
    outer loop
      vertex 0.670604 -3.83727 2.75
      vertex 0.670604 -4.46273 2.75
      vertex 0.746446 -4.51039 2.75
    endloop
  endfacet
  facet normal -0 0 1
    outer loop
      vertex 0.607267 -3.9006 2.75
      vertex 0.670604 -4.46273 2.75
      vertex 0.670604 -3.83727 2.75
    endloop
  endfacet
  facet normal 0 0 1
    outer loop
      vertex 0.607267 -3.9006 2.75
      vertex 0.607267 -4.3994 2.75
      vertex 0.670604 -4.46273 2.75
    endloop
  endfacet
  facet normal -0 0 1
    outer loop
      vertex 0.559612 -3.97645 2.75
      vertex 0.607267 -4.3994 2.75
      vertex 0.607267 -3.9006 2.75
    endloop
  endfacet
  facet normal 0 0 1
    outer loop
      vertex 0.559612 -3.97645 2.75
      vertex 0.559612 -4.32355 2.75
      vertex 0.607267 -4.3994 2.75
    endloop
  endfacet
  facet normal -0 0 1
    outer loop
      vertex 0.530028 -4.06099 2.75
      vertex 0.559612 -4.32355 2.75
      vertex 0.559612 -3.97645 2.75
    endloop
  endfacet
  facet normal 0 0 1
    outer loop
      vertex 0.530028 -4.06099 2.75
      vertex 0.530028 -4.23901 2.75
      vertex 0.559612 -4.32355 2.75
    endloop
  endfacet
  facet normal 0 -0 1
    outer loop
      vertex 0.530028 -4.23901 2.75
      vertex 0.530028 -4.06099 2.75
      vertex 0.52 -4.15 2.75
    endloop
  endfacet
  facet normal -0.993711 0.111977 0
    outer loop
      vertex -3.81003 0.270991 2.75
      vertex -3.8 0.36 3.75
      vertex -3.8 0.36 2.75
    endloop
  endfacet
  facet normal -0.993711 0.111977 0
    outer loop
      vertex -3.8 0.36 3.75
      vertex -3.81003 0.270991 2.75
      vertex -3.81003 0.270991 3.75
    endloop
  endfacet
  facet normal -0.993711 -0.111978 0
    outer loop
      vertex -3.8 0.36 2.75
      vertex -3.81003 0.449008 3.75
      vertex -3.81003 0.449008 2.75
    endloop
  endfacet
  facet normal -0.993711 -0.111978 0
    outer loop
      vertex -3.81003 0.449008 3.75
      vertex -3.8 0.36 2.75
      vertex -3.8 0.36 3.75
    endloop
  endfacet
  facet normal -0.943896 -0.330244 0
    outer loop
      vertex -3.81003 0.449008 2.75
      vertex -3.83961 0.533553 3.75
      vertex -3.83961 0.533553 2.75
    endloop
  endfacet
  facet normal -0.943896 -0.330244 0
    outer loop
      vertex -3.83961 0.533553 3.75
      vertex -3.81003 0.449008 2.75
      vertex -3.81003 0.449008 3.75
    endloop
  endfacet
  facet normal -0.846697 -0.532075 0
    outer loop
      vertex -3.83961 0.533553 2.75
      vertex -3.88727 0.609395 3.75
      vertex -3.88727 0.609395 2.75
    endloop
  endfacet
  facet normal -0.846697 -0.532075 0
    outer loop
      vertex -3.88727 0.609395 3.75
      vertex -3.83961 0.533553 2.75
      vertex -3.83961 0.533553 3.75
    endloop
  endfacet
  facet normal -0.707146 -0.707068 0
    outer loop
      vertex -3.88727 0.609395 2.75
      vertex -3.9506 0.672732 3.75
      vertex -3.9506 0.672732 2.75
    endloop
  endfacet
  facet normal -0.707146 -0.707068 0
    outer loop
      vertex -3.9506 0.672732 3.75
      vertex -3.88727 0.609395 2.75
      vertex -3.88727 0.609395 3.75
    endloop
  endfacet
  facet normal -0.531994 -0.846748 0
    outer loop
      vertex -4.02645 0.720387 2.75
      vertex -3.9506 0.672732 3.75
      vertex -4.02645 0.720387 3.75
    endloop
  endfacet
  facet normal -0.531994 -0.846748 -0
    outer loop
      vertex -3.9506 0.672732 3.75
      vertex -4.02645 0.720387 2.75
      vertex -3.9506 0.672732 2.75
    endloop
  endfacet
  facet normal -0.330291 -0.943879 0
    outer loop
      vertex -4.11099 0.74997 2.75
      vertex -4.02645 0.720387 3.75
      vertex -4.11099 0.74997 3.75
    endloop
  endfacet
  facet normal -0.330291 -0.943879 -0
    outer loop
      vertex -4.02645 0.720387 3.75
      vertex -4.11099 0.74997 2.75
      vertex -4.02645 0.720387 2.75
    endloop
  endfacet
  facet normal -0.111964 -0.993712 0
    outer loop
      vertex -4.2 0.759999 2.75
      vertex -4.11099 0.74997 3.75
      vertex -4.2 0.759999 3.75
    endloop
  endfacet
  facet normal -0.111964 -0.993712 -0
    outer loop
      vertex -4.11099 0.74997 3.75
      vertex -4.2 0.759999 2.75
      vertex -4.11099 0.74997 2.75
    endloop
  endfacet
  facet normal 0.111964 -0.993712 0
    outer loop
      vertex -4.28901 0.74997 2.75
      vertex -4.2 0.759999 3.75
      vertex -4.28901 0.74997 3.75
    endloop
  endfacet
  facet normal 0.111964 -0.993712 0
    outer loop
      vertex -4.2 0.759999 3.75
      vertex -4.28901 0.74997 2.75
      vertex -4.2 0.759999 2.75
    endloop
  endfacet
  facet normal 0.330291 -0.943879 0
    outer loop
      vertex -4.37355 0.720387 2.75
      vertex -4.28901 0.74997 3.75
      vertex -4.37355 0.720387 3.75
    endloop
  endfacet
  facet normal 0.330291 -0.943879 0
    outer loop
      vertex -4.28901 0.74997 3.75
      vertex -4.37355 0.720387 2.75
      vertex -4.28901 0.74997 2.75
    endloop
  endfacet
  facet normal 0.531994 -0.846748 0
    outer loop
      vertex -4.4494 0.672732 2.75
      vertex -4.37355 0.720387 3.75
      vertex -4.4494 0.672732 3.75
    endloop
  endfacet
  facet normal 0.531994 -0.846748 0
    outer loop
      vertex -4.37355 0.720387 3.75
      vertex -4.4494 0.672732 2.75
      vertex -4.37355 0.720387 2.75
    endloop
  endfacet
  facet normal 0.707146 -0.707068 0
    outer loop
      vertex -4.51273 0.609395 3.75
      vertex -4.4494 0.672732 2.75
      vertex -4.4494 0.672732 3.75
    endloop
  endfacet
  facet normal 0.707146 -0.707068 0
    outer loop
      vertex -4.4494 0.672732 2.75
      vertex -4.51273 0.609395 3.75
      vertex -4.51273 0.609395 2.75
    endloop
  endfacet
  facet normal 0.846697 -0.532075 0
    outer loop
      vertex -4.56039 0.533553 3.75
      vertex -4.51273 0.609395 2.75
      vertex -4.51273 0.609395 3.75
    endloop
  endfacet
  facet normal 0.846697 -0.532075 0
    outer loop
      vertex -4.51273 0.609395 2.75
      vertex -4.56039 0.533553 3.75
      vertex -4.56039 0.533553 2.75
    endloop
  endfacet
  facet normal 0.943896 -0.330244 0
    outer loop
      vertex -4.58997 0.449008 3.75
      vertex -4.56039 0.533553 2.75
      vertex -4.56039 0.533553 3.75
    endloop
  endfacet
  facet normal 0.943896 -0.330244 0
    outer loop
      vertex -4.56039 0.533553 2.75
      vertex -4.58997 0.449008 3.75
      vertex -4.58997 0.449008 2.75
    endloop
  endfacet
  facet normal 0.993711 -0.111978 0
    outer loop
      vertex -4.6 0.36 3.75
      vertex -4.58997 0.449008 2.75
      vertex -4.58997 0.449008 3.75
    endloop
  endfacet
  facet normal 0.993711 -0.111978 0
    outer loop
      vertex -4.58997 0.449008 2.75
      vertex -4.6 0.36 3.75
      vertex -4.6 0.36 2.75
    endloop
  endfacet
  facet normal 0.993711 0.111977 0
    outer loop
      vertex -4.58997 0.270991 3.75
      vertex -4.6 0.36 2.75
      vertex -4.6 0.36 3.75
    endloop
  endfacet
  facet normal 0.993711 0.111977 0
    outer loop
      vertex -4.6 0.36 2.75
      vertex -4.58997 0.270991 3.75
      vertex -4.58997 0.270991 2.75
    endloop
  endfacet
  facet normal 0.943896 0.330244 0
    outer loop
      vertex -4.56039 0.186446 3.75
      vertex -4.58997 0.270991 2.75
      vertex -4.58997 0.270991 3.75
    endloop
  endfacet
  facet normal 0.943896 0.330244 0
    outer loop
      vertex -4.58997 0.270991 2.75
      vertex -4.56039 0.186446 3.75
      vertex -4.56039 0.186446 2.75
    endloop
  endfacet
  facet normal 0.846701 0.53207 0
    outer loop
      vertex -4.51273 0.110603 3.75
      vertex -4.56039 0.186446 2.75
      vertex -4.56039 0.186446 3.75
    endloop
  endfacet
  facet normal 0.846701 0.53207 0
    outer loop
      vertex -4.56039 0.186446 2.75
      vertex -4.51273 0.110603 3.75
      vertex -4.51273 0.110603 2.75
    endloop
  endfacet
  facet normal 0.70714 0.707073 0
    outer loop
      vertex -4.4494 0.047267 3.75
      vertex -4.51273 0.110603 2.75
      vertex -4.51273 0.110603 3.75
    endloop
  endfacet
  facet normal 0.70714 0.707073 0
    outer loop
      vertex -4.51273 0.110603 2.75
      vertex -4.4494 0.047267 3.75
      vertex -4.4494 0.047267 2.75
    endloop
  endfacet
  facet normal 0.531988 0.846752 -0
    outer loop
      vertex -4.37355 -0.000387192 2.75
      vertex -4.4494 0.047267 3.75
      vertex -4.37355 -0.000387192 3.75
    endloop
  endfacet
  facet normal 0.531988 0.846752 0
    outer loop
      vertex -4.4494 0.047267 3.75
      vertex -4.37355 -0.000387192 2.75
      vertex -4.4494 0.047267 2.75
    endloop
  endfacet
  facet normal 0.3303 0.943876 -0
    outer loop
      vertex -4.28901 -0.0299711 2.75
      vertex -4.37355 -0.000387192 3.75
      vertex -4.28901 -0.0299711 3.75
    endloop
  endfacet
  facet normal 0.3303 0.943876 0
    outer loop
      vertex -4.37355 -0.000387192 3.75
      vertex -4.28901 -0.0299711 2.75
      vertex -4.37355 -0.000387192 2.75
    endloop
  endfacet
  facet normal 0.111963 0.993712 -0
    outer loop
      vertex -4.2 -0.04 2.75
      vertex -4.28901 -0.0299711 3.75
      vertex -4.2 -0.04 3.75
    endloop
  endfacet
  facet normal 0.111963 0.993712 0
    outer loop
      vertex -4.28901 -0.0299711 3.75
      vertex -4.2 -0.04 2.75
      vertex -4.28901 -0.0299711 2.75
    endloop
  endfacet
  facet normal -0.111963 0.993712 0
    outer loop
      vertex -4.11099 -0.0299711 2.75
      vertex -4.2 -0.04 3.75
      vertex -4.11099 -0.0299711 3.75
    endloop
  endfacet
  facet normal -0.111963 0.993712 0
    outer loop
      vertex -4.2 -0.04 3.75
      vertex -4.11099 -0.0299711 2.75
      vertex -4.2 -0.04 2.75
    endloop
  endfacet
  facet normal -0.3303 0.943876 0
    outer loop
      vertex -4.02645 -0.000387192 2.75
      vertex -4.11099 -0.0299711 3.75
      vertex -4.02645 -0.000387192 3.75
    endloop
  endfacet
  facet normal -0.3303 0.943876 0
    outer loop
      vertex -4.11099 -0.0299711 3.75
      vertex -4.02645 -0.000387192 2.75
      vertex -4.11099 -0.0299711 2.75
    endloop
  endfacet
  facet normal -0.531988 0.846752 0
    outer loop
      vertex -3.9506 0.047267 2.75
      vertex -4.02645 -0.000387192 3.75
      vertex -3.9506 0.047267 3.75
    endloop
  endfacet
  facet normal -0.531988 0.846752 0
    outer loop
      vertex -4.02645 -0.000387192 3.75
      vertex -3.9506 0.047267 2.75
      vertex -4.02645 -0.000387192 2.75
    endloop
  endfacet
  facet normal -0.70714 0.707073 0
    outer loop
      vertex -3.9506 0.047267 2.75
      vertex -3.88727 0.110603 3.75
      vertex -3.88727 0.110603 2.75
    endloop
  endfacet
  facet normal -0.70714 0.707073 0
    outer loop
      vertex -3.88727 0.110603 3.75
      vertex -3.9506 0.047267 2.75
      vertex -3.9506 0.047267 3.75
    endloop
  endfacet
  facet normal -0.846701 0.53207 0
    outer loop
      vertex -3.88727 0.110603 2.75
      vertex -3.83961 0.186446 3.75
      vertex -3.83961 0.186446 2.75
    endloop
  endfacet
  facet normal -0.846701 0.53207 0
    outer loop
      vertex -3.83961 0.186446 3.75
      vertex -3.88727 0.110603 2.75
      vertex -3.88727 0.110603 3.75
    endloop
  endfacet
  facet normal -0.943896 0.330244 0
    outer loop
      vertex -3.83961 0.186446 2.75
      vertex -3.81003 0.270991 3.75
      vertex -3.81003 0.270991 2.75
    endloop
  endfacet
  facet normal -0.943896 0.330244 0
    outer loop
      vertex -3.81003 0.270991 3.75
      vertex -3.83961 0.186446 2.75
      vertex -3.83961 0.186446 3.75
    endloop
  endfacet
  facet normal 0 0 1
    outer loop
      vertex -3.81003 0.449008 2.75
      vertex -3.81003 0.270991 2.75
      vertex -3.8 0.36 2.75
    endloop
  endfacet
  facet normal 0 0 1
    outer loop
      vertex -3.83961 0.533553 2.75
      vertex -3.81003 0.270991 2.75
      vertex -3.81003 0.449008 2.75
    endloop
  endfacet
  facet normal 0 0 1
    outer loop
      vertex -3.83961 0.533553 2.75
      vertex -3.83961 0.186446 2.75
      vertex -3.81003 0.270991 2.75
    endloop
  endfacet
  facet normal 0 0 1
    outer loop
      vertex -3.88727 0.609395 2.75
      vertex -3.83961 0.186446 2.75
      vertex -3.83961 0.533553 2.75
    endloop
  endfacet
  facet normal 0 0 1
    outer loop
      vertex -3.88727 0.609395 2.75
      vertex -3.88727 0.110603 2.75
      vertex -3.83961 0.186446 2.75
    endloop
  endfacet
  facet normal 0 0 1
    outer loop
      vertex -3.9506 0.672732 2.75
      vertex -3.88727 0.110603 2.75
      vertex -3.88727 0.609395 2.75
    endloop
  endfacet
  facet normal 0 0 1
    outer loop
      vertex -3.9506 0.672732 2.75
      vertex -3.9506 0.047267 2.75
      vertex -3.88727 0.110603 2.75
    endloop
  endfacet
  facet normal 0 0 1
    outer loop
      vertex -4.02645 0.720387 2.75
      vertex -3.9506 0.047267 2.75
      vertex -3.9506 0.672732 2.75
    endloop
  endfacet
  facet normal 0 0 1
    outer loop
      vertex -4.02645 0.720387 2.75
      vertex -4.02645 -0.000387192 2.75
      vertex -3.9506 0.047267 2.75
    endloop
  endfacet
  facet normal 0 0 1
    outer loop
      vertex -4.11099 0.74997 2.75
      vertex -4.02645 -0.000387192 2.75
      vertex -4.02645 0.720387 2.75
    endloop
  endfacet
  facet normal 0 0 1
    outer loop
      vertex -4.11099 0.74997 2.75
      vertex -4.11099 -0.0299711 2.75
      vertex -4.02645 -0.000387192 2.75
    endloop
  endfacet
  facet normal 0 0 1
    outer loop
      vertex -4.2 0.759999 2.75
      vertex -4.11099 -0.0299711 2.75
      vertex -4.11099 0.74997 2.75
    endloop
  endfacet
  facet normal 0 0 1
    outer loop
      vertex -4.2 0.759999 2.75
      vertex -4.2 -0.04 2.75
      vertex -4.11099 -0.0299711 2.75
    endloop
  endfacet
  facet normal -0 0 1
    outer loop
      vertex -4.28901 0.74997 2.75
      vertex -4.2 -0.04 2.75
      vertex -4.2 0.759999 2.75
    endloop
  endfacet
  facet normal 0 0 1
    outer loop
      vertex -4.28901 0.74997 2.75
      vertex -4.28901 -0.0299711 2.75
      vertex -4.2 -0.04 2.75
    endloop
  endfacet
  facet normal -0 0 1
    outer loop
      vertex -4.37355 0.720387 2.75
      vertex -4.28901 -0.0299711 2.75
      vertex -4.28901 0.74997 2.75
    endloop
  endfacet
  facet normal 0 0 1
    outer loop
      vertex -4.37355 0.720387 2.75
      vertex -4.37355 -0.000387192 2.75
      vertex -4.28901 -0.0299711 2.75
    endloop
  endfacet
  facet normal -0 0 1
    outer loop
      vertex -4.4494 0.672732 2.75
      vertex -4.37355 -0.000387192 2.75
      vertex -4.37355 0.720387 2.75
    endloop
  endfacet
  facet normal 0 0 1
    outer loop
      vertex -4.4494 0.672732 2.75
      vertex -4.4494 0.047267 2.75
      vertex -4.37355 -0.000387192 2.75
    endloop
  endfacet
  facet normal -0 0 1
    outer loop
      vertex -4.51273 0.609395 2.75
      vertex -4.4494 0.047267 2.75
      vertex -4.4494 0.672732 2.75
    endloop
  endfacet
  facet normal 0 0 1
    outer loop
      vertex -4.51273 0.609395 2.75
      vertex -4.51273 0.110603 2.75
      vertex -4.4494 0.047267 2.75
    endloop
  endfacet
  facet normal -0 0 1
    outer loop
      vertex -4.56039 0.533553 2.75
      vertex -4.51273 0.110603 2.75
      vertex -4.51273 0.609395 2.75
    endloop
  endfacet
  facet normal 0 0 1
    outer loop
      vertex -4.56039 0.533553 2.75
      vertex -4.56039 0.186446 2.75
      vertex -4.51273 0.110603 2.75
    endloop
  endfacet
  facet normal -0 0 1
    outer loop
      vertex -4.58997 0.449008 2.75
      vertex -4.56039 0.186446 2.75
      vertex -4.56039 0.533553 2.75
    endloop
  endfacet
  facet normal 0 0 1
    outer loop
      vertex -4.58997 0.449008 2.75
      vertex -4.58997 0.270991 2.75
      vertex -4.56039 0.186446 2.75
    endloop
  endfacet
  facet normal 0 -0 1
    outer loop
      vertex -4.58997 0.270991 2.75
      vertex -4.58997 0.449008 2.75
      vertex -4.6 0.36 2.75
    endloop
  endfacet
  facet normal 0.111975 0.993711 -0
    outer loop
      vertex -4.2 3.35 2.75
      vertex -4.28901 3.36003 3.75
      vertex -4.2 3.35 3.75
    endloop
  endfacet
  facet normal 0.111975 0.993711 0
    outer loop
      vertex -4.28901 3.36003 3.75
      vertex -4.2 3.35 2.75
      vertex -4.28901 3.36003 2.75
    endloop
  endfacet
  facet normal -0.111975 0.993711 0
    outer loop
      vertex -4.11099 3.36003 2.75
      vertex -4.2 3.35 3.75
      vertex -4.11099 3.36003 3.75
    endloop
  endfacet
  facet normal -0.111975 0.993711 0
    outer loop
      vertex -4.2 3.35 3.75
      vertex -4.11099 3.36003 2.75
      vertex -4.2 3.35 2.75
    endloop
  endfacet
  facet normal -0.330261 0.94389 0
    outer loop
      vertex -4.02645 3.38961 2.75
      vertex -4.11099 3.36003 3.75
      vertex -4.02645 3.38961 3.75
    endloop
  endfacet
  facet normal -0.330261 0.94389 0
    outer loop
      vertex -4.11099 3.36003 3.75
      vertex -4.02645 3.38961 2.75
      vertex -4.11099 3.36003 2.75
    endloop
  endfacet
  facet normal -0.532034 0.846723 0
    outer loop
      vertex -3.9506 3.43727 2.75
      vertex -4.02645 3.38961 3.75
      vertex -3.9506 3.43727 3.75
    endloop
  endfacet
  facet normal -0.532034 0.846723 0
    outer loop
      vertex -4.02645 3.38961 3.75
      vertex -3.9506 3.43727 2.75
      vertex -4.02645 3.38961 2.75
    endloop
  endfacet
  facet normal -0.707107 0.707107 0
    outer loop
      vertex -3.9506 3.43727 2.75
      vertex -3.88727 3.5006 3.75
      vertex -3.88727 3.5006 2.75
    endloop
  endfacet
  facet normal -0.707107 0.707107 0
    outer loop
      vertex -3.88727 3.5006 3.75
      vertex -3.9506 3.43727 2.75
      vertex -3.9506 3.43727 3.75
    endloop
  endfacet
  facet normal -0.846723 0.532034 0
    outer loop
      vertex -3.88727 3.5006 2.75
      vertex -3.83961 3.57645 3.75
      vertex -3.83961 3.57645 2.75
    endloop
  endfacet
  facet normal -0.846723 0.532034 0
    outer loop
      vertex -3.83961 3.57645 3.75
      vertex -3.88727 3.5006 2.75
      vertex -3.88727 3.5006 3.75
    endloop
  endfacet
  facet normal -0.94389 0.330261 0
    outer loop
      vertex -3.83961 3.57645 2.75
      vertex -3.81003 3.66099 3.75
      vertex -3.81003 3.66099 2.75
    endloop
  endfacet
  facet normal -0.94389 0.330261 0
    outer loop
      vertex -3.81003 3.66099 3.75
      vertex -3.83961 3.57645 2.75
      vertex -3.83961 3.57645 3.75
    endloop
  endfacet
  facet normal -0.993711 0.111975 0
    outer loop
      vertex -3.81003 3.66099 2.75
      vertex -3.8 3.75 3.75
      vertex -3.8 3.75 2.75
    endloop
  endfacet
  facet normal -0.993711 0.111975 0
    outer loop
      vertex -3.8 3.75 3.75
      vertex -3.81003 3.66099 2.75
      vertex -3.81003 3.66099 3.75
    endloop
  endfacet
  facet normal -0.993711 -0.111975 0
    outer loop
      vertex -3.8 3.75 2.75
      vertex -3.81003 3.83901 3.75
      vertex -3.81003 3.83901 2.75
    endloop
  endfacet
  facet normal -0.993711 -0.111975 0
    outer loop
      vertex -3.81003 3.83901 3.75
      vertex -3.8 3.75 2.75
      vertex -3.8 3.75 3.75
    endloop
  endfacet
  facet normal -0.94389 -0.330261 0
    outer loop
      vertex -3.81003 3.83901 2.75
      vertex -3.83961 3.92355 3.75
      vertex -3.83961 3.92355 2.75
    endloop
  endfacet
  facet normal -0.94389 -0.330261 0
    outer loop
      vertex -3.83961 3.92355 3.75
      vertex -3.81003 3.83901 2.75
      vertex -3.81003 3.83901 3.75
    endloop
  endfacet
  facet normal -0.846723 -0.532034 0
    outer loop
      vertex -3.83961 3.92355 2.75
      vertex -3.88727 3.9994 3.75
      vertex -3.88727 3.9994 2.75
    endloop
  endfacet
  facet normal -0.846723 -0.532034 0
    outer loop
      vertex -3.88727 3.9994 3.75
      vertex -3.83961 3.92355 2.75
      vertex -3.83961 3.92355 3.75
    endloop
  endfacet
  facet normal -0.707107 -0.707107 0
    outer loop
      vertex -3.88727 3.9994 2.75
      vertex -3.9506 4.06273 3.75
      vertex -3.9506 4.06273 2.75
    endloop
  endfacet
  facet normal -0.707107 -0.707107 0
    outer loop
      vertex -3.9506 4.06273 3.75
      vertex -3.88727 3.9994 2.75
      vertex -3.88727 3.9994 3.75
    endloop
  endfacet
  facet normal -0.532034 -0.846723 0
    outer loop
      vertex -4.02645 4.11039 2.75
      vertex -3.9506 4.06273 3.75
      vertex -4.02645 4.11039 3.75
    endloop
  endfacet
  facet normal -0.532034 -0.846723 -0
    outer loop
      vertex -3.9506 4.06273 3.75
      vertex -4.02645 4.11039 2.75
      vertex -3.9506 4.06273 2.75
    endloop
  endfacet
  facet normal -0.330261 -0.94389 0
    outer loop
      vertex -4.11099 4.13997 2.75
      vertex -4.02645 4.11039 3.75
      vertex -4.11099 4.13997 3.75
    endloop
  endfacet
  facet normal -0.330261 -0.94389 -0
    outer loop
      vertex -4.02645 4.11039 3.75
      vertex -4.11099 4.13997 2.75
      vertex -4.02645 4.11039 2.75
    endloop
  endfacet
  facet normal -0.111975 -0.993711 0
    outer loop
      vertex -4.2 4.15 2.75
      vertex -4.11099 4.13997 3.75
      vertex -4.2 4.15 3.75
    endloop
  endfacet
  facet normal -0.111975 -0.993711 -0
    outer loop
      vertex -4.11099 4.13997 3.75
      vertex -4.2 4.15 2.75
      vertex -4.11099 4.13997 2.75
    endloop
  endfacet
  facet normal 0.111975 -0.993711 0
    outer loop
      vertex -4.28901 4.13997 2.75
      vertex -4.2 4.15 3.75
      vertex -4.28901 4.13997 3.75
    endloop
  endfacet
  facet normal 0.111975 -0.993711 0
    outer loop
      vertex -4.2 4.15 3.75
      vertex -4.28901 4.13997 2.75
      vertex -4.2 4.15 2.75
    endloop
  endfacet
  facet normal 0.330261 -0.94389 0
    outer loop
      vertex -4.37355 4.11039 2.75
      vertex -4.28901 4.13997 3.75
      vertex -4.37355 4.11039 3.75
    endloop
  endfacet
  facet normal 0.330261 -0.94389 0
    outer loop
      vertex -4.28901 4.13997 3.75
      vertex -4.37355 4.11039 2.75
      vertex -4.28901 4.13997 2.75
    endloop
  endfacet
  facet normal 0.532034 -0.846723 0
    outer loop
      vertex -4.4494 4.06273 2.75
      vertex -4.37355 4.11039 3.75
      vertex -4.4494 4.06273 3.75
    endloop
  endfacet
  facet normal 0.532034 -0.846723 0
    outer loop
      vertex -4.37355 4.11039 3.75
      vertex -4.4494 4.06273 2.75
      vertex -4.37355 4.11039 2.75
    endloop
  endfacet
  facet normal 0.707107 -0.707107 0
    outer loop
      vertex -4.51273 3.9994 3.75
      vertex -4.4494 4.06273 2.75
      vertex -4.4494 4.06273 3.75
    endloop
  endfacet
  facet normal 0.707107 -0.707107 0
    outer loop
      vertex -4.4494 4.06273 2.75
      vertex -4.51273 3.9994 3.75
      vertex -4.51273 3.9994 2.75
    endloop
  endfacet
  facet normal 0.846723 -0.532034 0
    outer loop
      vertex -4.56039 3.92355 3.75
      vertex -4.51273 3.9994 2.75
      vertex -4.51273 3.9994 3.75
    endloop
  endfacet
  facet normal 0.846723 -0.532034 0
    outer loop
      vertex -4.51273 3.9994 2.75
      vertex -4.56039 3.92355 3.75
      vertex -4.56039 3.92355 2.75
    endloop
  endfacet
  facet normal 0.94389 -0.330261 0
    outer loop
      vertex -4.58997 3.83901 3.75
      vertex -4.56039 3.92355 2.75
      vertex -4.56039 3.92355 3.75
    endloop
  endfacet
  facet normal 0.94389 -0.330261 0
    outer loop
      vertex -4.56039 3.92355 2.75
      vertex -4.58997 3.83901 3.75
      vertex -4.58997 3.83901 2.75
    endloop
  endfacet
  facet normal 0.993711 -0.111975 0
    outer loop
      vertex -4.6 3.75 3.75
      vertex -4.58997 3.83901 2.75
      vertex -4.58997 3.83901 3.75
    endloop
  endfacet
  facet normal 0.993711 -0.111975 0
    outer loop
      vertex -4.58997 3.83901 2.75
      vertex -4.6 3.75 3.75
      vertex -4.6 3.75 2.75
    endloop
  endfacet
  facet normal 0.993711 0.111975 0
    outer loop
      vertex -4.58997 3.66099 3.75
      vertex -4.6 3.75 2.75
      vertex -4.6 3.75 3.75
    endloop
  endfacet
  facet normal 0.993711 0.111975 0
    outer loop
      vertex -4.6 3.75 2.75
      vertex -4.58997 3.66099 3.75
      vertex -4.58997 3.66099 2.75
    endloop
  endfacet
  facet normal 0.94389 0.330261 0
    outer loop
      vertex -4.56039 3.57645 3.75
      vertex -4.58997 3.66099 2.75
      vertex -4.58997 3.66099 3.75
    endloop
  endfacet
  facet normal 0.94389 0.330261 0
    outer loop
      vertex -4.58997 3.66099 2.75
      vertex -4.56039 3.57645 3.75
      vertex -4.56039 3.57645 2.75
    endloop
  endfacet
  facet normal 0.846723 0.532034 0
    outer loop
      vertex -4.51273 3.5006 3.75
      vertex -4.56039 3.57645 2.75
      vertex -4.56039 3.57645 3.75
    endloop
  endfacet
  facet normal 0.846723 0.532034 0
    outer loop
      vertex -4.56039 3.57645 2.75
      vertex -4.51273 3.5006 3.75
      vertex -4.51273 3.5006 2.75
    endloop
  endfacet
  facet normal 0.707107 0.707107 0
    outer loop
      vertex -4.4494 3.43727 3.75
      vertex -4.51273 3.5006 2.75
      vertex -4.51273 3.5006 3.75
    endloop
  endfacet
  facet normal 0.707107 0.707107 0
    outer loop
      vertex -4.51273 3.5006 2.75
      vertex -4.4494 3.43727 3.75
      vertex -4.4494 3.43727 2.75
    endloop
  endfacet
  facet normal 0.532034 0.846723 -0
    outer loop
      vertex -4.37355 3.38961 2.75
      vertex -4.4494 3.43727 3.75
      vertex -4.37355 3.38961 3.75
    endloop
  endfacet
  facet normal 0.532034 0.846723 0
    outer loop
      vertex -4.4494 3.43727 3.75
      vertex -4.37355 3.38961 2.75
      vertex -4.4494 3.43727 2.75
    endloop
  endfacet
  facet normal 0.330261 0.94389 -0
    outer loop
      vertex -4.28901 3.36003 2.75
      vertex -4.37355 3.38961 3.75
      vertex -4.28901 3.36003 3.75
    endloop
  endfacet
  facet normal 0.330261 0.94389 0
    outer loop
      vertex -4.37355 3.38961 3.75
      vertex -4.28901 3.36003 2.75
      vertex -4.37355 3.38961 2.75
    endloop
  endfacet
  facet normal 0 0 1
    outer loop
      vertex -3.81003 3.83901 2.75
      vertex -3.81003 3.66099 2.75
      vertex -3.8 3.75 2.75
    endloop
  endfacet
  facet normal 0 0 1
    outer loop
      vertex -3.83961 3.92355 2.75
      vertex -3.81003 3.66099 2.75
      vertex -3.81003 3.83901 2.75
    endloop
  endfacet
  facet normal 0 0 1
    outer loop
      vertex -3.83961 3.92355 2.75
      vertex -3.83961 3.57645 2.75
      vertex -3.81003 3.66099 2.75
    endloop
  endfacet
  facet normal 0 0 1
    outer loop
      vertex -3.88727 3.9994 2.75
      vertex -3.83961 3.57645 2.75
      vertex -3.83961 3.92355 2.75
    endloop
  endfacet
  facet normal 0 0 1
    outer loop
      vertex -3.88727 3.9994 2.75
      vertex -3.88727 3.5006 2.75
      vertex -3.83961 3.57645 2.75
    endloop
  endfacet
  facet normal 0 0 1
    outer loop
      vertex -3.9506 4.06273 2.75
      vertex -3.88727 3.5006 2.75
      vertex -3.88727 3.9994 2.75
    endloop
  endfacet
  facet normal 0 0 1
    outer loop
      vertex -3.9506 4.06273 2.75
      vertex -3.9506 3.43727 2.75
      vertex -3.88727 3.5006 2.75
    endloop
  endfacet
  facet normal 0 0 1
    outer loop
      vertex -4.02645 4.11039 2.75
      vertex -3.9506 3.43727 2.75
      vertex -3.9506 4.06273 2.75
    endloop
  endfacet
  facet normal 0 0 1
    outer loop
      vertex -4.02645 4.11039 2.75
      vertex -4.02645 3.38961 2.75
      vertex -3.9506 3.43727 2.75
    endloop
  endfacet
  facet normal 0 0 1
    outer loop
      vertex -4.11099 4.13997 2.75
      vertex -4.02645 3.38961 2.75
      vertex -4.02645 4.11039 2.75
    endloop
  endfacet
  facet normal 0 0 1
    outer loop
      vertex -4.11099 4.13997 2.75
      vertex -4.11099 3.36003 2.75
      vertex -4.02645 3.38961 2.75
    endloop
  endfacet
  facet normal 0 0 1
    outer loop
      vertex -4.2 4.15 2.75
      vertex -4.11099 3.36003 2.75
      vertex -4.11099 4.13997 2.75
    endloop
  endfacet
  facet normal 0 0 1
    outer loop
      vertex -4.2 4.15 2.75
      vertex -4.2 3.35 2.75
      vertex -4.11099 3.36003 2.75
    endloop
  endfacet
  facet normal -0 0 1
    outer loop
      vertex -4.28901 4.13997 2.75
      vertex -4.2 3.35 2.75
      vertex -4.2 4.15 2.75
    endloop
  endfacet
  facet normal 0 0 1
    outer loop
      vertex -4.28901 4.13997 2.75
      vertex -4.28901 3.36003 2.75
      vertex -4.2 3.35 2.75
    endloop
  endfacet
  facet normal -0 0 1
    outer loop
      vertex -4.37355 4.11039 2.75
      vertex -4.28901 3.36003 2.75
      vertex -4.28901 4.13997 2.75
    endloop
  endfacet
  facet normal 0 0 1
    outer loop
      vertex -4.37355 4.11039 2.75
      vertex -4.37355 3.38961 2.75
      vertex -4.28901 3.36003 2.75
    endloop
  endfacet
  facet normal -0 0 1
    outer loop
      vertex -4.4494 4.06273 2.75
      vertex -4.37355 3.38961 2.75
      vertex -4.37355 4.11039 2.75
    endloop
  endfacet
  facet normal 0 0 1
    outer loop
      vertex -4.4494 4.06273 2.75
      vertex -4.4494 3.43727 2.75
      vertex -4.37355 3.38961 2.75
    endloop
  endfacet
  facet normal -0 0 1
    outer loop
      vertex -4.51273 3.9994 2.75
      vertex -4.4494 3.43727 2.75
      vertex -4.4494 4.06273 2.75
    endloop
  endfacet
  facet normal 0 0 1
    outer loop
      vertex -4.51273 3.9994 2.75
      vertex -4.51273 3.5006 2.75
      vertex -4.4494 3.43727 2.75
    endloop
  endfacet
  facet normal -0 0 1
    outer loop
      vertex -4.56039 3.92355 2.75
      vertex -4.51273 3.5006 2.75
      vertex -4.51273 3.9994 2.75
    endloop
  endfacet
  facet normal 0 0 1
    outer loop
      vertex -4.56039 3.92355 2.75
      vertex -4.56039 3.57645 2.75
      vertex -4.51273 3.5006 2.75
    endloop
  endfacet
  facet normal -0 0 1
    outer loop
      vertex -4.58997 3.83901 2.75
      vertex -4.56039 3.57645 2.75
      vertex -4.56039 3.92355 2.75
    endloop
  endfacet
  facet normal 0 0 1
    outer loop
      vertex -4.58997 3.83901 2.75
      vertex -4.58997 3.66099 2.75
      vertex -4.56039 3.57645 2.75
    endloop
  endfacet
  facet normal 0 -0 1
    outer loop
      vertex -4.58997 3.66099 2.75
      vertex -4.58997 3.83901 2.75
      vertex -4.6 3.75 2.75
    endloop
  endfacet
  facet normal -0.993711 0.111975 0
    outer loop
      vertex -1.66003 4.06099 2.75
      vertex -1.65 4.15 3.75
      vertex -1.65 4.15 2.75
    endloop
  endfacet
  facet normal -0.993711 0.111975 0
    outer loop
      vertex -1.65 4.15 3.75
      vertex -1.66003 4.06099 2.75
      vertex -1.66003 4.06099 3.75
    endloop
  endfacet
  facet normal -0.993711 -0.111975 0
    outer loop
      vertex -1.65 4.15 2.75
      vertex -1.66003 4.23901 3.75
      vertex -1.66003 4.23901 2.75
    endloop
  endfacet
  facet normal -0.993711 -0.111975 0
    outer loop
      vertex -1.66003 4.23901 3.75
      vertex -1.65 4.15 2.75
      vertex -1.65 4.15 3.75
    endloop
  endfacet
  facet normal -0.94389 -0.330261 0
    outer loop
      vertex -1.66003 4.23901 2.75
      vertex -1.68961 4.32355 3.75
      vertex -1.68961 4.32355 2.75
    endloop
  endfacet
  facet normal -0.94389 -0.330261 0
    outer loop
      vertex -1.68961 4.32355 3.75
      vertex -1.66003 4.23901 2.75
      vertex -1.66003 4.23901 3.75
    endloop
  endfacet
  facet normal -0.846723 -0.532034 0
    outer loop
      vertex -1.68961 4.32355 2.75
      vertex -1.73727 4.3994 3.75
      vertex -1.73727 4.3994 2.75
    endloop
  endfacet
  facet normal -0.846723 -0.532034 0
    outer loop
      vertex -1.73727 4.3994 3.75
      vertex -1.68961 4.32355 2.75
      vertex -1.68961 4.32355 3.75
    endloop
  endfacet
  facet normal -0.707107 -0.707107 0
    outer loop
      vertex -1.8006 4.46273 2.75
      vertex -1.73727 4.3994 3.75
      vertex -1.8006 4.46273 3.75
    endloop
  endfacet
  facet normal -0.707107 -0.707107 -0
    outer loop
      vertex -1.73727 4.3994 3.75
      vertex -1.8006 4.46273 2.75
      vertex -1.73727 4.3994 2.75
    endloop
  endfacet
  facet normal -0.532034 -0.846723 0
    outer loop
      vertex -1.87645 4.51039 2.75
      vertex -1.8006 4.46273 3.75
      vertex -1.87645 4.51039 3.75
    endloop
  endfacet
  facet normal -0.532034 -0.846723 -0
    outer loop
      vertex -1.8006 4.46273 3.75
      vertex -1.87645 4.51039 2.75
      vertex -1.8006 4.46273 2.75
    endloop
  endfacet
  facet normal -0.330261 -0.94389 0
    outer loop
      vertex -1.96099 4.53997 2.75
      vertex -1.87645 4.51039 3.75
      vertex -1.96099 4.53997 3.75
    endloop
  endfacet
  facet normal -0.330261 -0.94389 -0
    outer loop
      vertex -1.87645 4.51039 3.75
      vertex -1.96099 4.53997 2.75
      vertex -1.87645 4.51039 2.75
    endloop
  endfacet
  facet normal -0.111975 -0.993711 0
    outer loop
      vertex -2.05 4.55 2.75
      vertex -1.96099 4.53997 3.75
      vertex -2.05 4.55 3.75
    endloop
  endfacet
  facet normal -0.111975 -0.993711 -0
    outer loop
      vertex -1.96099 4.53997 3.75
      vertex -2.05 4.55 2.75
      vertex -1.96099 4.53997 2.75
    endloop
  endfacet
  facet normal 0.111975 -0.993711 0
    outer loop
      vertex -2.13901 4.53997 2.75
      vertex -2.05 4.55 3.75
      vertex -2.13901 4.53997 3.75
    endloop
  endfacet
  facet normal 0.111975 -0.993711 0
    outer loop
      vertex -2.05 4.55 3.75
      vertex -2.13901 4.53997 2.75
      vertex -2.05 4.55 2.75
    endloop
  endfacet
  facet normal 0.330261 -0.94389 0
    outer loop
      vertex -2.22355 4.51039 2.75
      vertex -2.13901 4.53997 3.75
      vertex -2.22355 4.51039 3.75
    endloop
  endfacet
  facet normal 0.330261 -0.94389 0
    outer loop
      vertex -2.13901 4.53997 3.75
      vertex -2.22355 4.51039 2.75
      vertex -2.13901 4.53997 2.75
    endloop
  endfacet
  facet normal 0.532034 -0.846723 0
    outer loop
      vertex -2.2994 4.46273 2.75
      vertex -2.22355 4.51039 3.75
      vertex -2.2994 4.46273 3.75
    endloop
  endfacet
  facet normal 0.532034 -0.846723 0
    outer loop
      vertex -2.22355 4.51039 3.75
      vertex -2.2994 4.46273 2.75
      vertex -2.22355 4.51039 2.75
    endloop
  endfacet
  facet normal 0.707107 -0.707107 0
    outer loop
      vertex -2.36273 4.3994 3.75
      vertex -2.2994 4.46273 2.75
      vertex -2.2994 4.46273 3.75
    endloop
  endfacet
  facet normal 0.707107 -0.707107 0
    outer loop
      vertex -2.2994 4.46273 2.75
      vertex -2.36273 4.3994 3.75
      vertex -2.36273 4.3994 2.75
    endloop
  endfacet
  facet normal 0.846723 -0.532034 0
    outer loop
      vertex -2.41039 4.32355 3.75
      vertex -2.36273 4.3994 2.75
      vertex -2.36273 4.3994 3.75
    endloop
  endfacet
  facet normal 0.846723 -0.532034 0
    outer loop
      vertex -2.36273 4.3994 2.75
      vertex -2.41039 4.32355 3.75
      vertex -2.41039 4.32355 2.75
    endloop
  endfacet
  facet normal 0.94389 -0.330261 0
    outer loop
      vertex -2.43997 4.23901 3.75
      vertex -2.41039 4.32355 2.75
      vertex -2.41039 4.32355 3.75
    endloop
  endfacet
  facet normal 0.94389 -0.330261 0
    outer loop
      vertex -2.41039 4.32355 2.75
      vertex -2.43997 4.23901 3.75
      vertex -2.43997 4.23901 2.75
    endloop
  endfacet
  facet normal 0.993711 -0.111975 0
    outer loop
      vertex -2.45 4.15 3.75
      vertex -2.43997 4.23901 2.75
      vertex -2.43997 4.23901 3.75
    endloop
  endfacet
  facet normal 0.993711 -0.111975 0
    outer loop
      vertex -2.43997 4.23901 2.75
      vertex -2.45 4.15 3.75
      vertex -2.45 4.15 2.75
    endloop
  endfacet
  facet normal 0.993711 0.111975 0
    outer loop
      vertex -2.43997 4.06099 3.75
      vertex -2.45 4.15 2.75
      vertex -2.45 4.15 3.75
    endloop
  endfacet
  facet normal 0.993711 0.111975 0
    outer loop
      vertex -2.45 4.15 2.75
      vertex -2.43997 4.06099 3.75
      vertex -2.43997 4.06099 2.75
    endloop
  endfacet
  facet normal 0.94389 0.330261 0
    outer loop
      vertex -2.41039 3.97645 3.75
      vertex -2.43997 4.06099 2.75
      vertex -2.43997 4.06099 3.75
    endloop
  endfacet
  facet normal 0.94389 0.330261 0
    outer loop
      vertex -2.43997 4.06099 2.75
      vertex -2.41039 3.97645 3.75
      vertex -2.41039 3.97645 2.75
    endloop
  endfacet
  facet normal 0.846723 0.532034 0
    outer loop
      vertex -2.36273 3.9006 3.75
      vertex -2.41039 3.97645 2.75
      vertex -2.41039 3.97645 3.75
    endloop
  endfacet
  facet normal 0.846723 0.532034 0
    outer loop
      vertex -2.41039 3.97645 2.75
      vertex -2.36273 3.9006 3.75
      vertex -2.36273 3.9006 2.75
    endloop
  endfacet
  facet normal 0.707107 0.707107 0
    outer loop
      vertex -2.2994 3.83727 3.75
      vertex -2.36273 3.9006 2.75
      vertex -2.36273 3.9006 3.75
    endloop
  endfacet
  facet normal 0.707107 0.707107 0
    outer loop
      vertex -2.36273 3.9006 2.75
      vertex -2.2994 3.83727 3.75
      vertex -2.2994 3.83727 2.75
    endloop
  endfacet
  facet normal 0.532034 0.846723 -0
    outer loop
      vertex -2.22355 3.78961 2.75
      vertex -2.2994 3.83727 3.75
      vertex -2.22355 3.78961 3.75
    endloop
  endfacet
  facet normal 0.532034 0.846723 0
    outer loop
      vertex -2.2994 3.83727 3.75
      vertex -2.22355 3.78961 2.75
      vertex -2.2994 3.83727 2.75
    endloop
  endfacet
  facet normal 0.330261 0.94389 -0
    outer loop
      vertex -2.13901 3.76003 2.75
      vertex -2.22355 3.78961 3.75
      vertex -2.13901 3.76003 3.75
    endloop
  endfacet
  facet normal 0.330261 0.94389 0
    outer loop
      vertex -2.22355 3.78961 3.75
      vertex -2.13901 3.76003 2.75
      vertex -2.22355 3.78961 2.75
    endloop
  endfacet
  facet normal 0.111975 0.993711 -0
    outer loop
      vertex -2.05 3.75 2.75
      vertex -2.13901 3.76003 3.75
      vertex -2.05 3.75 3.75
    endloop
  endfacet
  facet normal 0.111975 0.993711 0
    outer loop
      vertex -2.13901 3.76003 3.75
      vertex -2.05 3.75 2.75
      vertex -2.13901 3.76003 2.75
    endloop
  endfacet
  facet normal -0.111975 0.993711 0
    outer loop
      vertex -1.96099 3.76003 2.75
      vertex -2.05 3.75 3.75
      vertex -1.96099 3.76003 3.75
    endloop
  endfacet
  facet normal -0.111975 0.993711 0
    outer loop
      vertex -2.05 3.75 3.75
      vertex -1.96099 3.76003 2.75
      vertex -2.05 3.75 2.75
    endloop
  endfacet
  facet normal -0.330261 0.94389 0
    outer loop
      vertex -1.87645 3.78961 2.75
      vertex -1.96099 3.76003 3.75
      vertex -1.87645 3.78961 3.75
    endloop
  endfacet
  facet normal -0.330261 0.94389 0
    outer loop
      vertex -1.96099 3.76003 3.75
      vertex -1.87645 3.78961 2.75
      vertex -1.96099 3.76003 2.75
    endloop
  endfacet
  facet normal -0.532034 0.846723 0
    outer loop
      vertex -1.8006 3.83727 2.75
      vertex -1.87645 3.78961 3.75
      vertex -1.8006 3.83727 3.75
    endloop
  endfacet
  facet normal -0.532034 0.846723 0
    outer loop
      vertex -1.87645 3.78961 3.75
      vertex -1.8006 3.83727 2.75
      vertex -1.87645 3.78961 2.75
    endloop
  endfacet
  facet normal -0.707107 0.707107 0
    outer loop
      vertex -1.73727 3.9006 2.75
      vertex -1.8006 3.83727 3.75
      vertex -1.73727 3.9006 3.75
    endloop
  endfacet
  facet normal -0.707107 0.707107 0
    outer loop
      vertex -1.8006 3.83727 3.75
      vertex -1.73727 3.9006 2.75
      vertex -1.8006 3.83727 2.75
    endloop
  endfacet
  facet normal -0.846723 0.532034 0
    outer loop
      vertex -1.73727 3.9006 2.75
      vertex -1.68961 3.97645 3.75
      vertex -1.68961 3.97645 2.75
    endloop
  endfacet
  facet normal -0.846723 0.532034 0
    outer loop
      vertex -1.68961 3.97645 3.75
      vertex -1.73727 3.9006 2.75
      vertex -1.73727 3.9006 3.75
    endloop
  endfacet
  facet normal -0.94389 0.330261 0
    outer loop
      vertex -1.68961 3.97645 2.75
      vertex -1.66003 4.06099 3.75
      vertex -1.66003 4.06099 2.75
    endloop
  endfacet
  facet normal -0.94389 0.330261 0
    outer loop
      vertex -1.66003 4.06099 3.75
      vertex -1.68961 3.97645 2.75
      vertex -1.68961 3.97645 3.75
    endloop
  endfacet
  facet normal 0 0 1
    outer loop
      vertex -1.66003 4.23901 2.75
      vertex -1.66003 4.06099 2.75
      vertex -1.65 4.15 2.75
    endloop
  endfacet
  facet normal 0 0 1
    outer loop
      vertex -1.68961 4.32355 2.75
      vertex -1.66003 4.06099 2.75
      vertex -1.66003 4.23901 2.75
    endloop
  endfacet
  facet normal 0 0 1
    outer loop
      vertex -1.68961 4.32355 2.75
      vertex -1.68961 3.97645 2.75
      vertex -1.66003 4.06099 2.75
    endloop
  endfacet
  facet normal 0 0 1
    outer loop
      vertex -1.73727 4.3994 2.75
      vertex -1.68961 3.97645 2.75
      vertex -1.68961 4.32355 2.75
    endloop
  endfacet
  facet normal 0 0 1
    outer loop
      vertex -1.73727 4.3994 2.75
      vertex -1.73727 3.9006 2.75
      vertex -1.68961 3.97645 2.75
    endloop
  endfacet
  facet normal 0 0 1
    outer loop
      vertex -1.8006 4.46273 2.75
      vertex -1.73727 3.9006 2.75
      vertex -1.73727 4.3994 2.75
    endloop
  endfacet
  facet normal 0 0 1
    outer loop
      vertex -1.8006 4.46273 2.75
      vertex -1.8006 3.83727 2.75
      vertex -1.73727 3.9006 2.75
    endloop
  endfacet
  facet normal 0 0 1
    outer loop
      vertex -1.87645 4.51039 2.75
      vertex -1.8006 3.83727 2.75
      vertex -1.8006 4.46273 2.75
    endloop
  endfacet
  facet normal 0 0 1
    outer loop
      vertex -1.87645 4.51039 2.75
      vertex -1.87645 3.78961 2.75
      vertex -1.8006 3.83727 2.75
    endloop
  endfacet
  facet normal 0 0 1
    outer loop
      vertex -1.96099 4.53997 2.75
      vertex -1.87645 3.78961 2.75
      vertex -1.87645 4.51039 2.75
    endloop
  endfacet
  facet normal 0 0 1
    outer loop
      vertex -1.96099 4.53997 2.75
      vertex -1.96099 3.76003 2.75
      vertex -1.87645 3.78961 2.75
    endloop
  endfacet
  facet normal 0 0 1
    outer loop
      vertex -2.05 4.55 2.75
      vertex -1.96099 3.76003 2.75
      vertex -1.96099 4.53997 2.75
    endloop
  endfacet
  facet normal 0 0 1
    outer loop
      vertex -2.05 4.55 2.75
      vertex -2.05 3.75 2.75
      vertex -1.96099 3.76003 2.75
    endloop
  endfacet
  facet normal -0 0 1
    outer loop
      vertex -2.13901 4.53997 2.75
      vertex -2.05 3.75 2.75
      vertex -2.05 4.55 2.75
    endloop
  endfacet
  facet normal 0 0 1
    outer loop
      vertex -2.13901 4.53997 2.75
      vertex -2.13901 3.76003 2.75
      vertex -2.05 3.75 2.75
    endloop
  endfacet
  facet normal -0 0 1
    outer loop
      vertex -2.22355 4.51039 2.75
      vertex -2.13901 3.76003 2.75
      vertex -2.13901 4.53997 2.75
    endloop
  endfacet
  facet normal 0 0 1
    outer loop
      vertex -2.22355 4.51039 2.75
      vertex -2.22355 3.78961 2.75
      vertex -2.13901 3.76003 2.75
    endloop
  endfacet
  facet normal -0 0 1
    outer loop
      vertex -2.2994 4.46273 2.75
      vertex -2.22355 3.78961 2.75
      vertex -2.22355 4.51039 2.75
    endloop
  endfacet
  facet normal 0 0 1
    outer loop
      vertex -2.2994 4.46273 2.75
      vertex -2.2994 3.83727 2.75
      vertex -2.22355 3.78961 2.75
    endloop
  endfacet
  facet normal -0 0 1
    outer loop
      vertex -2.36273 4.3994 2.75
      vertex -2.2994 3.83727 2.75
      vertex -2.2994 4.46273 2.75
    endloop
  endfacet
  facet normal 0 0 1
    outer loop
      vertex -2.36273 4.3994 2.75
      vertex -2.36273 3.9006 2.75
      vertex -2.2994 3.83727 2.75
    endloop
  endfacet
  facet normal -0 0 1
    outer loop
      vertex -2.41039 4.32355 2.75
      vertex -2.36273 3.9006 2.75
      vertex -2.36273 4.3994 2.75
    endloop
  endfacet
  facet normal 0 0 1
    outer loop
      vertex -2.41039 4.32355 2.75
      vertex -2.41039 3.97645 2.75
      vertex -2.36273 3.9006 2.75
    endloop
  endfacet
  facet normal -0 0 1
    outer loop
      vertex -2.43997 4.23901 2.75
      vertex -2.41039 3.97645 2.75
      vertex -2.41039 4.32355 2.75
    endloop
  endfacet
  facet normal 0 0 1
    outer loop
      vertex -2.43997 4.23901 2.75
      vertex -2.43997 4.06099 2.75
      vertex -2.41039 3.97645 2.75
    endloop
  endfacet
  facet normal 0 -0 1
    outer loop
      vertex -2.43997 4.06099 2.75
      vertex -2.43997 4.23901 2.75
      vertex -2.45 4.15 2.75
    endloop
  endfacet
  facet normal -0.993713 0.111954 0
    outer loop
      vertex 1.74 4.15 2.89335
      vertex 1.74 4.15 2.75
      vertex 1.73112 4.07118 2.75
    endloop
  endfacet
  facet normal -0.993711 -0.111975 -0
    outer loop
      vertex 1.74 4.15 2.89335
      vertex 1.72997 4.23901 2.75
      vertex 1.74 4.15 2.75
    endloop
  endfacet
  facet normal -0.993711 -0.111975 0
    outer loop
      vertex 1.72997 4.23901 2.75
      vertex 1.74 4.15 2.89335
      vertex 1.72997 4.23901 3.04768
    endloop
  endfacet
  facet normal -0.94389 -0.330261 -0
    outer loop
      vertex 1.72997 4.23901 3.04768
      vertex 1.70039 4.32355 2.75
      vertex 1.72997 4.23901 2.75
    endloop
  endfacet
  facet normal -0.94389 -0.330261 0
    outer loop
      vertex 1.70039 4.32355 2.75
      vertex 1.72997 4.23901 3.04768
      vertex 1.70039 4.32355 3.18674
    endloop
  endfacet
  facet normal -0.846731 -0.532021 0
    outer loop
      vertex 1.65273 4.3994 2.75
      vertex 1.66289 4.38323 3.27864
      vertex 1.65273 4.3994 3.30509
    endloop
  endfacet
  facet normal -0.846723 -0.532034 -0
    outer loop
      vertex 1.70039 4.32355 3.18674
      vertex 1.65273 4.3994 2.75
      vertex 1.70039 4.32355 2.75
    endloop
  endfacet
  facet normal -0.846721 -0.532037 -6.71528e-07
    outer loop
      vertex 1.65273 4.3994 2.75
      vertex 1.70039 4.32355 3.18674
      vertex 1.66289 4.38323 3.27864
    endloop
  endfacet
  facet normal -0.707107 -0.707107 0
    outer loop
      vertex 1.5894 4.46273 2.75
      vertex 1.60659 4.44554 3.37852
      vertex 1.5894 4.46273 3.40854
    endloop
  endfacet
  facet normal -0.707107 -0.707107 7.17867e-16
    outer loop
      vertex 1.5894 4.46273 2.75
      vertex 1.61032 4.44181 3.37201
      vertex 1.60659 4.44554 3.37852
    endloop
  endfacet
  facet normal -0.707107 -0.707107 3.36583e-15
    outer loop
      vertex 1.5894 4.46273 2.75
      vertex 1.61411 4.43802 3.36602
      vertex 1.61032 4.44181 3.37201
    endloop
  endfacet
  facet normal -0.707107 -0.707107 -0
    outer loop
      vertex 1.65273 4.3994 3.30509
      vertex 1.5894 4.46273 2.75
      vertex 1.65273 4.3994 2.75
    endloop
  endfacet
  facet normal -0.707107 -0.707107 9.09201e-17
    outer loop
      vertex 1.5894 4.46273 2.75
      vertex 1.65273 4.3994 3.30509
      vertex 1.61411 4.43802 3.36602
    endloop
  endfacet
  facet normal -0.534358 -0.845258 0
    outer loop
      vertex 1.51355 4.51039 2.75
      vertex 1.51442 4.50984 3.50044
      vertex 1.51355 4.51039 3.50157
    endloop
  endfacet
  facet normal -0.53201 -0.846738 -3.80744e-06
    outer loop
      vertex 1.51355 4.51039 2.75
      vertex 1.56064 4.4808 3.44063
      vertex 1.51442 4.50984 3.50044
    endloop
  endfacet
  facet normal -0.532012 -0.846737 -3.64863e-06
    outer loop
      vertex 1.51355 4.51039 2.75
      vertex 1.5894 4.46273 3.40854
      vertex 1.56064 4.4808 3.44063
    endloop
  endfacet
  facet normal -0.532034 -0.846723 -0
    outer loop
      vertex 1.5894 4.46273 3.40854
      vertex 1.51355 4.51039 2.75
      vertex 1.5894 4.46273 2.75
    endloop
  endfacet
  facet normal -0.330295 -0.943878 0
    outer loop
      vertex 1.42901 4.53997 2.75
      vertex 1.46676 4.52676 3.54909
      vertex 1.42901 4.53997 3.5948
    endloop
  endfacet
  facet normal -0.330304 -0.943875 4.82407e-07
    outer loop
      vertex 1.42901 4.53997 2.75
      vertex 1.51231 4.51082 3.5026
      vertex 1.46676 4.52676 3.54909
    endloop
  endfacet
  facet normal -0.327859 -0.944727 -0.000303159
    outer loop
      vertex 1.42901 4.53997 2.75
      vertex 1.51355 4.51039 3.50157
      vertex 1.51231 4.51082 3.5026
    endloop
  endfacet
  facet normal -0.330261 -0.94389 -0
    outer loop
      vertex 1.51355 4.51039 3.50157
      vertex 1.42901 4.53997 2.75
      vertex 1.51355 4.51039 2.75
    endloop
  endfacet
  facet normal -0.112083 -0.993699 6.21507e-06
    outer loop
      vertex 1.34 4.55 2.75
      vertex 1.42108 4.54086 3.60164
      vertex 1.3803 4.54546 3.6442
    endloop
  endfacet
  facet normal -0.111947 -0.993714 0
    outer loop
      vertex 1.34 4.55 2.75
      vertex 1.3803 4.54546 3.6442
      vertex 1.34 4.55 3.69514
    endloop
  endfacet
  facet normal -0.112447 -0.993658 4.12719e-05
    outer loop
      vertex 1.42108 4.54086 3.60164
      vertex 1.34 4.55 2.75
      vertex 1.42214 4.54074 3.60054
    endloop
  endfacet
  facet normal -0.111432 -0.993772 -5.79768e-05
    outer loop
      vertex 1.34 4.55 2.75
      vertex 1.42901 4.53997 3.5948
      vertex 1.42214 4.54074 3.60054
    endloop
  endfacet
  facet normal -0.111975 -0.993711 -0
    outer loop
      vertex 1.42901 4.53997 3.5948
      vertex 1.34 4.55 2.75
      vertex 1.42901 4.53997 2.75
    endloop
  endfacet
  facet normal 0.112001 -0.993702 0.00343595
    outer loop
      vertex 1.25099 4.53997 3.75
      vertex 1.3101 4.54663 3.74933
      vertex 1.32463 4.54827 3.75
    endloop
  endfacet
  facet normal 0.111902 -0.993705 -0.00525583
    outer loop
      vertex 1.25099 4.53997 3.75
      vertex 1.29684 4.54514 3.74872
      vertex 1.3101 4.54663 3.74933
    endloop
  endfacet
  facet normal 0.114456 -0.9869 0.1137
    outer loop
      vertex 1.25099 4.53997 3.75
      vertex 1.29618 4.54506 3.74869
      vertex 1.29684 4.54514 3.74872
    endloop
  endfacet
  facet normal 0.111927 -0.993716 -4.21495e-05
    outer loop
      vertex 1.25099 4.53997 3.75
      vertex 1.30319 4.54585 3.73847
      vertex 1.29618 4.54506 3.74869
    endloop
  endfacet
  facet normal 0.111893 -0.99372 -0.000196776
    outer loop
      vertex 1.25099 4.53997 3.75
      vertex 1.33997 4.55 3.69517
      vertex 1.30319 4.54585 3.73847
    endloop
  endfacet
  facet normal 0.271237 -0.923505 0.271237
    outer loop
      vertex 1.25099 4.53997 3.75
      vertex 1.34 4.55 3.69514
      vertex 1.33997 4.55 3.69517
    endloop
  endfacet
  facet normal 0.111975 -0.993711 0
    outer loop
      vertex 1.25099 4.53997 2.75
      vertex 1.34 4.55 3.69514
      vertex 1.25099 4.53997 3.75
    endloop
  endfacet
  facet normal 0.111975 -0.993711 0
    outer loop
      vertex 1.34 4.55 3.69514
      vertex 1.25099 4.53997 2.75
      vertex 1.34 4.55 2.75
    endloop
  endfacet
  facet normal 0.330261 -0.94389 0
    outer loop
      vertex 1.16645 4.51039 2.75
      vertex 1.25099 4.53997 3.75
      vertex 1.16645 4.51039 3.75
    endloop
  endfacet
  facet normal 0.330261 -0.94389 0
    outer loop
      vertex 1.25099 4.53997 3.75
      vertex 1.16645 4.51039 2.75
      vertex 1.25099 4.53997 2.75
    endloop
  endfacet
  facet normal 0.532034 -0.846723 0
    outer loop
      vertex 1.0906 4.46273 2.75
      vertex 1.16645 4.51039 3.75
      vertex 1.0906 4.46273 3.75
    endloop
  endfacet
  facet normal 0.532034 -0.846723 0
    outer loop
      vertex 1.16645 4.51039 3.75
      vertex 1.0906 4.46273 2.75
      vertex 1.16645 4.51039 2.75
    endloop
  endfacet
  facet normal 0.707107 -0.707107 0
    outer loop
      vertex 1.02727 4.3994 3.75
      vertex 1.0906 4.46273 2.75
      vertex 1.0906 4.46273 3.75
    endloop
  endfacet
  facet normal 0.707107 -0.707107 0
    outer loop
      vertex 1.0906 4.46273 2.75
      vertex 1.02727 4.3994 3.75
      vertex 1.02727 4.3994 2.75
    endloop
  endfacet
  facet normal 0.846733 -0.532018 0
    outer loop
      vertex 0.979612 4.32355 3.75
      vertex 1.02727 4.3994 2.75
      vertex 1.02727 4.3994 3.75
    endloop
  endfacet
  facet normal 0.846733 -0.532018 0
    outer loop
      vertex 1.02727 4.3994 2.75
      vertex 0.979612 4.32355 3.75
      vertex 0.979612 4.32355 2.75
    endloop
  endfacet
  facet normal 0.943876 -0.330301 0
    outer loop
      vertex 0.950028 4.23901 3.75
      vertex 0.979612 4.32355 2.75
      vertex 0.979612 4.32355 3.75
    endloop
  endfacet
  facet normal 0.943876 -0.330301 0
    outer loop
      vertex 0.979612 4.32355 2.75
      vertex 0.950028 4.23901 3.75
      vertex 0.950028 4.23901 2.75
    endloop
  endfacet
  facet normal 0.993713 -0.111953 0
    outer loop
      vertex 0.94 4.15 3.75
      vertex 0.950028 4.23901 2.75
      vertex 0.950028 4.23901 3.75
    endloop
  endfacet
  facet normal 0.993713 -0.111953 0
    outer loop
      vertex 0.950028 4.23901 2.75
      vertex 0.94 4.15 3.75
      vertex 0.94 4.15 2.75
    endloop
  endfacet
  facet normal 0.993713 0.111953 0
    outer loop
      vertex 0.950028 4.06099 3.75
      vertex 0.94 4.15 2.75
      vertex 0.94 4.15 3.75
    endloop
  endfacet
  facet normal 0.993713 0.111953 0
    outer loop
      vertex 0.94 4.15 2.75
      vertex 0.950028 4.06099 3.75
      vertex 0.950028 4.06099 2.75
    endloop
  endfacet
  facet normal 0.943876 0.330301 0
    outer loop
      vertex 0.979612 3.97645 3.75
      vertex 0.950028 4.06099 2.75
      vertex 0.950028 4.06099 3.75
    endloop
  endfacet
  facet normal 0.943876 0.330301 0
    outer loop
      vertex 0.950028 4.06099 2.75
      vertex 0.979612 3.97645 3.75
      vertex 0.979612 3.97645 2.75
    endloop
  endfacet
  facet normal 0.846733 0.532018 0
    outer loop
      vertex 1.02727 3.9006 3.75
      vertex 0.979612 3.97645 2.75
      vertex 0.979612 3.97645 3.75
    endloop
  endfacet
  facet normal 0.846733 0.532018 0
    outer loop
      vertex 0.979612 3.97645 2.75
      vertex 1.02727 3.9006 3.75
      vertex 1.02727 3.9006 2.75
    endloop
  endfacet
  facet normal 0.707107 0.707107 0
    outer loop
      vertex 1.0906 3.83727 3.75
      vertex 1.02727 3.9006 2.75
      vertex 1.02727 3.9006 3.75
    endloop
  endfacet
  facet normal 0.707107 0.707107 0
    outer loop
      vertex 1.02727 3.9006 2.75
      vertex 1.0906 3.83727 3.75
      vertex 1.0906 3.83727 2.75
    endloop
  endfacet
  facet normal 0.532034 0.846723 -0
    outer loop
      vertex 1.16645 3.78961 2.75
      vertex 1.0906 3.83727 3.75
      vertex 1.16645 3.78961 3.75
    endloop
  endfacet
  facet normal 0.532034 0.846723 0
    outer loop
      vertex 1.0906 3.83727 3.75
      vertex 1.16645 3.78961 2.75
      vertex 1.0906 3.83727 2.75
    endloop
  endfacet
  facet normal 0.330261 0.94389 -0
    outer loop
      vertex 1.25099 3.76003 2.75
      vertex 1.16645 3.78961 3.75
      vertex 1.25099 3.76003 3.75
    endloop
  endfacet
  facet normal 0.330261 0.94389 0
    outer loop
      vertex 1.16645 3.78961 3.75
      vertex 1.25099 3.76003 2.75
      vertex 1.16645 3.78961 2.75
    endloop
  endfacet
  facet normal 0.111975 0.993711 -0
    outer loop
      vertex 1.34 3.75 3.55234
      vertex 1.25099 3.76003 3.75
      vertex 1.34 3.75 3.75
    endloop
  endfacet
  facet normal 0.111988 0.99371 5.99991e-06
    outer loop
      vertex 1.31986 3.75227 3.50682
      vertex 1.25099 3.76003 3.75
      vertex 1.34 3.75 3.55234
    endloop
  endfacet
  facet normal 0.111527 0.993761 -0.000126315
    outer loop
      vertex 1.31718 3.75257 3.50077
      vertex 1.25099 3.76003 3.75
      vertex 1.31986 3.75227 3.50682
    endloop
  endfacet
  facet normal 0.112451 0.993657 0.000122171
    outer loop
      vertex 1.31489 3.75283 3.49391
      vertex 1.25099 3.76003 3.75
      vertex 1.31718 3.75257 3.50077
    endloop
  endfacet
  facet normal 0.111942 0.993715 -6.55395e-06
    outer loop
      vertex 1.2966 3.75489 3.43908
      vertex 1.25099 3.76003 3.75
      vertex 1.31489 3.75283 3.49391
    endloop
  endfacet
  facet normal 0.111801 0.993731 -2.74048e-05
    outer loop
      vertex 1.28014 3.75674 3.37169
      vertex 1.25099 3.76003 3.75
      vertex 1.2966 3.75489 3.43908
    endloop
  endfacet
  facet normal 0.112116 0.993695 -2.82239e-06
    outer loop
      vertex 1.26968 3.75792 3.30936
      vertex 1.25099 3.76003 3.75
      vertex 1.28014 3.75674 3.37169
    endloop
  endfacet
  facet normal 0.111815 0.993729 -1.5781e-05
    outer loop
      vertex 1.26799 3.75811 3.29934
      vertex 1.25099 3.76003 3.75
      vertex 1.26968 3.75792 3.30936
    endloop
  endfacet
  facet normal 0.116738 0.993163 0.000172358
    outer loop
      vertex 1.2669 3.75824 3.28851
      vertex 1.25099 3.76003 3.75
      vertex 1.26799 3.75811 3.29934
    endloop
  endfacet
  facet normal 0.111396 0.993776 -1.41954e-05
    outer loop
      vertex 1.26029 3.75898 3.22283
      vertex 1.25099 3.76003 3.75
      vertex 1.2669 3.75824 3.28851
    endloop
  endfacet
  facet normal 0.118683 0.992932 0.000116035
    outer loop
      vertex 1.2598 3.75904 3.21058
      vertex 1.25099 3.76003 3.75
      vertex 1.26029 3.75898 3.22283
    endloop
  endfacet
  facet normal 0.110791 0.993844 -1.453e-05
    outer loop
      vertex 1.2571 3.75934 3.14298
      vertex 1.25099 3.76003 3.75
      vertex 1.2598 3.75904 3.21058
    endloop
  endfacet
  facet normal 0.88091 0.473082 0.0138034
    outer loop
      vertex 1.25847 3.75919 3.06069
      vertex 1.2571 3.75934 3.14298
      vertex 1.25733 3.75931 3.12933
    endloop
  endfacet
  facet normal 0.112216 0.993684 0
    outer loop
      vertex 1.2571 3.75934 3.14298
      vertex 1.25099 3.76003 2.75
      vertex 1.25099 3.76003 3.75
    endloop
  endfacet
  facet normal 0.11047 0.993879 2.74918e-05
    outer loop
      vertex 1.25847 3.75919 3.06069
      vertex 1.25099 3.76003 2.75
      vertex 1.2571 3.75934 3.14298
    endloop
  endfacet
  facet normal 0.113094 0.993584 -3.64863e-05
    outer loop
      vertex 1.26328 3.75864 2.99253
      vertex 1.25099 3.76003 2.75
      vertex 1.25847 3.75919 3.06069
    endloop
  endfacet
  facet normal 0.109529 0.993984 0.000146504
    outer loop
      vertex 1.26439 3.75852 2.97684
      vertex 1.25099 3.76003 2.75
      vertex 1.26328 3.75864 2.99253
    endloop
  endfacet
  facet normal 0.113512 0.993537 -9.17617e-05
    outer loop
      vertex 1.26639 3.75829 2.9606
      vertex 1.25099 3.76003 2.75
      vertex 1.26439 3.75852 2.97684
    endloop
  endfacet
  facet normal 0.111606 0.993752 4.93337e-05
    outer loop
      vertex 1.27479 3.75735 2.89235
      vertex 1.25099 3.76003 2.75
      vertex 1.26639 3.75829 2.9606
    endloop
  endfacet
  facet normal 0.1117 0.993742 3.34665e-05
    outer loop
      vertex 1.27782 3.75701 2.87504
      vertex 1.25099 3.76003 2.75
      vertex 1.27479 3.75735 2.89235
    endloop
  endfacet
  facet normal 0.112218 0.993684 -7.90106e-05
    outer loop
      vertex 1.28955 3.75568 2.80816
      vertex 1.25099 3.76003 2.75
      vertex 1.27782 3.75701 2.87504
    endloop
  endfacet
  facet normal 0.111925 0.993717 0.000117674
    outer loop
      vertex 1.25099 3.76003 2.75
      vertex 1.28955 3.75568 2.80816
      vertex 1.30284 3.75419 2.75
    endloop
  endfacet
  facet normal -0.111975 0.993711 0
    outer loop
      vertex 1.42901 3.76003 3.71048
      vertex 1.34 3.75 3.75
      vertex 1.42901 3.76003 3.75
    endloop
  endfacet
  facet normal -0.111949 0.993714 5.957e-05
    outer loop
      vertex 1.39863 3.75661 3.66827
      vertex 1.34 3.75 3.75
      vertex 1.42901 3.76003 3.71048
    endloop
  endfacet
  facet normal -0.112109 0.993696 -5.64038e-05
    outer loop
      vertex 1.36852 3.75321 3.61562
      vertex 1.34 3.75 3.75
      vertex 1.39863 3.75661 3.66827
    endloop
  endfacet
  facet normal -0.11182 0.993728 5.56972e-06
    outer loop
      vertex 1.34159 3.75018 3.55671
      vertex 1.34 3.75 3.75
      vertex 1.36852 3.75321 3.61562
    endloop
  endfacet
  facet normal -0.112489 0.993653 0
    outer loop
      vertex 1.34 3.75 3.75
      vertex 1.34159 3.75018 3.55671
      vertex 1.34 3.75 3.55234
    endloop
  endfacet
  facet normal -0.330168 0.943922 -2.71347e-05
    outer loop
      vertex 1.43413 3.76182 3.7191
      vertex 1.42901 3.76003 3.75
      vertex 1.45434 3.76889 3.75
    endloop
  endfacet
  facet normal -0.329267 0.944237 0.000140421
    outer loop
      vertex 1.43149 3.7609 3.71507
      vertex 1.42901 3.76003 3.75
      vertex 1.43413 3.76182 3.7191
    endloop
  endfacet
  facet normal -0.331028 0.943621 0
    outer loop
      vertex 1.42901 3.76003 3.75
      vertex 1.43149 3.7609 3.71507
      vertex 1.42901 3.76003 3.71048
    endloop
  endfacet
  facet normal 0 0 1
    outer loop
      vertex 1.63798 4.07563 2.75
      vertex 1.74 4.15 2.75
      vertex 1.72997 4.23901 2.75
    endloop
  endfacet
  facet normal 0 0 1
    outer loop
      vertex 1.74 4.15 2.75
      vertex 1.72209 4.07309 2.75
      vertex 1.73112 4.07118 2.75
    endloop
  endfacet
  facet normal 0 0 1
    outer loop
      vertex 1.59659 4.06929 2.75
      vertex 1.72997 4.23901 2.75
      vertex 1.70039 4.32355 2.75
    endloop
  endfacet
  facet normal 0 0 1
    outer loop
      vertex 1.74 4.15 2.75
      vertex 1.68853 4.07612 2.75
      vertex 1.72209 4.07309 2.75
    endloop
  endfacet
  facet normal 0 0 1
    outer loop
      vertex 1.74 4.15 2.75
      vertex 1.67997 4.0769 2.75
      vertex 1.68853 4.07612 2.75
    endloop
  endfacet
  facet normal 0 0 1
    outer loop
      vertex 1.74 4.15 2.75
      vertex 1.67145 4.07664 2.75
      vertex 1.67997 4.0769 2.75
    endloop
  endfacet
  facet normal 0 0 1
    outer loop
      vertex 1.55624 4.05796 2.75
      vertex 1.70039 4.32355 2.75
      vertex 1.65273 4.3994 2.75
    endloop
  endfacet
  facet normal 0 0 1
    outer loop
      vertex 1.74 4.15 2.75
      vertex 1.63798 4.07563 2.75
      vertex 1.67145 4.07664 2.75
    endloop
  endfacet
  facet normal 0 0 1
    outer loop
      vertex 1.72997 4.23901 2.75
      vertex 1.60496 4.07057 2.75
      vertex 1.63798 4.07563 2.75
    endloop
  endfacet
  facet normal 0 0 1
    outer loop
      vertex 1.72997 4.23901 2.75
      vertex 1.59659 4.06929 2.75
      vertex 1.60496 4.07057 2.75
    endloop
  endfacet
  facet normal 0 0 1
    outer loop
      vertex 1.55624 4.05796 2.75
      vertex 1.65273 4.3994 2.75
      vertex 1.5894 4.46273 2.75
    endloop
  endfacet
  facet normal 0 0 1
    outer loop
      vertex 1.70039 4.32355 2.75
      vertex 1.55624 4.05796 2.75
      vertex 1.59659 4.06929 2.75
    endloop
  endfacet
  facet normal 0 0 1
    outer loop
      vertex 1.5894 4.46273 2.75
      vertex 1.51738 4.04176 2.75
      vertex 1.55624 4.05796 2.75
    endloop
  endfacet
  facet normal 0 0 1
    outer loop
      vertex 1.51355 4.51039 2.75
      vertex 1.51738 4.04176 2.75
      vertex 1.5894 4.46273 2.75
    endloop
  endfacet
  facet normal 0 0 1
    outer loop
      vertex 1.42901 4.53997 2.75
      vertex 1.51738 4.04176 2.75
      vertex 1.51355 4.51039 2.75
    endloop
  endfacet
  facet normal 0 0 1
    outer loop
      vertex 1.51738 4.04176 2.75
      vertex 1.42901 4.53997 2.75
      vertex 1.50986 4.0375 2.75
    endloop
  endfacet
  facet normal 0 0 1
    outer loop
      vertex 1.50986 4.0375 2.75
      vertex 1.42901 4.53997 2.75
      vertex 1.48044 4.02086 2.75
    endloop
  endfacet
  facet normal 0 0 1
    outer loop
      vertex 1.34 4.55 2.75
      vertex 1.48044 4.02086 2.75
      vertex 1.42901 4.53997 2.75
    endloop
  endfacet
  facet normal -0 0 1
    outer loop
      vertex 1.25099 4.53997 2.75
      vertex 1.48044 4.02086 2.75
      vertex 1.34 4.55 2.75
    endloop
  endfacet
  facet normal -0 0 1
    outer loop
      vertex 1.16645 4.51039 2.75
      vertex 1.48044 4.02086 2.75
      vertex 1.25099 4.53997 2.75
    endloop
  endfacet
  facet normal 0 0 1
    outer loop
      vertex 1.48044 4.02086 2.75
      vertex 1.16645 4.51039 2.75
      vertex 1.44581 3.99549 2.75
    endloop
  endfacet
  facet normal -0 0 1
    outer loop
      vertex 1.0906 4.46273 2.75
      vertex 1.44581 3.99549 2.75
      vertex 1.16645 4.51039 2.75
    endloop
  endfacet
  facet normal -0 0 1
    outer loop
      vertex 1.02727 4.3994 2.75
      vertex 1.44581 3.99549 2.75
      vertex 1.0906 4.46273 2.75
    endloop
  endfacet
  facet normal -0 0 1
    outer loop
      vertex 0.979612 4.32355 2.75
      vertex 1.44581 3.99549 2.75
      vertex 1.02727 4.3994 2.75
    endloop
  endfacet
  facet normal 0 0 1
    outer loop
      vertex 1.44581 3.99549 2.75
      vertex 0.979612 4.32355 2.75
      vertex 1.41389 3.96594 2.75
    endloop
  endfacet
  facet normal -0 0 1
    outer loop
      vertex 0.950028 4.23901 2.75
      vertex 1.41389 3.96594 2.75
      vertex 0.979612 4.32355 2.75
    endloop
  endfacet
  facet normal -0 0 1
    outer loop
      vertex 0.94 4.15 2.75
      vertex 1.41389 3.96594 2.75
      vertex 0.950028 4.23901 2.75
    endloop
  endfacet
  facet normal -0 -0 1
    outer loop
      vertex 0.950028 4.06099 2.75
      vertex 1.41389 3.96594 2.75
      vertex 0.94 4.15 2.75
    endloop
  endfacet
  facet normal 0 0 1
    outer loop
      vertex 1.41389 3.96594 2.75
      vertex 0.950028 4.06099 2.75
      vertex 1.39108 3.93956 2.75
    endloop
  endfacet
  facet normal 0 0 1
    outer loop
      vertex 1.39108 3.93956 2.75
      vertex 0.950028 4.06099 2.75
      vertex 1.38501 3.93253 2.75
    endloop
  endfacet
  facet normal -0 -0 1
    outer loop
      vertex 0.979612 3.97645 2.75
      vertex 1.38501 3.93253 2.75
      vertex 0.950028 4.06099 2.75
    endloop
  endfacet
  facet normal 0 0 1
    outer loop
      vertex 1.38501 3.93253 2.75
      vertex 0.979612 3.97645 2.75
      vertex 1.37961 3.92472 2.75
    endloop
  endfacet
  facet normal 0 -0 1
    outer loop
      vertex 1.02727 3.9006 2.75
      vertex 1.37961 3.92472 2.75
      vertex 0.979612 3.97645 2.75
    endloop
  endfacet
  facet normal 0 0 1
    outer loop
      vertex 1.30355 3.75762 2.75
      vertex 1.25099 3.76003 2.75
      vertex 1.30284 3.75419 2.75
    endloop
  endfacet
  facet normal 0 0 1
    outer loop
      vertex 1.30884 3.77813 2.75
      vertex 1.25099 3.76003 2.75
      vertex 1.30573 3.76811 2.75
    endloop
  endfacet
  facet normal 0 0 1
    outer loop
      vertex 1.30573 3.76811 2.75
      vertex 1.25099 3.76003 2.75
      vertex 1.30355 3.75762 2.75
    endloop
  endfacet
  facet normal 0 0 1
    outer loop
      vertex 1.37961 3.92472 2.75
      vertex 1.02727 3.9006 2.75
      vertex 1.35949 3.89562 2.75
    endloop
  endfacet
  facet normal 0 0 1
    outer loop
      vertex 1.31964 3.81295 2.75
      vertex 1.25099 3.76003 2.75
      vertex 1.30884 3.77813 2.75
    endloop
  endfacet
  facet normal 0 0 1
    outer loop
      vertex 1.33762 3.85561 2.75
      vertex 1.16645 3.78961 2.75
      vertex 1.31964 3.81295 2.75
    endloop
  endfacet
  facet normal 0 -0 1
    outer loop
      vertex 1.25099 3.76003 2.75
      vertex 1.31964 3.81295 2.75
      vertex 1.16645 3.78961 2.75
    endloop
  endfacet
  facet normal 0 -0 1
    outer loop
      vertex 1.0906 3.83727 2.75
      vertex 1.35949 3.89562 2.75
      vertex 1.02727 3.9006 2.75
    endloop
  endfacet
  facet normal 0 -0 1
    outer loop
      vertex 1.16645 3.78961 2.75
      vertex 1.33762 3.85561 2.75
      vertex 1.0906 3.83727 2.75
    endloop
  endfacet
  facet normal 0 0 1
    outer loop
      vertex 1.35949 3.89562 2.75
      vertex 1.0906 3.83727 2.75
      vertex 1.33762 3.85561 2.75
    endloop
  endfacet
  facet normal -0.994874 0.101118 0
    outer loop
      vertex -3.66023 -1.24065 2.75
      vertex -3.65 -1.14 3.75
      vertex -3.65 -1.14 2.75
    endloop
  endfacet
  facet normal -0.994874 0.101118 0
    outer loop
      vertex -3.65 -1.14 3.75
      vertex -3.66023 -1.24065 2.75
      vertex -3.66023 -1.24065 3.75
    endloop
  endfacet
  facet normal -0.994874 -0.101118 0
    outer loop
      vertex -3.65 -1.14 2.75
      vertex -3.66023 -1.03935 3.75
      vertex -3.66023 -1.03935 2.75
    endloop
  endfacet
  facet normal -0.994874 -0.101118 0
    outer loop
      vertex -3.66023 -1.03935 3.75
      vertex -3.65 -1.14 2.75
      vertex -3.65 -1.14 3.75
    endloop
  endfacet
  facet normal -0.954128 -0.2994 0
    outer loop
      vertex -3.66023 -1.03935 2.75
      vertex -3.69052 -0.942822 3.75
      vertex -3.69052 -0.942822 2.75
    endloop
  endfacet
  facet normal -0.954128 -0.2994 0
    outer loop
      vertex -3.69052 -0.942822 3.75
      vertex -3.66023 -1.03935 2.75
      vertex -3.66023 -1.03935 3.75
    endloop
  endfacet
  facet normal -0.874337 -0.48532 0
    outer loop
      vertex -3.69052 -0.942822 2.75
      vertex -3.73962 -0.854365 3.75
      vertex -3.73962 -0.854365 2.75
    endloop
  endfacet
  facet normal -0.874337 -0.48532 0
    outer loop
      vertex -3.73962 -0.854365 3.75
      vertex -3.69052 -0.942822 2.75
      vertex -3.69052 -0.942822 3.75
    endloop
  endfacet
  facet normal -0.758748 -0.651384 0
    outer loop
      vertex -3.73962 -0.854365 2.75
      vertex -3.80552 -0.777603 3.75
      vertex -3.80552 -0.777603 2.75
    endloop
  endfacet
  facet normal -0.758748 -0.651384 0
    outer loop
      vertex -3.80552 -0.777603 3.75
      vertex -3.73962 -0.854365 2.75
      vertex -3.73962 -0.854365 3.75
    endloop
  endfacet
  facet normal -0.612115 -0.790769 0
    outer loop
      vertex -3.88552 -0.715677 2.75
      vertex -3.80552 -0.777603 3.75
      vertex -3.88552 -0.715677 3.75
    endloop
  endfacet
  facet normal -0.612115 -0.790769 -0
    outer loop
      vertex -3.80552 -0.777603 3.75
      vertex -3.88552 -0.715677 2.75
      vertex -3.80552 -0.777603 2.75
    endloop
  endfacet
  facet normal -0.440384 -0.897809 0
    outer loop
      vertex -3.97635 -0.671124 2.75
      vertex -3.88552 -0.715677 3.75
      vertex -3.97635 -0.671124 3.75
    endloop
  endfacet
  facet normal -0.440384 -0.897809 -0
    outer loop
      vertex -3.88552 -0.715677 3.75
      vertex -3.97635 -0.671124 2.75
      vertex -3.88552 -0.715677 2.75
    endloop
  endfacet
  facet normal -0.250658 -0.968076 0
    outer loop
      vertex -4.07429 -0.645765 2.75
      vertex -3.97635 -0.671124 3.75
      vertex -4.07429 -0.645765 3.75
    endloop
  endfacet
  facet normal -0.250658 -0.968076 -0
    outer loop
      vertex -3.97635 -0.671124 3.75
      vertex -4.07429 -0.645765 2.75
      vertex -3.97635 -0.671124 2.75
    endloop
  endfacet
  facet normal -0.0506525 -0.998716 0
    outer loop
      vertex -4.17532 -0.640641 2.75
      vertex -4.07429 -0.645765 3.75
      vertex -4.17532 -0.640641 3.75
    endloop
  endfacet
  facet normal -0.0506525 -0.998716 -0
    outer loop
      vertex -4.07429 -0.645765 3.75
      vertex -4.17532 -0.640641 2.75
      vertex -4.07429 -0.645765 2.75
    endloop
  endfacet
  facet normal 0.151418 -0.98847 0
    outer loop
      vertex -4.27533 -0.655961 2.75
      vertex -4.17532 -0.640641 3.75
      vertex -4.27533 -0.655961 3.75
    endloop
  endfacet
  facet normal 0.151418 -0.98847 0
    outer loop
      vertex -4.17532 -0.640641 3.75
      vertex -4.27533 -0.655961 2.75
      vertex -4.17532 -0.640641 2.75
    endloop
  endfacet
  facet normal 0.347305 -0.937752 0
    outer loop
      vertex -4.3702 -0.691097 2.75
      vertex -4.27533 -0.655961 3.75
      vertex -4.3702 -0.691097 3.75
    endloop
  endfacet
  facet normal 0.347305 -0.937752 0
    outer loop
      vertex -4.27533 -0.655961 3.75
      vertex -4.3702 -0.691097 2.75
      vertex -4.27533 -0.655961 2.75
    endloop
  endfacet
  facet normal 0.528995 -0.848625 0
    outer loop
      vertex -4.45605 -0.744612 2.75
      vertex -4.3702 -0.691097 3.75
      vertex -4.45605 -0.744612 3.75
    endloop
  endfacet
  facet normal 0.528995 -0.848625 0
    outer loop
      vertex -4.3702 -0.691097 3.75
      vertex -4.45605 -0.744612 2.75
      vertex -4.3702 -0.691097 2.75
    endloop
  endfacet
  facet normal 0.688944 -0.724814 0
    outer loop
      vertex -4.52938 -0.814313 2.75
      vertex -4.45605 -0.744612 3.75
      vertex -4.52938 -0.814313 3.75
    endloop
  endfacet
  facet normal 0.688944 -0.724814 0
    outer loop
      vertex -4.45605 -0.744612 3.75
      vertex -4.52938 -0.814313 2.75
      vertex -4.45605 -0.744612 2.75
    endloop
  endfacet
  facet normal 0.820782 -0.571241 0
    outer loop
      vertex -4.58717 -0.897348 3.75
      vertex -4.52938 -0.814313 2.75
      vertex -4.52938 -0.814313 3.75
    endloop
  endfacet
  facet normal 0.820782 -0.571241 0
    outer loop
      vertex -4.52938 -0.814313 2.75
      vertex -4.58717 -0.897348 3.75
      vertex -4.58717 -0.897348 2.75
    endloop
  endfacet
  facet normal 0.918946 -0.394384 0
    outer loop
      vertex -4.62707 -0.990318 3.75
      vertex -4.58717 -0.897348 2.75
      vertex -4.58717 -0.897348 3.75
    endloop
  endfacet
  facet normal 0.918946 -0.394384 0
    outer loop
      vertex -4.58717 -0.897348 2.75
      vertex -4.62707 -0.990318 3.75
      vertex -4.62707 -0.990318 2.75
    endloop
  endfacet
  facet normal 0.979542 -0.201242 0
    outer loop
      vertex -4.64743 -1.08942 3.75
      vertex -4.62707 -0.990318 2.75
      vertex -4.62707 -0.990318 3.75
    endloop
  endfacet
  facet normal 0.979542 -0.201242 0
    outer loop
      vertex -4.62707 -0.990318 2.75
      vertex -4.64743 -1.08942 3.75
      vertex -4.64743 -1.08942 2.75
    endloop
  endfacet
  facet normal 1 -0 0
    outer loop
      vertex -4.64743 -1.19058 3.75
      vertex -4.64743 -1.08942 2.75
      vertex -4.64743 -1.08942 3.75
    endloop
  endfacet
  facet normal 1 0 0
    outer loop
      vertex -4.64743 -1.08942 2.75
      vertex -4.64743 -1.19058 3.75
      vertex -4.64743 -1.19058 2.75
    endloop
  endfacet
  facet normal 0.979541 0.201246 0
    outer loop
      vertex -4.62707 -1.28968 3.75
      vertex -4.64743 -1.19058 2.75
      vertex -4.64743 -1.19058 3.75
    endloop
  endfacet
  facet normal 0.979541 0.201246 0
    outer loop
      vertex -4.64743 -1.19058 2.75
      vertex -4.62707 -1.28968 3.75
      vertex -4.62707 -1.28968 2.75
    endloop
  endfacet
  facet normal 0.918946 0.394384 0
    outer loop
      vertex -4.58717 -1.38265 3.75
      vertex -4.62707 -1.28968 2.75
      vertex -4.62707 -1.28968 3.75
    endloop
  endfacet
  facet normal 0.918946 0.394384 0
    outer loop
      vertex -4.62707 -1.28968 2.75
      vertex -4.58717 -1.38265 3.75
      vertex -4.58717 -1.38265 2.75
    endloop
  endfacet
  facet normal 0.820798 0.571218 0
    outer loop
      vertex -4.52938 -1.46569 3.75
      vertex -4.58717 -1.38265 2.75
      vertex -4.58717 -1.38265 3.75
    endloop
  endfacet
  facet normal 0.820798 0.571218 0
    outer loop
      vertex -4.58717 -1.38265 2.75
      vertex -4.52938 -1.46569 3.75
      vertex -4.52938 -1.46569 2.75
    endloop
  endfacet
  facet normal 0.688939 0.724819 -0
    outer loop
      vertex -4.45605 -1.53539 2.75
      vertex -4.52938 -1.46569 3.75
      vertex -4.45605 -1.53539 3.75
    endloop
  endfacet
  facet normal 0.688939 0.724819 0
    outer loop
      vertex -4.52938 -1.46569 3.75
      vertex -4.45605 -1.53539 2.75
      vertex -4.52938 -1.46569 2.75
    endloop
  endfacet
  facet normal 0.528959 0.848647 -0
    outer loop
      vertex -4.3702 -1.5889 2.75
      vertex -4.45605 -1.53539 3.75
      vertex -4.3702 -1.5889 3.75
    endloop
  endfacet
  facet normal 0.528959 0.848647 0
    outer loop
      vertex -4.45605 -1.53539 3.75
      vertex -4.3702 -1.5889 2.75
      vertex -4.45605 -1.53539 2.75
    endloop
  endfacet
  facet normal 0.34734 0.937739 -0
    outer loop
      vertex -4.27533 -1.62404 2.75
      vertex -4.3702 -1.5889 3.75
      vertex -4.27533 -1.62404 3.75
    endloop
  endfacet
  facet normal 0.34734 0.937739 0
    outer loop
      vertex -4.3702 -1.5889 3.75
      vertex -4.27533 -1.62404 2.75
      vertex -4.3702 -1.5889 2.75
    endloop
  endfacet
  facet normal 0.151418 0.98847 -0
    outer loop
      vertex -4.17532 -1.63936 2.75
      vertex -4.27533 -1.62404 3.75
      vertex -4.17532 -1.63936 3.75
    endloop
  endfacet
  facet normal 0.151418 0.98847 0
    outer loop
      vertex -4.27533 -1.62404 3.75
      vertex -4.17532 -1.63936 2.75
      vertex -4.27533 -1.62404 2.75
    endloop
  endfacet
  facet normal -0.0507117 0.998713 0
    outer loop
      vertex -4.07429 -1.63423 2.75
      vertex -4.17532 -1.63936 3.75
      vertex -4.07429 -1.63423 3.75
    endloop
  endfacet
  facet normal -0.0507117 0.998713 0
    outer loop
      vertex -4.17532 -1.63936 3.75
      vertex -4.07429 -1.63423 2.75
      vertex -4.17532 -1.63936 2.75
    endloop
  endfacet
  facet normal -0.250575 0.968097 0
    outer loop
      vertex -3.97635 -1.60888 2.75
      vertex -4.07429 -1.63423 3.75
      vertex -3.97635 -1.60888 3.75
    endloop
  endfacet
  facet normal -0.250575 0.968097 0
    outer loop
      vertex -4.07429 -1.63423 3.75
      vertex -3.97635 -1.60888 2.75
      vertex -4.07429 -1.63423 2.75
    endloop
  endfacet
  facet normal -0.44044 0.897782 0
    outer loop
      vertex -3.88552 -1.56432 2.75
      vertex -3.97635 -1.60888 3.75
      vertex -3.88552 -1.56432 3.75
    endloop
  endfacet
  facet normal -0.44044 0.897782 0
    outer loop
      vertex -3.97635 -1.60888 3.75
      vertex -3.88552 -1.56432 2.75
      vertex -3.97635 -1.60888 2.75
    endloop
  endfacet
  facet normal -0.612077 0.790798 0
    outer loop
      vertex -3.80552 -1.5024 2.75
      vertex -3.88552 -1.56432 3.75
      vertex -3.80552 -1.5024 3.75
    endloop
  endfacet
  facet normal -0.612077 0.790798 0
    outer loop
      vertex -3.88552 -1.56432 3.75
      vertex -3.80552 -1.5024 2.75
      vertex -3.88552 -1.56432 2.75
    endloop
  endfacet
  facet normal -0.758782 0.651345 0
    outer loop
      vertex -3.80552 -1.5024 2.75
      vertex -3.73962 -1.42563 3.75
      vertex -3.73962 -1.42563 2.75
    endloop
  endfacet
  facet normal -0.758782 0.651345 0
    outer loop
      vertex -3.73962 -1.42563 3.75
      vertex -3.80552 -1.5024 2.75
      vertex -3.80552 -1.5024 3.75
    endloop
  endfacet
  facet normal -0.87432 0.485349 0
    outer loop
      vertex -3.73962 -1.42563 2.75
      vertex -3.69052 -1.33718 3.75
      vertex -3.69052 -1.33718 2.75
    endloop
  endfacet
  facet normal -0.87432 0.485349 0
    outer loop
      vertex -3.69052 -1.33718 3.75
      vertex -3.73962 -1.42563 2.75
      vertex -3.73962 -1.42563 3.75
    endloop
  endfacet
  facet normal -0.954129 0.299395 0
    outer loop
      vertex -3.69052 -1.33718 2.75
      vertex -3.66023 -1.24065 3.75
      vertex -3.66023 -1.24065 2.75
    endloop
  endfacet
  facet normal -0.954129 0.299395 0
    outer loop
      vertex -3.66023 -1.24065 3.75
      vertex -3.69052 -1.33718 2.75
      vertex -3.69052 -1.33718 3.75
    endloop
  endfacet
  facet normal 0 0 1
    outer loop
      vertex -3.66023 -1.03935 2.75
      vertex -3.66023 -1.24065 2.75
      vertex -3.65 -1.14 2.75
    endloop
  endfacet
  facet normal 0 0 1
    outer loop
      vertex -3.69052 -0.942822 2.75
      vertex -3.66023 -1.24065 2.75
      vertex -3.66023 -1.03935 2.75
    endloop
  endfacet
  facet normal 0 0 1
    outer loop
      vertex -3.69052 -0.942822 2.75
      vertex -3.69052 -1.33718 2.75
      vertex -3.66023 -1.24065 2.75
    endloop
  endfacet
  facet normal 0 0 1
    outer loop
      vertex -3.73962 -0.854365 2.75
      vertex -3.69052 -1.33718 2.75
      vertex -3.69052 -0.942822 2.75
    endloop
  endfacet
  facet normal 0 0 1
    outer loop
      vertex -3.73962 -0.854365 2.75
      vertex -3.73962 -1.42563 2.75
      vertex -3.69052 -1.33718 2.75
    endloop
  endfacet
  facet normal 0 0 1
    outer loop
      vertex -3.80552 -0.777603 2.75
      vertex -3.73962 -1.42563 2.75
      vertex -3.73962 -0.854365 2.75
    endloop
  endfacet
  facet normal 0 0 1
    outer loop
      vertex -3.80552 -0.777603 2.75
      vertex -3.80552 -1.5024 2.75
      vertex -3.73962 -1.42563 2.75
    endloop
  endfacet
  facet normal 0 0 1
    outer loop
      vertex -3.88552 -0.715677 2.75
      vertex -3.80552 -1.5024 2.75
      vertex -3.80552 -0.777603 2.75
    endloop
  endfacet
  facet normal 0 0 1
    outer loop
      vertex -3.88552 -0.715677 2.75
      vertex -3.88552 -1.56432 2.75
      vertex -3.80552 -1.5024 2.75
    endloop
  endfacet
  facet normal 0 0 1
    outer loop
      vertex -3.97635 -0.671124 2.75
      vertex -3.88552 -1.56432 2.75
      vertex -3.88552 -0.715677 2.75
    endloop
  endfacet
  facet normal 0 0 1
    outer loop
      vertex -3.97635 -0.671124 2.75
      vertex -3.97635 -1.60888 2.75
      vertex -3.88552 -1.56432 2.75
    endloop
  endfacet
  facet normal 0 0 1
    outer loop
      vertex -4.07429 -0.645765 2.75
      vertex -3.97635 -1.60888 2.75
      vertex -3.97635 -0.671124 2.75
    endloop
  endfacet
  facet normal 0 0 1
    outer loop
      vertex -4.07429 -0.645765 2.75
      vertex -4.07429 -1.63423 2.75
      vertex -3.97635 -1.60888 2.75
    endloop
  endfacet
  facet normal 0 0 1
    outer loop
      vertex -4.17532 -0.640641 2.75
      vertex -4.07429 -1.63423 2.75
      vertex -4.07429 -0.645765 2.75
    endloop
  endfacet
  facet normal 0 0 1
    outer loop
      vertex -4.17532 -0.640641 2.75
      vertex -4.17532 -1.63936 2.75
      vertex -4.07429 -1.63423 2.75
    endloop
  endfacet
  facet normal -0 0 1
    outer loop
      vertex -4.27533 -0.655961 2.75
      vertex -4.17532 -1.63936 2.75
      vertex -4.17532 -0.640641 2.75
    endloop
  endfacet
  facet normal 0 0 1
    outer loop
      vertex -4.27533 -0.655961 2.75
      vertex -4.27533 -1.62404 2.75
      vertex -4.17532 -1.63936 2.75
    endloop
  endfacet
  facet normal -0 0 1
    outer loop
      vertex -4.3702 -0.691097 2.75
      vertex -4.27533 -1.62404 2.75
      vertex -4.27533 -0.655961 2.75
    endloop
  endfacet
  facet normal 0 0 1
    outer loop
      vertex -4.3702 -0.691097 2.75
      vertex -4.3702 -1.5889 2.75
      vertex -4.27533 -1.62404 2.75
    endloop
  endfacet
  facet normal -0 0 1
    outer loop
      vertex -4.45605 -0.744612 2.75
      vertex -4.3702 -1.5889 2.75
      vertex -4.3702 -0.691097 2.75
    endloop
  endfacet
  facet normal 0 0 1
    outer loop
      vertex -4.45605 -0.744612 2.75
      vertex -4.45605 -1.53539 2.75
      vertex -4.3702 -1.5889 2.75
    endloop
  endfacet
  facet normal -0 0 1
    outer loop
      vertex -4.52938 -0.814313 2.75
      vertex -4.45605 -1.53539 2.75
      vertex -4.45605 -0.744612 2.75
    endloop
  endfacet
  facet normal 0 0 1
    outer loop
      vertex -4.52938 -0.814313 2.75
      vertex -4.52938 -1.46569 2.75
      vertex -4.45605 -1.53539 2.75
    endloop
  endfacet
  facet normal -0 0 1
    outer loop
      vertex -4.58717 -0.897348 2.75
      vertex -4.52938 -1.46569 2.75
      vertex -4.52938 -0.814313 2.75
    endloop
  endfacet
  facet normal 0 0 1
    outer loop
      vertex -4.58717 -0.897348 2.75
      vertex -4.58717 -1.38265 2.75
      vertex -4.52938 -1.46569 2.75
    endloop
  endfacet
  facet normal -0 0 1
    outer loop
      vertex -4.62707 -0.990318 2.75
      vertex -4.58717 -1.38265 2.75
      vertex -4.58717 -0.897348 2.75
    endloop
  endfacet
  facet normal 0 0 1
    outer loop
      vertex -4.62707 -0.990318 2.75
      vertex -4.62707 -1.28968 2.75
      vertex -4.58717 -1.38265 2.75
    endloop
  endfacet
  facet normal -0 0 1
    outer loop
      vertex -4.64743 -1.08942 2.75
      vertex -4.62707 -1.28968 2.75
      vertex -4.62707 -0.990318 2.75
    endloop
  endfacet
  facet normal 0 0 1
    outer loop
      vertex -4.62707 -1.28968 2.75
      vertex -4.64743 -1.08942 2.75
      vertex -4.64743 -1.19058 2.75
    endloop
  endfacet
  facet normal -0.993711 0.111975 0
    outer loop
      vertex 2.43997 -4.23901 2.75
      vertex 2.45 -4.15 3.75
      vertex 2.45 -4.15 2.75
    endloop
  endfacet
  facet normal -0.993711 0.111975 0
    outer loop
      vertex 2.45 -4.15 3.75
      vertex 2.43997 -4.23901 2.75
      vertex 2.43997 -4.23901 3.75
    endloop
  endfacet
  facet normal -0.993711 -0.111975 0
    outer loop
      vertex 2.45 -4.15 2.75
      vertex 2.43997 -4.06099 3.75
      vertex 2.43997 -4.06099 2.75
    endloop
  endfacet
  facet normal -0.993711 -0.111975 0
    outer loop
      vertex 2.43997 -4.06099 3.75
      vertex 2.45 -4.15 2.75
      vertex 2.45 -4.15 3.75
    endloop
  endfacet
  facet normal -0.94389 -0.330261 0
    outer loop
      vertex 2.43997 -4.06099 2.75
      vertex 2.41039 -3.97645 3.75
      vertex 2.41039 -3.97645 2.75
    endloop
  endfacet
  facet normal -0.94389 -0.330261 0
    outer loop
      vertex 2.41039 -3.97645 3.75
      vertex 2.43997 -4.06099 2.75
      vertex 2.43997 -4.06099 3.75
    endloop
  endfacet
  facet normal -0.846723 -0.532034 0
    outer loop
      vertex 2.41039 -3.97645 2.75
      vertex 2.36273 -3.9006 3.75
      vertex 2.36273 -3.9006 2.75
    endloop
  endfacet
  facet normal -0.846723 -0.532034 0
    outer loop
      vertex 2.36273 -3.9006 3.75
      vertex 2.41039 -3.97645 2.75
      vertex 2.41039 -3.97645 3.75
    endloop
  endfacet
  facet normal -0.707107 -0.707107 0
    outer loop
      vertex 2.36273 -3.9006 2.75
      vertex 2.2994 -3.83727 3.75
      vertex 2.2994 -3.83727 2.75
    endloop
  endfacet
  facet normal -0.707107 -0.707107 0
    outer loop
      vertex 2.2994 -3.83727 3.75
      vertex 2.36273 -3.9006 2.75
      vertex 2.36273 -3.9006 3.75
    endloop
  endfacet
  facet normal -0.532034 -0.846723 0
    outer loop
      vertex 2.22355 -3.78961 3.24893
      vertex 2.2994 -3.83727 3.75
      vertex 2.22355 -3.78961 3.75
    endloop
  endfacet
  facet normal -0.531711 -0.846926 -6.8344e-05
    outer loop
      vertex 2.22696 -3.79175 3.23852
      vertex 2.2994 -3.83727 3.75
      vertex 2.22355 -3.78961 3.24893
    endloop
  endfacet
  facet normal -0.532117 -0.846671 1.19521e-05
    outer loop
      vertex 2.24166 -3.80099 3.14517
      vertex 2.2994 -3.83727 3.75
      vertex 2.22696 -3.79175 3.23852
    endloop
  endfacet
  facet normal -0.532088 -0.846689 -1.23814e-05
    outer loop
      vertex 2.2994 -3.83727 2.75
      vertex 2.24166 -3.80099 3.14517
      vertex 2.2479 -3.80491 3.04751
    endloop
  endfacet
  facet normal -0.533539 -0.845776 -0.000362787
    outer loop
      vertex 2.2994 -3.83727 2.75
      vertex 2.2479 -3.80491 3.04751
      vertex 2.24931 -3.80579 3.02544
    endloop
  endfacet
  facet normal -0.53124 -0.847222 0.000220533
    outer loop
      vertex 2.2994 -3.83727 2.75
      vertex 2.24931 -3.80579 3.02544
      vertex 2.24941 -3.80586 2.99741
    endloop
  endfacet
  facet normal -0.53196 -0.84677 1.76149e-05
    outer loop
      vertex 2.2994 -3.83727 2.75
      vertex 2.24941 -3.80586 2.99741
      vertex 2.24982 -3.80612 2.88066
    endloop
  endfacet
  facet normal -0.53207 -0.8467 -4.07336e-05
    outer loop
      vertex 2.2994 -3.83727 2.75
      vertex 2.24982 -3.80612 2.88066
      vertex 2.24469 -3.80289 2.75
    endloop
  endfacet
  facet normal -0.532027 -0.846727 0
    outer loop
      vertex 2.24166 -3.80099 3.14517
      vertex 2.2994 -3.83727 2.75
      vertex 2.2994 -3.83727 3.75
    endloop
  endfacet
  facet normal -0.330261 -0.94389 0
    outer loop
      vertex 2.13901 -3.76003 3.47047
      vertex 2.22355 -3.78961 3.75
      vertex 2.13901 -3.76003 3.75
    endloop
  endfacet
  facet normal -0.330444 -0.943826 6.2244e-05
    outer loop
      vertex 2.15623 -3.76606 3.45412
      vertex 2.22355 -3.78961 3.75
      vertex 2.13901 -3.76003 3.47047
    endloop
  endfacet
  facet normal -0.330124 -0.943937 -1.94323e-05
    outer loop
      vertex 2.15949 -3.7672 3.4481
      vertex 2.22355 -3.78961 3.75
      vertex 2.15623 -3.76606 3.45412
    endloop
  endfacet
  facet normal -0.33012 -0.943939 -2.0472e-05
    outer loop
      vertex 2.18497 -3.77611 3.40105
      vertex 2.22355 -3.78961 3.75
      vertex 2.15949 -3.7672 3.4481
    endloop
  endfacet
  facet normal -0.330349 -0.943859 7.9284e-06
    outer loop
      vertex 2.20534 -3.78324 3.3372
      vertex 2.22355 -3.78961 3.75
      vertex 2.18497 -3.77611 3.40105
    endloop
  endfacet
  facet normal -0.331521 -0.943448 6.59975e-05
    outer loop
      vertex 2.20844 -3.78433 3.32748
      vertex 2.22355 -3.78961 3.75
      vertex 2.20534 -3.78324 3.3372
    endloop
  endfacet
  facet normal -0.329877 -0.944024 -0
    outer loop
      vertex 2.22355 -3.78961 3.75
      vertex 2.20844 -3.78433 3.32748
      vertex 2.22355 -3.78961 3.24893
    endloop
  endfacet
  facet normal -0.111245 -0.993793 0
    outer loop
      vertex 2.05402 -3.75045 3.57727
      vertex 2.05 -3.75 3.75
      vertex 2.05 -3.75 3.57837
    endloop
  endfacet
  facet normal -0.111975 -0.993711 -1.71988e-05
    outer loop
      vertex 2.05 -3.75 3.75
      vertex 2.05402 -3.75045 3.57727
      vertex 2.13901 -3.76003 3.75
    endloop
  endfacet
  facet normal -0.112021 -0.993706 5.55141e-06
    outer loop
      vertex 2.08755 -3.75423 3.55106
      vertex 2.13901 -3.76003 3.75
      vertex 2.05402 -3.75045 3.57727
    endloop
  endfacet
  facet normal -0.110948 -0.993826 -0.000275586
    outer loop
      vertex 2.09114 -3.75463 3.54826
      vertex 2.13901 -3.76003 3.75
      vertex 2.08755 -3.75423 3.55106
    endloop
  endfacet
  facet normal -0.112604 -0.99364 0.000122463
    outer loop
      vertex 2.0944 -3.755 3.54371
      vertex 2.13901 -3.76003 3.75
      vertex 2.09114 -3.75463 3.54826
    endloop
  endfacet
  facet normal -0.112137 -0.993693 2.00719e-05
    outer loop
      vertex 2.12461 -3.75841 3.50163
      vertex 2.13901 -3.76003 3.75
      vertex 2.0944 -3.755 3.54371
    endloop
  endfacet
  facet normal -0.111795 -0.993731 -0
    outer loop
      vertex 2.13901 -3.76003 3.75
      vertex 2.12461 -3.75841 3.50163
      vertex 2.13901 -3.76003 3.47047
    endloop
  endfacet
  facet normal 0.112137 -0.993693 0
    outer loop
      vertex 1.9757 -3.75837 3.64584
      vertex 1.96099 -3.76003 3.75
      vertex 1.96099 -3.76003 3.64996
    endloop
  endfacet
  facet normal 0.111393 -0.993776 -0.000106289
    outer loop
      vertex 1.979 -3.758 3.64491
      vertex 1.96099 -3.76003 3.75
      vertex 1.9757 -3.75837 3.64584
    endloop
  endfacet
  facet normal 0.111975 -0.993711 -5.31166e-06
    outer loop
      vertex 1.96099 -3.76003 3.75
      vertex 1.979 -3.758 3.64491
      vertex 2.05 -3.75 3.75
    endloop
  endfacet
  facet normal 0.111933 -0.993716 2.35273e-05
    outer loop
      vertex 2.01425 -3.75403 3.61975
      vertex 2.05 -3.75 3.75
      vertex 1.979 -3.758 3.64491
    endloop
  endfacet
  facet normal 0.1118 -0.993731 6.04923e-05
    outer loop
      vertex 2.01754 -3.75366 3.6174
      vertex 2.05 -3.75 3.75
      vertex 2.01425 -3.75403 3.61975
    endloop
  endfacet
  facet normal 0.111608 -0.993752 0.000108017
    outer loop
      vertex 2.02066 -3.75331 3.61365
      vertex 2.05 -3.75 3.75
      vertex 2.01754 -3.75366 3.6174
    endloop
  endfacet
  facet normal 0.112104 -0.993696 0
    outer loop
      vertex 2.05 -3.75 3.75
      vertex 2.02066 -3.75331 3.61365
      vertex 2.05 -3.75 3.57837
    endloop
  endfacet
  facet normal 0.330334 -0.943864 0
    outer loop
      vertex 1.90268 -3.78043 3.70054
      vertex 1.87645 -3.78961 3.75
      vertex 1.87645 -3.78961 3.70848
    endloop
  endfacet
  facet normal 0.330261 -0.94389 -4.3748e-05
    outer loop
      vertex 1.87645 -3.78961 3.75
      vertex 1.90268 -3.78043 3.70054
      vertex 1.96099 -3.76003 3.75
    endloop
  endfacet
  facet normal 0.330461 -0.943819 -0.000309021
    outer loop
      vertex 1.90542 -3.77947 3.69859
      vertex 1.96099 -3.76003 3.75
      vertex 1.90268 -3.78043 3.70054
    endloop
  endfacet
  facet normal 0.330234 -0.943899 -3.30766e-05
    outer loop
      vertex 1.94066 -3.76714 3.67342
      vertex 1.96099 -3.76003 3.75
      vertex 1.90542 -3.77947 3.69859
    endloop
  endfacet
  facet normal 0.330123 -0.943938 0
    outer loop
      vertex 1.96099 -3.76003 3.75
      vertex 1.94066 -3.76714 3.67342
      vertex 1.96099 -3.76003 3.64996
    endloop
  endfacet
  facet normal 0.532063 -0.846705 -0.000157054
    outer loop
      vertex 1.865 -3.7968 3.72251
      vertex 1.87645 -3.78961 3.75
      vertex 1.83003 -3.81878 3.75
    endloop
  endfacet
  facet normal 0.531793 -0.846874 0
    outer loop
      vertex 1.87645 -3.78961 3.75
      vertex 1.865 -3.7968 3.72251
      vertex 1.87645 -3.78961 3.70848
    endloop
  endfacet
  facet normal 0.943844 0.330391 0
    outer loop
      vertex 1.68961 -4.32355 2.87949
      vertex 1.68961 -4.32355 2.75
      vertex 1.67872 -4.29244 2.75
    endloop
  endfacet
  facet normal 0.846723 0.532034 -0
    outer loop
      vertex 1.73727 -4.3994 2.75
      vertex 1.68961 -4.32355 2.87949
      vertex 1.73727 -4.3994 3.13723
    endloop
  endfacet
  facet normal 0.846723 0.532034 0
    outer loop
      vertex 1.68961 -4.32355 2.87949
      vertex 1.73727 -4.3994 2.75
      vertex 1.68961 -4.32355 2.75
    endloop
  endfacet
  facet normal 0.707107 0.707107 -0
    outer loop
      vertex 1.8006 -4.46273 2.75
      vertex 1.77132 -4.43345 3.21826
      vertex 1.8006 -4.46273 3.2999
    endloop
  endfacet
  facet normal 0.707511 0.706702 5.06114e-05
    outer loop
      vertex 1.8006 -4.46273 2.75
      vertex 1.76372 -4.42584 3.20017
      vertex 1.77132 -4.43345 3.21826
    endloop
  endfacet
  facet normal 0.707011 0.707203 -3.14777e-05
    outer loop
      vertex 1.8006 -4.46273 2.75
      vertex 1.73727 -4.3994 3.13723
      vertex 1.76372 -4.42584 3.20017
    endloop
  endfacet
  facet normal 0.707107 0.707107 0
    outer loop
      vertex 1.73727 -4.3994 3.13723
      vertex 1.8006 -4.46273 2.75
      vertex 1.73727 -4.3994 2.75
    endloop
  endfacet
  facet normal 0.581238 0.813733 -0
    outer loop
      vertex 1.87645 -4.51039 2.75
      vertex 1.87638 -4.51034 3.40116
      vertex 1.87645 -4.51039 3.40128
    endloop
  endfacet
  facet normal 0.531929 0.846789 -7.83903e-06
    outer loop
      vertex 1.87645 -4.51039 2.75
      vertex 1.82531 -4.47826 3.32552
      vertex 1.87638 -4.51034 3.40116
    endloop
  endfacet
  facet normal 0.532111 0.846674 1.48224e-05
    outer loop
      vertex 1.87645 -4.51039 2.75
      vertex 1.8006 -4.46273 3.2999
      vertex 1.82531 -4.47826 3.32552
    endloop
  endfacet
  facet normal 0.532034 0.846723 0
    outer loop
      vertex 1.8006 -4.46273 3.2999
      vertex 1.87645 -4.51039 2.75
      vertex 1.8006 -4.46273 2.75
    endloop
  endfacet
  facet normal 0.330186 0.943916 -0
    outer loop
      vertex 1.96099 -4.53997 2.75
      vertex 1.92254 -4.52652 3.43369
      vertex 1.96099 -4.53997 3.47539
    endloop
  endfacet
  facet normal 0.330318 0.94387 8.29841e-06
    outer loop
      vertex 1.96099 -4.53997 2.75
      vertex 1.87645 -4.51039 3.40128
      vertex 1.92254 -4.52652 3.43369
    endloop
  endfacet
  facet normal 0.330261 0.94389 0
    outer loop
      vertex 1.87645 -4.51039 3.40128
      vertex 1.96099 -4.53997 2.75
      vertex 1.87645 -4.51039 2.75
    endloop
  endfacet
  facet normal 0.111846 0.993725 -0
    outer loop
      vertex 2.05 -4.55 2.75
      vertex 2.01917 -4.54653 3.5048
      vertex 2.05 -4.55 3.53263
    endloop
  endfacet
  facet normal 0.112466 0.993656 2.56293e-05
    outer loop
      vertex 2.05 -4.55 2.75
      vertex 2.01599 -4.54617 3.50192
      vertex 2.01917 -4.54653 3.5048
    endloop
  endfacet
  facet normal 0.111895 0.99372 -5.36006e-07
    outer loop
      vertex 2.05 -4.55 2.75
      vertex 1.97052 -4.54105 3.47694
      vertex 2.01599 -4.54617 3.50192
    endloop
  endfacet
  facet normal 0.112593 0.993641 7.67891e-05
    outer loop
      vertex 2.05 -4.55 2.75
      vertex 1.96099 -4.53997 3.47539
      vertex 1.97052 -4.54105 3.47694
    endloop
  endfacet
  facet normal 0.111975 0.993711 0
    outer loop
      vertex 1.96099 -4.53997 3.47539
      vertex 2.05 -4.55 2.75
      vertex 1.96099 -4.53997 2.75
    endloop
  endfacet
  facet normal -0.114418 0.993433 -0.000104694
    outer loop
      vertex 2.13901 -4.53997 2.75
      vertex 2.10285 -4.54405 3.55388
      vertex 2.10528 -4.54377 3.55507
    endloop
  endfacet
  facet normal -0.112104 0.993696 0
    outer loop
      vertex 2.13901 -4.53997 2.75
      vertex 2.10772 -4.5435 3.55712
      vertex 2.13901 -4.53997 3.58339
    endloop
  endfacet
  facet normal -0.110051 0.993926 8.05985e-05
    outer loop
      vertex 2.13901 -4.53997 2.75
      vertex 2.10528 -4.54377 3.55507
      vertex 2.10772 -4.5435 3.55712
    endloop
  endfacet
  facet normal -0.111796 0.993731 1.47841e-05
    outer loop
      vertex 2.10285 -4.54405 3.55388
      vertex 2.13901 -4.53997 2.75
      vertex 2.06187 -4.54866 3.534
    endloop
  endfacet
  facet normal -0.112174 0.993689 -2.29424e-05
    outer loop
      vertex 2.13901 -4.53997 2.75
      vertex 2.05 -4.55 3.53263
      vertex 2.06187 -4.54866 3.534
    endloop
  endfacet
  facet normal -0.111975 0.993711 0
    outer loop
      vertex 2.05 -4.55 3.53263
      vertex 2.13901 -4.53997 2.75
      vertex 2.05 -4.55 2.75
    endloop
  endfacet
  facet normal -0.330363 0.943854 0
    outer loop
      vertex 2.22355 -4.51039 2.75
      vertex 2.18998 -4.52214 3.60485
      vertex 2.22355 -4.51039 3.6339
    endloop
  endfacet
  facet normal -0.330125 0.943937 1.10238e-05
    outer loop
      vertex 2.22355 -4.51039 2.75
      vertex 2.18635 -4.52341 3.60242
      vertex 2.18818 -4.52277 3.6033
    endloop
  endfacet
  facet normal -0.330351 0.943858 5.34003e-07
    outer loop
      vertex 2.18998 -4.52214 3.60485
      vertex 2.22355 -4.51039 2.75
      vertex 2.18818 -4.52277 3.6033
    endloop
  endfacet
  facet normal -0.330275 0.943885 3.71545e-06
    outer loop
      vertex 2.18635 -4.52341 3.60242
      vertex 2.22355 -4.51039 2.75
      vertex 2.14834 -4.53671 3.58425
    endloop
  endfacet
  facet normal -0.329858 0.94403 4.58289e-05
    outer loop
      vertex 2.22355 -4.51039 2.75
      vertex 2.13901 -4.53997 3.58339
      vertex 2.14834 -4.53671 3.58425
    endloop
  endfacet
  facet normal -0.330261 0.94389 0
    outer loop
      vertex 2.13901 -4.53997 3.58339
      vertex 2.22355 -4.51039 2.75
      vertex 2.13901 -4.53997 2.75
    endloop
  endfacet
  facet normal -0.532172 0.846637 0
    outer loop
      vertex 2.2994 -4.46273 2.75
      vertex 2.2959 -4.46493 3.68569
      vertex 2.2994 -4.46273 3.69088
    endloop
  endfacet
  facet normal -0.530007 0.847993 1.12866e-05
    outer loop
      vertex 2.2994 -4.46273 2.75
      vertex 2.29486 -4.46558 3.68466
      vertex 2.2959 -4.46493 3.68569
    endloop
  endfacet
  facet normal -0.531948 0.846777 -1.84955e-06
    outer loop
      vertex 2.2994 -4.46273 2.75
      vertex 2.2621 -4.48616 3.65236
      vertex 2.29486 -4.46558 3.68466
    endloop
  endfacet
  facet normal -0.532137 0.846658 -1.27442e-05
    outer loop
      vertex 2.2994 -4.46273 2.75
      vertex 2.22732 -4.50802 3.6342
      vertex 2.2621 -4.48616 3.65236
    endloop
  endfacet
  facet normal -0.532216 0.846608 -2.17768e-05
    outer loop
      vertex 2.2994 -4.46273 2.75
      vertex 2.22355 -4.51039 3.6339
      vertex 2.22732 -4.50802 3.6342
    endloop
  endfacet
  facet normal -0.532034 0.846723 0
    outer loop
      vertex 2.22355 -4.51039 3.6339
      vertex 2.2994 -4.46273 2.75
      vertex 2.22355 -4.51039 2.75
    endloop
  endfacet
  facet normal -0.707107 0.707107 0
    outer loop
      vertex 2.32474 -4.43739 3.70694
      vertex 2.36273 -4.3994 3.75
      vertex 2.36273 -4.3994 2.75
    endloop
  endfacet
  facet normal -0.706554 0.707658 -0.00133104
    outer loop
      vertex 2.36273 -4.3994 3.75
      vertex 2.35165 -4.41048 3.74081
      vertex 2.35632 -4.4058 3.75
    endloop
  endfacet
  facet normal -0.707107 0.707107 -6.58957e-14
    outer loop
      vertex 2.36273 -4.3994 3.75
      vertex 2.32474 -4.43739 3.70694
      vertex 2.35165 -4.41048 3.74081
    endloop
  endfacet
  facet normal -0.707107 0.707107 0
    outer loop
      vertex 2.2994 -4.46273 3.69088
      vertex 2.36273 -4.3994 2.75
      vertex 2.2994 -4.46273 2.75
    endloop
  endfacet
  facet normal -0.707107 0.707107 -3.20734e-16
    outer loop
      vertex 2.36273 -4.3994 2.75
      vertex 2.2994 -4.46273 3.69088
      vertex 2.32474 -4.43739 3.70694
    endloop
  endfacet
  facet normal -0.846723 0.532034 0
    outer loop
      vertex 2.36273 -4.3994 2.75
      vertex 2.41039 -4.32355 3.75
      vertex 2.41039 -4.32355 2.75
    endloop
  endfacet
  facet normal -0.846723 0.532034 0
    outer loop
      vertex 2.41039 -4.32355 3.75
      vertex 2.36273 -4.3994 2.75
      vertex 2.36273 -4.3994 3.75
    endloop
  endfacet
  facet normal -0.94389 0.330261 0
    outer loop
      vertex 2.41039 -4.32355 2.75
      vertex 2.43997 -4.23901 3.75
      vertex 2.43997 -4.23901 2.75
    endloop
  endfacet
  facet normal -0.94389 0.330261 0
    outer loop
      vertex 2.43997 -4.23901 3.75
      vertex 2.41039 -4.32355 2.75
      vertex 2.41039 -4.32355 3.75
    endloop
  endfacet
  facet normal -0 0 1
    outer loop
      vertex 2.25252 -4.0678 2.75
      vertex 2.45 -4.15 2.75
      vertex 2.43997 -4.06099 2.75
    endloop
  endfacet
  facet normal -0 0 1
    outer loop
      vertex 2.26275 -4.02614 2.75
      vertex 2.43997 -4.06099 2.75
      vertex 2.41039 -3.97645 2.75
    endloop
  endfacet
  facet normal 0 0 1
    outer loop
      vertex 2.45 -4.15 2.75
      vertex 2.25252 -4.0678 2.75
      vertex 2.24133 -4.09893 2.75
    endloop
  endfacet
  facet normal -0 0 1
    outer loop
      vertex 2.26898 -3.97347 2.75
      vertex 2.41039 -3.97645 2.75
      vertex 2.36273 -3.9006 2.75
    endloop
  endfacet
  facet normal 0 0 1
    outer loop
      vertex 2.45 -4.15 2.75
      vertex 2.24133 -4.09893 2.75
      vertex 2.23807 -4.10799 2.75
    endloop
  endfacet
  facet normal -0 0 1
    outer loop
      vertex 2.26718 -3.89693 2.75
      vertex 2.36273 -3.9006 2.75
      vertex 2.2994 -3.83727 2.75
    endloop
  endfacet
  facet normal 0 0 1
    outer loop
      vertex 2.41039 -3.97645 2.75
      vertex 2.26864 -3.98346 2.75
      vertex 2.26728 -3.99329 2.75
    endloop
  endfacet
  facet normal 0 0 1
    outer loop
      vertex 2.36273 -3.9006 2.75
      vertex 2.27012 -3.94024 2.75
      vertex 2.26898 -3.97347 2.75
    endloop
  endfacet
  facet normal 0 0 1
    outer loop
      vertex 2.36273 -3.9006 2.75
      vertex 2.26787 -3.90709 2.75
      vertex 2.27012 -3.94024 2.75
    endloop
  endfacet
  facet normal 0 0 1
    outer loop
      vertex 2.36273 -3.9006 2.75
      vertex 2.26718 -3.89693 2.75
      vertex 2.26787 -3.90709 2.75
    endloop
  endfacet
  facet normal 0 0 1
    outer loop
      vertex 2.2994 -3.83727 2.75
      vertex 2.25985 -3.85403 2.75
      vertex 2.26718 -3.89693 2.75
    endloop
  endfacet
  facet normal 0 0 1
    outer loop
      vertex 2.2994 -3.83727 2.75
      vertex 2.24822 -3.81199 2.75
      vertex 2.25985 -3.85403 2.75
    endloop
  endfacet
  facet normal -0 -0 1
    outer loop
      vertex 2.24822 -3.81199 2.75
      vertex 2.2994 -3.83727 2.75
      vertex 2.24469 -3.80289 2.75
    endloop
  endfacet
  facet normal 0 0 1
    outer loop
      vertex 2.41039 -3.97645 2.75
      vertex 2.26898 -3.97347 2.75
      vertex 2.26864 -3.98346 2.75
    endloop
  endfacet
  facet normal 0 0 1
    outer loop
      vertex 2.41039 -3.97645 2.75
      vertex 2.26728 -3.99329 2.75
      vertex 2.26275 -4.02614 2.75
    endloop
  endfacet
  facet normal 0 0 1
    outer loop
      vertex 2.43997 -4.06099 2.75
      vertex 2.26275 -4.02614 2.75
      vertex 2.25252 -4.0678 2.75
    endloop
  endfacet
  facet normal -0 0 1
    outer loop
      vertex 2.21954 -4.14626 2.75
      vertex 2.45 -4.15 2.75
      vertex 2.23807 -4.10799 2.75
    endloop
  endfacet
  facet normal 0 0 1
    outer loop
      vertex 2.45 -4.15 2.75
      vertex 2.21954 -4.14626 2.75
      vertex 2.43997 -4.23901 2.75
    endloop
  endfacet
  facet normal -0 0 1
    outer loop
      vertex 2.19715 -4.1822 2.75
      vertex 2.43997 -4.23901 2.75
      vertex 2.21954 -4.14626 2.75
    endloop
  endfacet
  facet normal 0 0 1
    outer loop
      vertex 2.43997 -4.23901 2.75
      vertex 2.19715 -4.1822 2.75
      vertex 2.41039 -4.32355 2.75
    endloop
  endfacet
  facet normal -0 0 1
    outer loop
      vertex 2.17114 -4.21542 2.75
      vertex 2.41039 -4.32355 2.75
      vertex 2.19715 -4.1822 2.75
    endloop
  endfacet
  facet normal 0 0 1
    outer loop
      vertex 2.41039 -4.32355 2.75
      vertex 2.17114 -4.21542 2.75
      vertex 2.36273 -4.3994 2.75
    endloop
  endfacet
  facet normal -0 0 1
    outer loop
      vertex 2.16464 -4.22208 2.75
      vertex 2.36273 -4.3994 2.75
      vertex 2.17114 -4.21542 2.75
    endloop
  endfacet
  facet normal -0 0 1
    outer loop
      vertex 2.14179 -4.24554 2.75
      vertex 2.36273 -4.3994 2.75
      vertex 2.16464 -4.22208 2.75
    endloop
  endfacet
  facet normal 0 0 1
    outer loop
      vertex 2.36273 -4.3994 2.75
      vertex 2.14179 -4.24554 2.75
      vertex 2.2994 -4.46273 2.75
    endloop
  endfacet
  facet normal -0 0 1
    outer loop
      vertex 2.10943 -4.27223 2.75
      vertex 2.2994 -4.46273 2.75
      vertex 2.14179 -4.24554 2.75
    endloop
  endfacet
  facet normal 0 0 1
    outer loop
      vertex 2.2994 -4.46273 2.75
      vertex 2.10943 -4.27223 2.75
      vertex 2.22355 -4.51039 2.75
    endloop
  endfacet
  facet normal -0 0 1
    outer loop
      vertex 2.08211 -4.29016 2.75
      vertex 2.22355 -4.51039 2.75
      vertex 2.10943 -4.27223 2.75
    endloop
  endfacet
  facet normal -0 0 1
    outer loop
      vertex 2.07441 -4.29522 2.75
      vertex 2.22355 -4.51039 2.75
      vertex 2.08211 -4.29016 2.75
    endloop
  endfacet
  facet normal 0 0 1
    outer loop
      vertex 2.22355 -4.51039 2.75
      vertex 2.07441 -4.29522 2.75
      vertex 2.13901 -4.53997 2.75
    endloop
  endfacet
  facet normal -0 0 1
    outer loop
      vertex 2.0662 -4.2994 2.75
      vertex 2.13901 -4.53997 2.75
      vertex 2.07441 -4.29522 2.75
    endloop
  endfacet
  facet normal -0 0 1
    outer loop
      vertex 2.03711 -4.31424 2.75
      vertex 2.13901 -4.53997 2.75
      vertex 2.0662 -4.2994 2.75
    endloop
  endfacet
  facet normal 0 0 1
    outer loop
      vertex 2.13901 -4.53997 2.75
      vertex 2.03711 -4.31424 2.75
      vertex 2.05 -4.55 2.75
    endloop
  endfacet
  facet normal -0 0 1
    outer loop
      vertex 2.00656 -4.32582 2.75
      vertex 2.05 -4.55 2.75
      vertex 2.03711 -4.31424 2.75
    endloop
  endfacet
  facet normal -0 0 1
    outer loop
      vertex 1.99794 -4.32909 2.75
      vertex 2.05 -4.55 2.75
      vertex 2.00656 -4.32582 2.75
    endloop
  endfacet
  facet normal -0 0 1
    outer loop
      vertex 1.989 -4.3314 2.75
      vertex 2.05 -4.55 2.75
      vertex 1.99794 -4.32909 2.75
    endloop
  endfacet
  facet normal 0 0 1
    outer loop
      vertex 1.989 -4.3314 2.75
      vertex 1.96099 -4.53997 2.75
      vertex 2.05 -4.55 2.75
    endloop
  endfacet
  facet normal -0 0 1
    outer loop
      vertex 1.95733 -4.3396 2.75
      vertex 1.96099 -4.53997 2.75
      vertex 1.989 -4.3314 2.75
    endloop
  endfacet
  facet normal -0 0 1
    outer loop
      vertex 1.92494 -4.34432 2.75
      vertex 1.96099 -4.53997 2.75
      vertex 1.95733 -4.3396 2.75
    endloop
  endfacet
  facet normal 0 0 1
    outer loop
      vertex 1.87645 -4.51039 2.75
      vertex 1.92494 -4.34432 2.75
      vertex 1.91573 -4.34566 2.75
    endloop
  endfacet
  facet normal 0 0 1
    outer loop
      vertex 1.92494 -4.34432 2.75
      vertex 1.87645 -4.51039 2.75
      vertex 1.96099 -4.53997 2.75
    endloop
  endfacet
  facet normal -0 0 1
    outer loop
      vertex 1.8736 -4.3472 2.75
      vertex 1.87645 -4.51039 2.75
      vertex 1.91573 -4.34566 2.75
    endloop
  endfacet
  facet normal 0 0 1
    outer loop
      vertex 1.8006 -4.46273 2.75
      vertex 1.8736 -4.3472 2.75
      vertex 1.83138 -4.3442 2.75
    endloop
  endfacet
  facet normal 0 0 1
    outer loop
      vertex 1.8736 -4.3472 2.75
      vertex 1.8006 -4.46273 2.75
      vertex 1.87645 -4.51039 2.75
    endloop
  endfacet
  facet normal 0 0 1
    outer loop
      vertex 1.73727 -4.3994 2.75
      vertex 1.83138 -4.3442 2.75
      vertex 1.78956 -4.3367 2.75
    endloop
  endfacet
  facet normal 0 0 1
    outer loop
      vertex 1.73727 -4.3994 2.75
      vertex 1.78956 -4.3367 2.75
      vertex 1.74858 -4.32479 2.75
    endloop
  endfacet
  facet normal 0 0 1
    outer loop
      vertex 1.83138 -4.3442 2.75
      vertex 1.73727 -4.3994 2.75
      vertex 1.8006 -4.46273 2.75
    endloop
  endfacet
  facet normal -0 0 1
    outer loop
      vertex 1.68961 -4.32355 2.75
      vertex 1.74858 -4.32479 2.75
      vertex 1.70889 -4.30858 2.75
    endloop
  endfacet
  facet normal 0 0 1
    outer loop
      vertex 1.68961 -4.32355 2.75
      vertex 1.70889 -4.30858 2.75
      vertex 1.7002 -4.30393 2.75
    endloop
  endfacet
  facet normal 0 0 1
    outer loop
      vertex 1.74858 -4.32479 2.75
      vertex 1.68961 -4.32355 2.75
      vertex 1.73727 -4.3994 2.75
    endloop
  endfacet
  facet normal 0 -0 1
    outer loop
      vertex 1.68961 -4.32355 2.75
      vertex 1.7002 -4.30393 2.75
      vertex 1.67872 -4.29244 2.75
    endloop
  endfacet
  facet normal -0.993711 0.111978 0
    outer loop
      vertex 4.58997 -0.449008 2.75
      vertex 4.6 -0.36 3.75
      vertex 4.6 -0.36 2.75
    endloop
  endfacet
  facet normal -0.993711 0.111978 0
    outer loop
      vertex 4.6 -0.36 3.75
      vertex 4.58997 -0.449008 2.75
      vertex 4.58997 -0.449008 3.75
    endloop
  endfacet
  facet normal -0.993711 -0.111977 0
    outer loop
      vertex 4.6 -0.36 2.75
      vertex 4.58997 -0.270991 3.75
      vertex 4.58997 -0.270991 2.75
    endloop
  endfacet
  facet normal -0.993711 -0.111977 0
    outer loop
      vertex 4.58997 -0.270991 3.75
      vertex 4.6 -0.36 2.75
      vertex 4.6 -0.36 3.75
    endloop
  endfacet
  facet normal -0.943896 -0.330244 0
    outer loop
      vertex 4.58997 -0.270991 2.75
      vertex 4.56039 -0.186446 3.75
      vertex 4.56039 -0.186446 2.75
    endloop
  endfacet
  facet normal -0.943896 -0.330244 0
    outer loop
      vertex 4.56039 -0.186446 3.75
      vertex 4.58997 -0.270991 2.75
      vertex 4.58997 -0.270991 3.75
    endloop
  endfacet
  facet normal -0.846701 -0.53207 0
    outer loop
      vertex 4.56039 -0.186446 2.75
      vertex 4.51273 -0.110603 3.75
      vertex 4.51273 -0.110603 2.75
    endloop
  endfacet
  facet normal -0.846701 -0.53207 0
    outer loop
      vertex 4.51273 -0.110603 3.75
      vertex 4.56039 -0.186446 2.75
      vertex 4.56039 -0.186446 3.75
    endloop
  endfacet
  facet normal -0.70714 -0.707073 0
    outer loop
      vertex 4.51273 -0.110603 2.75
      vertex 4.4494 -0.047267 3.75
      vertex 4.4494 -0.047267 2.75
    endloop
  endfacet
  facet normal -0.70714 -0.707073 0
    outer loop
      vertex 4.4494 -0.047267 3.75
      vertex 4.51273 -0.110603 2.75
      vertex 4.51273 -0.110603 3.75
    endloop
  endfacet
  facet normal -0.531988 -0.846752 0
    outer loop
      vertex 4.37355 0.000387192 2.75
      vertex 4.4494 -0.047267 3.75
      vertex 4.37355 0.000387192 3.75
    endloop
  endfacet
  facet normal -0.531988 -0.846752 -0
    outer loop
      vertex 4.4494 -0.047267 3.75
      vertex 4.37355 0.000387192 2.75
      vertex 4.4494 -0.047267 2.75
    endloop
  endfacet
  facet normal -0.3303 -0.943876 0
    outer loop
      vertex 4.28901 0.0299711 2.75
      vertex 4.37355 0.000387192 3.75
      vertex 4.28901 0.0299711 3.75
    endloop
  endfacet
  facet normal -0.3303 -0.943876 -0
    outer loop
      vertex 4.37355 0.000387192 3.75
      vertex 4.28901 0.0299711 2.75
      vertex 4.37355 0.000387192 2.75
    endloop
  endfacet
  facet normal -0.111963 -0.993712 0
    outer loop
      vertex 4.2 0.04 2.75
      vertex 4.28901 0.0299711 3.75
      vertex 4.2 0.04 3.75
    endloop
  endfacet
  facet normal -0.111963 -0.993712 -0
    outer loop
      vertex 4.28901 0.0299711 3.75
      vertex 4.2 0.04 2.75
      vertex 4.28901 0.0299711 2.75
    endloop
  endfacet
  facet normal 0.111963 -0.993712 0
    outer loop
      vertex 4.11099 0.0299711 2.75
      vertex 4.2 0.04 3.75
      vertex 4.11099 0.0299711 3.75
    endloop
  endfacet
  facet normal 0.111963 -0.993712 0
    outer loop
      vertex 4.2 0.04 3.75
      vertex 4.11099 0.0299711 2.75
      vertex 4.2 0.04 2.75
    endloop
  endfacet
  facet normal 0.3303 -0.943876 0
    outer loop
      vertex 4.02645 0.000387192 2.75
      vertex 4.11099 0.0299711 3.75
      vertex 4.02645 0.000387192 3.75
    endloop
  endfacet
  facet normal 0.3303 -0.943876 0
    outer loop
      vertex 4.11099 0.0299711 3.75
      vertex 4.02645 0.000387192 2.75
      vertex 4.11099 0.0299711 2.75
    endloop
  endfacet
  facet normal 0.531988 -0.846752 0
    outer loop
      vertex 3.9506 -0.047267 2.75
      vertex 4.02645 0.000387192 3.75
      vertex 3.9506 -0.047267 3.75
    endloop
  endfacet
  facet normal 0.531988 -0.846752 0
    outer loop
      vertex 4.02645 0.000387192 3.75
      vertex 3.9506 -0.047267 2.75
      vertex 4.02645 0.000387192 2.75
    endloop
  endfacet
  facet normal 0.70714 -0.707073 0
    outer loop
      vertex 3.88727 -0.110603 3.75
      vertex 3.9506 -0.047267 2.75
      vertex 3.9506 -0.047267 3.75
    endloop
  endfacet
  facet normal 0.70714 -0.707073 0
    outer loop
      vertex 3.9506 -0.047267 2.75
      vertex 3.88727 -0.110603 3.75
      vertex 3.88727 -0.110603 2.75
    endloop
  endfacet
  facet normal 0.846701 -0.53207 0
    outer loop
      vertex 3.83961 -0.186446 3.75
      vertex 3.88727 -0.110603 2.75
      vertex 3.88727 -0.110603 3.75
    endloop
  endfacet
  facet normal 0.846701 -0.53207 0
    outer loop
      vertex 3.88727 -0.110603 2.75
      vertex 3.83961 -0.186446 3.75
      vertex 3.83961 -0.186446 2.75
    endloop
  endfacet
  facet normal 0.943896 -0.330244 0
    outer loop
      vertex 3.81003 -0.270991 3.75
      vertex 3.83961 -0.186446 2.75
      vertex 3.83961 -0.186446 3.75
    endloop
  endfacet
  facet normal 0.943896 -0.330244 0
    outer loop
      vertex 3.83961 -0.186446 2.75
      vertex 3.81003 -0.270991 3.75
      vertex 3.81003 -0.270991 2.75
    endloop
  endfacet
  facet normal 0.993711 -0.111977 0
    outer loop
      vertex 3.8 -0.36 3.75
      vertex 3.81003 -0.270991 2.75
      vertex 3.81003 -0.270991 3.75
    endloop
  endfacet
  facet normal 0.993711 -0.111977 0
    outer loop
      vertex 3.81003 -0.270991 2.75
      vertex 3.8 -0.36 3.75
      vertex 3.8 -0.36 2.75
    endloop
  endfacet
  facet normal 0.993711 0.111978 0
    outer loop
      vertex 3.81003 -0.449008 3.75
      vertex 3.8 -0.36 2.75
      vertex 3.8 -0.36 3.75
    endloop
  endfacet
  facet normal 0.993711 0.111978 0
    outer loop
      vertex 3.8 -0.36 2.75
      vertex 3.81003 -0.449008 3.75
      vertex 3.81003 -0.449008 2.75
    endloop
  endfacet
  facet normal 0.943896 0.330244 0
    outer loop
      vertex 3.83961 -0.533553 3.75
      vertex 3.81003 -0.449008 2.75
      vertex 3.81003 -0.449008 3.75
    endloop
  endfacet
  facet normal 0.943896 0.330244 0
    outer loop
      vertex 3.81003 -0.449008 2.75
      vertex 3.83961 -0.533553 3.75
      vertex 3.83961 -0.533553 2.75
    endloop
  endfacet
  facet normal 0.846697 0.532075 0
    outer loop
      vertex 3.88727 -0.609395 3.75
      vertex 3.83961 -0.533553 2.75
      vertex 3.83961 -0.533553 3.75
    endloop
  endfacet
  facet normal 0.846697 0.532075 0
    outer loop
      vertex 3.83961 -0.533553 2.75
      vertex 3.88727 -0.609395 3.75
      vertex 3.88727 -0.609395 2.75
    endloop
  endfacet
  facet normal 0.725396 0.688332 0
    outer loop
      vertex 3.88727 -0.609395 3.75
      vertex 3.8874 -0.609532 3.48919
      vertex 3.88727 -0.609395 2.75
    endloop
  endfacet
  facet normal 0.7059 0.708311 -2.02125e-05
    outer loop
      vertex 3.88727 -0.609395 3.75
      vertex 3.88764 -0.609769 3.56569
      vertex 3.8874 -0.609532 3.48919
    endloop
  endfacet
  facet normal 0.706981 0.707233 -1.58542e-05
    outer loop
      vertex 3.88727 -0.609395 3.75
      vertex 3.89114 -0.613266 3.64393
      vertex 3.88764 -0.609769 3.56569
    endloop
  endfacet
  facet normal 0.70828 0.705932 7.90153e-05
    outer loop
      vertex 3.88727 -0.609395 3.75
      vertex 3.89157 -0.613698 3.64902
      vertex 3.89114 -0.613266 3.64393
    endloop
  endfacet
  facet normal 0.707114 0.707099 -2.03705e-05
    outer loop
      vertex 3.88727 -0.609395 3.75
      vertex 3.89786 -0.619986 3.72306
      vertex 3.89157 -0.613698 3.64902
    endloop
  endfacet
  facet normal 0.707107 0.707107 -2.62475e-05
    outer loop
      vertex 3.89786 -0.619986 3.72306
      vertex 3.88727 -0.609395 3.75
      vertex 3.90122 -0.623345 3.75
    endloop
  endfacet
  facet normal 0.707188 0.707025 6.66676e-06
    outer loop
      vertex 3.89013 -0.612262 3.42249
      vertex 3.88727 -0.609395 2.75
      vertex 3.8874 -0.609532 3.48919
    endloop
  endfacet
  facet normal 0.702873 0.711315 4.33065e-05
    outer loop
      vertex 3.89043 -0.612558 3.41527
      vertex 3.88727 -0.609395 2.75
      vertex 3.89013 -0.612262 3.42249
    endloop
  endfacet
  facet normal 0.709278 0.704929 -1.7482e-05
    outer loop
      vertex 3.89105 -0.613182 3.40824
      vertex 3.88727 -0.609395 2.75
      vertex 3.89043 -0.612558 3.41527
    endloop
  endfacet
  facet normal 0.706734 0.707479 1.18031e-05
    outer loop
      vertex 3.89669 -0.618815 3.34475
      vertex 3.88727 -0.609395 2.75
      vertex 3.89105 -0.613182 3.40824
    endloop
  endfacet
  facet normal 0.707298 0.706915 -6.06006e-06
    outer loop
      vertex 3.905 -0.62713 3.28616
      vertex 3.88727 -0.609395 2.75
      vertex 3.89669 -0.618815 3.34475
    endloop
  endfacet
  facet normal 0.707646 0.706567 -2.90964e-05
    outer loop
      vertex 3.9061 -0.628232 3.27839
      vertex 3.88727 -0.609395 2.75
      vertex 3.905 -0.62713 3.28616
    endloop
  endfacet
  facet normal 0.70652 0.707693 5.11912e-05
    outer loop
      vertex 3.90759 -0.629719 3.27107
      vertex 3.88727 -0.609395 2.75
      vertex 3.9061 -0.628232 3.27839
    endloop
  endfacet
  facet normal 0.707118 0.707096 4.5533e-06
    outer loop
      vertex 3.91858 -0.640709 3.21693
      vertex 3.88727 -0.609395 2.75
      vertex 3.90759 -0.629719 3.27107
    endloop
  endfacet
  facet normal 0.70703 0.707183 1.62991e-05
    outer loop
      vertex 3.93193 -0.654055 3.16847
      vertex 3.88727 -0.609395 2.75
      vertex 3.91858 -0.640709 3.21693
    endloop
  endfacet
  facet normal 0.707355 0.706858 -5.305e-05
    outer loop
      vertex 3.93398 -0.656107 3.16103
      vertex 3.88727 -0.609395 2.75
      vertex 3.93193 -0.654055 3.16847
    endloop
  endfacet
  facet normal 0.707191 0.707022 -1.5808e-05
    outer loop
      vertex 3.9506 -0.672732 3.11548
      vertex 3.88727 -0.609395 2.75
      vertex 3.93398 -0.656107 3.16103
    endloop
  endfacet
  facet normal 0.707146 0.707068 0
    outer loop
      vertex 3.88727 -0.609395 2.75
      vertex 3.9506 -0.672732 3.11548
      vertex 3.9506 -0.672732 2.75
    endloop
  endfacet
  facet normal 0.531994 0.846748 0
    outer loop
      vertex 3.9506 -0.672732 2.75
      vertex 4.02645 -0.720387 3.05128
      vertex 4.02645 -0.720387 2.75
    endloop
  endfacet
  facet normal 0.532024 0.846729 -1.05761e-05
    outer loop
      vertex 4.02645 -0.720387 3.05128
      vertex 3.9506 -0.672732 2.75
      vertex 4.01078 -0.710541 3.05791
    endloop
  endfacet
  facet normal 0.531807 0.846866 4.87255e-05
    outer loop
      vertex 4.01078 -0.710541 3.05791
      vertex 3.9506 -0.672732 2.75
      vertex 4.00634 -0.707753 3.06122
    endloop
  endfacet
  facet normal 0.532049 0.846713 -1.18199e-05
    outer loop
      vertex 4.00634 -0.707753 3.06122
      vertex 3.9506 -0.672732 2.75
      vertex 3.98016 -0.691302 3.08078
    endloop
  endfacet
  facet normal 0.531948 0.846777 7.44649e-07
    outer loop
      vertex 3.98016 -0.691302 3.08078
      vertex 3.9506 -0.672732 2.75
      vertex 3.95651 -0.676445 3.10773
    endloop
  endfacet
  facet normal 0.53219 0.846625 -4.8193e-06
    outer loop
      vertex 3.95651 -0.676445 3.10773
      vertex 3.9506 -0.672732 2.75
      vertex 3.95263 -0.674006 3.11216
    endloop
  endfacet
  facet normal 0.531573 0.847012 0
    outer loop
      vertex 3.95263 -0.674006 3.11216
      vertex 3.9506 -0.672732 2.75
      vertex 3.9506 -0.672732 3.11548
    endloop
  endfacet
  facet normal 0.330257 0.943891 -0
    outer loop
      vertex 4.11099 -0.74997 2.75
      vertex 4.09744 -0.745229 3.06843
      vertex 4.11099 -0.74997 3.07514
    endloop
  endfacet
  facet normal 0.330258 0.943891 8.61922e-09
    outer loop
      vertex 4.11099 -0.74997 2.75
      vertex 4.05671 -0.730978 3.05577
      vertex 4.09744 -0.745229 3.06843
    endloop
  endfacet
  facet normal 0.330228 0.943901 -5.93781e-06
    outer loop
      vertex 4.11099 -0.74997 2.75
      vertex 4.04995 -0.728613 3.05367
      vertex 4.05671 -0.730978 3.05577
    endloop
  endfacet
  facet normal 0.330291 0.943879 8.29232e-06
    outer loop
      vertex 4.02645 -0.720387 2.75
      vertex 4.04995 -0.728613 3.05367
      vertex 4.11099 -0.74997 2.75
    endloop
  endfacet
  facet normal 0.330617 0.943765 -2.00174e-05
    outer loop
      vertex 4.04995 -0.728613 3.05367
      vertex 4.02645 -0.720387 2.75
      vertex 4.04359 -0.726385 3.05302
    endloop
  endfacet
  facet normal 0.330301 0.943876 0
    outer loop
      vertex 4.04359 -0.726385 3.05302
      vertex 4.02645 -0.720387 2.75
      vertex 4.02645 -0.720387 3.05128
    endloop
  endfacet
  facet normal 0.11196 0.993713 1.5316e-06
    outer loop
      vertex 4.2 -0.759999 2.75
      vertex 4.15291 -0.754694 3.11006
      vertex 4.16175 -0.75569 3.11742
    endloop
  endfacet
  facet normal 0.111945 0.993714 -0
    outer loop
      vertex 4.2 -0.759999 2.75
      vertex 4.16175 -0.75569 3.11742
      vertex 4.2 -0.759999 3.1539
    endloop
  endfacet
  facet normal 0.111979 0.993711 4.01091e-06
    outer loop
      vertex 4.15291 -0.754694 3.11006
      vertex 4.2 -0.759999 2.75
      vertex 4.11099 -0.74997 3.07514
    endloop
  endfacet
  facet normal 0.111964 0.993712 0
    outer loop
      vertex 4.11099 -0.74997 3.07514
      vertex 4.2 -0.759999 2.75
      vertex 4.11099 -0.74997 2.75
    endloop
  endfacet
  facet normal -0.111974 0.993711 0
    outer loop
      vertex 4.28901 -0.74997 2.75
      vertex 4.25416 -0.753897 3.22051
      vertex 4.28901 -0.74997 3.26585
    endloop
  endfacet
  facet normal -0.111959 0.993713 1.17131e-06
    outer loop
      vertex 4.28901 -0.74997 2.75
      vertex 4.24208 -0.755258 3.20565
      vertex 4.25416 -0.753897 3.22051
    endloop
  endfacet
  facet normal -0.111959 0.993713 1.09986e-06
    outer loop
      vertex 4.28901 -0.74997 2.75
      vertex 4.2 -0.759999 3.1539
      vertex 4.24208 -0.755258 3.20565
    endloop
  endfacet
  facet normal -0.111964 0.993712 0
    outer loop
      vertex 4.2 -0.759999 3.1539
      vertex 4.28901 -0.74997 2.75
      vertex 4.2 -0.759999 2.75
    endloop
  endfacet
  facet normal -0.330291 0.943879 0
    outer loop
      vertex 4.37355 -0.720387 2.75
      vertex 4.28901 -0.74997 3.26585
      vertex 4.37355 -0.720387 3.39675
    endloop
  endfacet
  facet normal -0.330291 0.943879 0
    outer loop
      vertex 4.28901 -0.74997 3.26585
      vertex 4.37355 -0.720387 2.75
      vertex 4.28901 -0.74997 2.75
    endloop
  endfacet
  facet normal -0.531994 0.846748 0
    outer loop
      vertex 4.4494 -0.672732 2.75
      vertex 4.37355 -0.720387 3.39675
      vertex 4.4494 -0.672732 3.53616
    endloop
  endfacet
  facet normal -0.531994 0.846748 0
    outer loop
      vertex 4.37355 -0.720387 3.39675
      vertex 4.4494 -0.672732 2.75
      vertex 4.37355 -0.720387 2.75
    endloop
  endfacet
  facet normal -0.707119 0.707094 0
    outer loop
      vertex 4.51273 -0.609395 2.75
      vertex 4.48403 -0.638096 3.6134
      vertex 4.51273 -0.609395 3.6799
    endloop
  endfacet
  facet normal -0.706728 0.707485 2.60035e-05
    outer loop
      vertex 4.51273 -0.609395 2.75
      vertex 4.4823 -0.639824 3.60939
      vertex 4.48403 -0.638096 3.6134
    endloop
  endfacet
  facet normal -0.707146 0.707068 0
    outer loop
      vertex 4.4494 -0.672732 3.53616
      vertex 4.51273 -0.609395 2.75
      vertex 4.4494 -0.672732 2.75
    endloop
  endfacet
  facet normal -0.707186 0.707028 -6.40542e-06
    outer loop
      vertex 4.51273 -0.609395 2.75
      vertex 4.4494 -0.672732 3.53616
      vertex 4.4823 -0.639824 3.60939
    endloop
  endfacet
  facet normal -0.706869 0.707345 0
    outer loop
      vertex 4.50976 -0.612363 3.72303
      vertex 4.51273 -0.609395 3.75
      vertex 4.51273 -0.609395 3.72042
    endloop
  endfacet
  facet normal -0.707149 0.707065 6.17001e-05
    outer loop
      vertex 4.51273 -0.609395 3.75
      vertex 4.50976 -0.612363 3.72303
      vertex 4.47912 -0.643009 3.75
    endloop
  endfacet
  facet normal -0.846697 0.532075 0
    outer loop
      vertex 4.51273 -0.609395 3.6799
      vertex 4.56039 -0.533553 3.75
      vertex 4.56039 -0.533553 2.75
    endloop
  endfacet
  facet normal -0.846697 0.532075 0
    outer loop
      vertex 4.51273 -0.609395 3.6799
      vertex 4.56039 -0.533553 2.75
      vertex 4.51273 -0.609395 2.75
    endloop
  endfacet
  facet normal -0.84684 0.531848 0.000342387
    outer loop
      vertex 4.56039 -0.533553 3.75
      vertex 4.51273 -0.609395 3.6799
      vertex 4.52263 -0.593651 3.71
    endloop
  endfacet
  facet normal -0.845801 0.533497 0.000648739
    outer loop
      vertex 4.51273 -0.609395 3.75
      vertex 4.52263 -0.593651 3.71
      vertex 4.52203 -0.594603 3.71063
    endloop
  endfacet
  facet normal -0.845728 0.533614 0.000709655
    outer loop
      vertex 4.51273 -0.609395 3.75
      vertex 4.52203 -0.594603 3.71063
      vertex 4.52057 -0.596919 3.71216
    endloop
  endfacet
  facet normal -0.846795 0.531919 -7.01179e-05
    outer loop
      vertex 4.51273 -0.609395 3.75
      vertex 4.52057 -0.596919 3.71216
      vertex 4.51739 -0.601981 3.71551
    endloop
  endfacet
  facet normal -0.846648 0.532153 0
    outer loop
      vertex 4.51273 -0.609395 3.75
      vertex 4.51739 -0.601981 3.71551
      vertex 4.51273 -0.609395 3.72042
    endloop
  endfacet
  facet normal -0.846697 0.532075 -0.000133063
    outer loop
      vertex 4.52263 -0.593651 3.71
      vertex 4.51273 -0.609395 3.75
      vertex 4.56039 -0.533553 3.75
    endloop
  endfacet
  facet normal -0.943896 0.330244 0
    outer loop
      vertex 4.56039 -0.533553 2.75
      vertex 4.58997 -0.449008 3.75
      vertex 4.58997 -0.449008 2.75
    endloop
  endfacet
  facet normal -0.943896 0.330244 0
    outer loop
      vertex 4.58997 -0.449008 3.75
      vertex 4.56039 -0.533553 2.75
      vertex 4.56039 -0.533553 3.75
    endloop
  endfacet
  facet normal 0 0 1
    outer loop
      vertex 4.58997 -0.270991 2.75
      vertex 4.58997 -0.449008 2.75
      vertex 4.6 -0.36 2.75
    endloop
  endfacet
  facet normal 0 0 1
    outer loop
      vertex 4.56039 -0.186446 2.75
      vertex 4.58997 -0.449008 2.75
      vertex 4.58997 -0.270991 2.75
    endloop
  endfacet
  facet normal 0 0 1
    outer loop
      vertex 4.56039 -0.186446 2.75
      vertex 4.56039 -0.533553 2.75
      vertex 4.58997 -0.449008 2.75
    endloop
  endfacet
  facet normal 0 0 1
    outer loop
      vertex 4.51273 -0.110603 2.75
      vertex 4.56039 -0.533553 2.75
      vertex 4.56039 -0.186446 2.75
    endloop
  endfacet
  facet normal 0 0 1
    outer loop
      vertex 4.51273 -0.110603 2.75
      vertex 4.51273 -0.609395 2.75
      vertex 4.56039 -0.533553 2.75
    endloop
  endfacet
  facet normal 0 0 1
    outer loop
      vertex 4.4494 -0.047267 2.75
      vertex 4.51273 -0.609395 2.75
      vertex 4.51273 -0.110603 2.75
    endloop
  endfacet
  facet normal 0 0 1
    outer loop
      vertex 4.4494 -0.047267 2.75
      vertex 4.4494 -0.672732 2.75
      vertex 4.51273 -0.609395 2.75
    endloop
  endfacet
  facet normal 0 0 1
    outer loop
      vertex 4.37355 0.000387192 2.75
      vertex 4.4494 -0.672732 2.75
      vertex 4.4494 -0.047267 2.75
    endloop
  endfacet
  facet normal 0 0 1
    outer loop
      vertex 4.37355 0.000387192 2.75
      vertex 4.37355 -0.720387 2.75
      vertex 4.4494 -0.672732 2.75
    endloop
  endfacet
  facet normal 0 0 1
    outer loop
      vertex 4.28901 0.0299711 2.75
      vertex 4.37355 -0.720387 2.75
      vertex 4.37355 0.000387192 2.75
    endloop
  endfacet
  facet normal 0 0 1
    outer loop
      vertex 4.28901 0.0299711 2.75
      vertex 4.28901 -0.74997 2.75
      vertex 4.37355 -0.720387 2.75
    endloop
  endfacet
  facet normal 0 0 1
    outer loop
      vertex 4.2 0.04 2.75
      vertex 4.28901 -0.74997 2.75
      vertex 4.28901 0.0299711 2.75
    endloop
  endfacet
  facet normal 0 0 1
    outer loop
      vertex 4.2 0.04 2.75
      vertex 4.2 -0.759999 2.75
      vertex 4.28901 -0.74997 2.75
    endloop
  endfacet
  facet normal -0 0 1
    outer loop
      vertex 4.11099 0.0299711 2.75
      vertex 4.2 -0.759999 2.75
      vertex 4.2 0.04 2.75
    endloop
  endfacet
  facet normal 0 0 1
    outer loop
      vertex 4.11099 0.0299711 2.75
      vertex 4.11099 -0.74997 2.75
      vertex 4.2 -0.759999 2.75
    endloop
  endfacet
  facet normal -0 0 1
    outer loop
      vertex 4.02645 0.000387192 2.75
      vertex 4.11099 -0.74997 2.75
      vertex 4.11099 0.0299711 2.75
    endloop
  endfacet
  facet normal 0 0 1
    outer loop
      vertex 4.02645 0.000387192 2.75
      vertex 4.02645 -0.720387 2.75
      vertex 4.11099 -0.74997 2.75
    endloop
  endfacet
  facet normal -0 0 1
    outer loop
      vertex 3.9506 -0.047267 2.75
      vertex 4.02645 -0.720387 2.75
      vertex 4.02645 0.000387192 2.75
    endloop
  endfacet
  facet normal 0 0 1
    outer loop
      vertex 3.9506 -0.047267 2.75
      vertex 3.9506 -0.672732 2.75
      vertex 4.02645 -0.720387 2.75
    endloop
  endfacet
  facet normal -0 0 1
    outer loop
      vertex 3.88727 -0.110603 2.75
      vertex 3.9506 -0.672732 2.75
      vertex 3.9506 -0.047267 2.75
    endloop
  endfacet
  facet normal 0 0 1
    outer loop
      vertex 3.88727 -0.110603 2.75
      vertex 3.88727 -0.609395 2.75
      vertex 3.9506 -0.672732 2.75
    endloop
  endfacet
  facet normal -0 0 1
    outer loop
      vertex 3.83961 -0.186446 2.75
      vertex 3.88727 -0.609395 2.75
      vertex 3.88727 -0.110603 2.75
    endloop
  endfacet
  facet normal 0 0 1
    outer loop
      vertex 3.83961 -0.186446 2.75
      vertex 3.83961 -0.533553 2.75
      vertex 3.88727 -0.609395 2.75
    endloop
  endfacet
  facet normal -0 0 1
    outer loop
      vertex 3.81003 -0.270991 2.75
      vertex 3.83961 -0.533553 2.75
      vertex 3.83961 -0.186446 2.75
    endloop
  endfacet
  facet normal 0 0 1
    outer loop
      vertex 3.81003 -0.270991 2.75
      vertex 3.81003 -0.449008 2.75
      vertex 3.83961 -0.533553 2.75
    endloop
  endfacet
  facet normal 0 -0 1
    outer loop
      vertex 3.81003 -0.449008 2.75
      vertex 3.81003 -0.270991 2.75
      vertex 3.8 -0.36 2.75
    endloop
  endfacet
  facet normal -0.993711 0.111975 0
    outer loop
      vertex 4.58997 -2.70901 2.75
      vertex 4.6 -2.62 3.75
      vertex 4.6 -2.62 2.75
    endloop
  endfacet
  facet normal -0.993711 0.111975 0
    outer loop
      vertex 4.6 -2.62 3.75
      vertex 4.58997 -2.70901 2.75
      vertex 4.58997 -2.70901 3.75
    endloop
  endfacet
  facet normal -0.993711 -0.111975 0
    outer loop
      vertex 4.6 -2.62 2.75
      vertex 4.58997 -2.53099 3.75
      vertex 4.58997 -2.53099 2.75
    endloop
  endfacet
  facet normal -0.993711 -0.111975 0
    outer loop
      vertex 4.58997 -2.53099 3.75
      vertex 4.6 -2.62 2.75
      vertex 4.6 -2.62 3.75
    endloop
  endfacet
  facet normal -0.94389 -0.330261 0
    outer loop
      vertex 4.58997 -2.53099 2.75
      vertex 4.56039 -2.44645 3.75
      vertex 4.56039 -2.44645 2.75
    endloop
  endfacet
  facet normal -0.94389 -0.330261 0
    outer loop
      vertex 4.56039 -2.44645 3.75
      vertex 4.58997 -2.53099 2.75
      vertex 4.58997 -2.53099 3.75
    endloop
  endfacet
  facet normal -0.846723 -0.532034 0
    outer loop
      vertex 4.56039 -2.44645 2.75
      vertex 4.51273 -2.3706 3.75
      vertex 4.51273 -2.3706 2.75
    endloop
  endfacet
  facet normal -0.846723 -0.532034 0
    outer loop
      vertex 4.51273 -2.3706 3.75
      vertex 4.56039 -2.44645 2.75
      vertex 4.56039 -2.44645 3.75
    endloop
  endfacet
  facet normal -0.707107 -0.707107 0
    outer loop
      vertex 4.51273 -2.3706 2.75
      vertex 4.4494 -2.30727 3.75
      vertex 4.4494 -2.30727 2.75
    endloop
  endfacet
  facet normal -0.707107 -0.707107 0
    outer loop
      vertex 4.4494 -2.30727 3.75
      vertex 4.51273 -2.3706 2.75
      vertex 4.51273 -2.3706 3.75
    endloop
  endfacet
  facet normal -0.532034 -0.846723 0
    outer loop
      vertex 4.37355 -2.25961 2.75
      vertex 4.4494 -2.30727 3.75
      vertex 4.37355 -2.25961 3.75
    endloop
  endfacet
  facet normal -0.532034 -0.846723 -0
    outer loop
      vertex 4.4494 -2.30727 3.75
      vertex 4.37355 -2.25961 2.75
      vertex 4.4494 -2.30727 2.75
    endloop
  endfacet
  facet normal -0.330261 -0.94389 0
    outer loop
      vertex 4.28901 -2.23003 2.75
      vertex 4.37355 -2.25961 3.75
      vertex 4.28901 -2.23003 3.75
    endloop
  endfacet
  facet normal -0.330261 -0.94389 -0
    outer loop
      vertex 4.37355 -2.25961 3.75
      vertex 4.28901 -2.23003 2.75
      vertex 4.37355 -2.25961 2.75
    endloop
  endfacet
  facet normal -0.111975 -0.993711 0
    outer loop
      vertex 4.2 -2.22 2.75
      vertex 4.28901 -2.23003 3.75
      vertex 4.2 -2.22 3.75
    endloop
  endfacet
  facet normal -0.111975 -0.993711 -0
    outer loop
      vertex 4.28901 -2.23003 3.75
      vertex 4.2 -2.22 2.75
      vertex 4.28901 -2.23003 2.75
    endloop
  endfacet
  facet normal 0.111975 -0.993711 0
    outer loop
      vertex 4.11099 -2.23003 2.75
      vertex 4.2 -2.22 3.75
      vertex 4.11099 -2.23003 3.75
    endloop
  endfacet
  facet normal 0.111975 -0.993711 0
    outer loop
      vertex 4.2 -2.22 3.75
      vertex 4.11099 -2.23003 2.75
      vertex 4.2 -2.22 2.75
    endloop
  endfacet
  facet normal 0.330261 -0.94389 0
    outer loop
      vertex 4.02645 -2.25961 2.75
      vertex 4.11099 -2.23003 3.75
      vertex 4.02645 -2.25961 3.75
    endloop
  endfacet
  facet normal 0.330261 -0.94389 0
    outer loop
      vertex 4.11099 -2.23003 3.75
      vertex 4.02645 -2.25961 2.75
      vertex 4.11099 -2.23003 2.75
    endloop
  endfacet
  facet normal 0.532034 -0.846723 0
    outer loop
      vertex 3.9506 -2.30727 2.75
      vertex 4.02645 -2.25961 3.75
      vertex 3.9506 -2.30727 3.75
    endloop
  endfacet
  facet normal 0.532034 -0.846723 0
    outer loop
      vertex 4.02645 -2.25961 3.75
      vertex 3.9506 -2.30727 2.75
      vertex 4.02645 -2.25961 2.75
    endloop
  endfacet
  facet normal 0.707107 -0.707107 0
    outer loop
      vertex 3.88727 -2.3706 3.75
      vertex 3.9506 -2.30727 2.75
      vertex 3.9506 -2.30727 3.75
    endloop
  endfacet
  facet normal 0.707107 -0.707107 0
    outer loop
      vertex 3.9506 -2.30727 2.75
      vertex 3.88727 -2.3706 3.75
      vertex 3.88727 -2.3706 2.75
    endloop
  endfacet
  facet normal 0.846723 -0.532034 0
    outer loop
      vertex 3.83961 -2.44645 3.75
      vertex 3.88727 -2.3706 2.75
      vertex 3.88727 -2.3706 3.75
    endloop
  endfacet
  facet normal 0.846723 -0.532034 0
    outer loop
      vertex 3.88727 -2.3706 2.75
      vertex 3.83961 -2.44645 3.75
      vertex 3.83961 -2.44645 2.75
    endloop
  endfacet
  facet normal 0.94389 -0.330261 0
    outer loop
      vertex 3.81003 -2.53099 3.75
      vertex 3.83961 -2.44645 2.75
      vertex 3.83961 -2.44645 3.75
    endloop
  endfacet
  facet normal 0.94389 -0.330261 0
    outer loop
      vertex 3.83961 -2.44645 2.75
      vertex 3.81003 -2.53099 3.75
      vertex 3.81003 -2.53099 2.75
    endloop
  endfacet
  facet normal 0.993711 -0.111975 0
    outer loop
      vertex 3.8 -2.62 3.75
      vertex 3.81003 -2.53099 2.75
      vertex 3.81003 -2.53099 3.75
    endloop
  endfacet
  facet normal 0.993711 -0.111975 0
    outer loop
      vertex 3.81003 -2.53099 2.75
      vertex 3.8 -2.62 3.75
      vertex 3.8 -2.62 2.75
    endloop
  endfacet
  facet normal 0.993711 0.111975 0
    outer loop
      vertex 3.81003 -2.70901 3.75
      vertex 3.8 -2.62 2.75
      vertex 3.8 -2.62 3.75
    endloop
  endfacet
  facet normal 0.993711 0.111975 0
    outer loop
      vertex 3.8 -2.62 2.75
      vertex 3.81003 -2.70901 3.75
      vertex 3.81003 -2.70901 2.75
    endloop
  endfacet
  facet normal 0.94389 0.330261 0
    outer loop
      vertex 3.83961 -2.79355 3.75
      vertex 3.81003 -2.70901 2.75
      vertex 3.81003 -2.70901 3.75
    endloop
  endfacet
  facet normal 0.94389 0.330261 0
    outer loop
      vertex 3.81003 -2.70901 2.75
      vertex 3.83961 -2.79355 3.75
      vertex 3.83961 -2.79355 2.75
    endloop
  endfacet
  facet normal 0.846723 0.532034 0
    outer loop
      vertex 3.88727 -2.8694 3.75
      vertex 3.83961 -2.79355 2.75
      vertex 3.83961 -2.79355 3.75
    endloop
  endfacet
  facet normal 0.846723 0.532034 0
    outer loop
      vertex 3.83961 -2.79355 2.75
      vertex 3.88727 -2.8694 3.75
      vertex 3.88727 -2.8694 2.75
    endloop
  endfacet
  facet normal 0.707107 0.707107 0
    outer loop
      vertex 3.9506 -2.93273 3.75
      vertex 3.88727 -2.8694 2.75
      vertex 3.88727 -2.8694 3.75
    endloop
  endfacet
  facet normal 0.707107 0.707107 0
    outer loop
      vertex 3.88727 -2.8694 2.75
      vertex 3.9506 -2.93273 3.75
      vertex 3.9506 -2.93273 2.75
    endloop
  endfacet
  facet normal 0.532034 0.846723 -0
    outer loop
      vertex 4.02645 -2.98039 2.75
      vertex 3.9506 -2.93273 3.75
      vertex 4.02645 -2.98039 3.75
    endloop
  endfacet
  facet normal 0.532034 0.846723 0
    outer loop
      vertex 3.9506 -2.93273 3.75
      vertex 4.02645 -2.98039 2.75
      vertex 3.9506 -2.93273 2.75
    endloop
  endfacet
  facet normal 0.330261 0.94389 -0
    outer loop
      vertex 4.11099 -3.00997 2.75
      vertex 4.02645 -2.98039 3.75
      vertex 4.11099 -3.00997 3.75
    endloop
  endfacet
  facet normal 0.330261 0.94389 0
    outer loop
      vertex 4.02645 -2.98039 3.75
      vertex 4.11099 -3.00997 2.75
      vertex 4.02645 -2.98039 2.75
    endloop
  endfacet
  facet normal 0.111975 0.993711 -0
    outer loop
      vertex 4.2 -3.02 2.75
      vertex 4.11099 -3.00997 3.75
      vertex 4.2 -3.02 3.75
    endloop
  endfacet
  facet normal 0.111975 0.993711 0
    outer loop
      vertex 4.11099 -3.00997 3.75
      vertex 4.2 -3.02 2.75
      vertex 4.11099 -3.00997 2.75
    endloop
  endfacet
  facet normal -0.111975 0.993711 0
    outer loop
      vertex 4.28901 -3.00997 2.75
      vertex 4.2 -3.02 3.75
      vertex 4.28901 -3.00997 3.75
    endloop
  endfacet
  facet normal -0.111975 0.993711 0
    outer loop
      vertex 4.2 -3.02 3.75
      vertex 4.28901 -3.00997 2.75
      vertex 4.2 -3.02 2.75
    endloop
  endfacet
  facet normal -0.330261 0.94389 0
    outer loop
      vertex 4.37355 -2.98039 2.75
      vertex 4.28901 -3.00997 3.75
      vertex 4.37355 -2.98039 3.75
    endloop
  endfacet
  facet normal -0.330261 0.94389 0
    outer loop
      vertex 4.28901 -3.00997 3.75
      vertex 4.37355 -2.98039 2.75
      vertex 4.28901 -3.00997 2.75
    endloop
  endfacet
  facet normal -0.532034 0.846723 0
    outer loop
      vertex 4.4494 -2.93273 2.75
      vertex 4.37355 -2.98039 3.75
      vertex 4.4494 -2.93273 3.75
    endloop
  endfacet
  facet normal -0.532034 0.846723 0
    outer loop
      vertex 4.37355 -2.98039 3.75
      vertex 4.4494 -2.93273 2.75
      vertex 4.37355 -2.98039 2.75
    endloop
  endfacet
  facet normal -0.707107 0.707107 0
    outer loop
      vertex 4.4494 -2.93273 2.75
      vertex 4.51273 -2.8694 3.75
      vertex 4.51273 -2.8694 2.75
    endloop
  endfacet
  facet normal -0.707107 0.707107 0
    outer loop
      vertex 4.51273 -2.8694 3.75
      vertex 4.4494 -2.93273 2.75
      vertex 4.4494 -2.93273 3.75
    endloop
  endfacet
  facet normal -0.846723 0.532034 0
    outer loop
      vertex 4.51273 -2.8694 2.75
      vertex 4.56039 -2.79355 3.75
      vertex 4.56039 -2.79355 2.75
    endloop
  endfacet
  facet normal -0.846723 0.532034 0
    outer loop
      vertex 4.56039 -2.79355 3.75
      vertex 4.51273 -2.8694 2.75
      vertex 4.51273 -2.8694 3.75
    endloop
  endfacet
  facet normal -0.94389 0.330261 0
    outer loop
      vertex 4.56039 -2.79355 2.75
      vertex 4.58997 -2.70901 3.75
      vertex 4.58997 -2.70901 2.75
    endloop
  endfacet
  facet normal -0.94389 0.330261 0
    outer loop
      vertex 4.58997 -2.70901 3.75
      vertex 4.56039 -2.79355 2.75
      vertex 4.56039 -2.79355 3.75
    endloop
  endfacet
  facet normal 0 0 1
    outer loop
      vertex 4.58997 -2.53099 2.75
      vertex 4.58997 -2.70901 2.75
      vertex 4.6 -2.62 2.75
    endloop
  endfacet
  facet normal 0 0 1
    outer loop
      vertex 4.56039 -2.44645 2.75
      vertex 4.58997 -2.70901 2.75
      vertex 4.58997 -2.53099 2.75
    endloop
  endfacet
  facet normal 0 0 1
    outer loop
      vertex 4.56039 -2.44645 2.75
      vertex 4.56039 -2.79355 2.75
      vertex 4.58997 -2.70901 2.75
    endloop
  endfacet
  facet normal 0 0 1
    outer loop
      vertex 4.51273 -2.3706 2.75
      vertex 4.56039 -2.79355 2.75
      vertex 4.56039 -2.44645 2.75
    endloop
  endfacet
  facet normal 0 0 1
    outer loop
      vertex 4.51273 -2.3706 2.75
      vertex 4.51273 -2.8694 2.75
      vertex 4.56039 -2.79355 2.75
    endloop
  endfacet
  facet normal 0 0 1
    outer loop
      vertex 4.4494 -2.30727 2.75
      vertex 4.51273 -2.8694 2.75
      vertex 4.51273 -2.3706 2.75
    endloop
  endfacet
  facet normal 0 0 1
    outer loop
      vertex 4.4494 -2.30727 2.75
      vertex 4.4494 -2.93273 2.75
      vertex 4.51273 -2.8694 2.75
    endloop
  endfacet
  facet normal 0 0 1
    outer loop
      vertex 4.37355 -2.25961 2.75
      vertex 4.4494 -2.93273 2.75
      vertex 4.4494 -2.30727 2.75
    endloop
  endfacet
  facet normal 0 0 1
    outer loop
      vertex 4.37355 -2.25961 2.75
      vertex 4.37355 -2.98039 2.75
      vertex 4.4494 -2.93273 2.75
    endloop
  endfacet
  facet normal 0 0 1
    outer loop
      vertex 4.28901 -2.23003 2.75
      vertex 4.37355 -2.98039 2.75
      vertex 4.37355 -2.25961 2.75
    endloop
  endfacet
  facet normal 0 0 1
    outer loop
      vertex 4.28901 -2.23003 2.75
      vertex 4.28901 -3.00997 2.75
      vertex 4.37355 -2.98039 2.75
    endloop
  endfacet
  facet normal 0 0 1
    outer loop
      vertex 4.2 -2.22 2.75
      vertex 4.28901 -3.00997 2.75
      vertex 4.28901 -2.23003 2.75
    endloop
  endfacet
  facet normal 0 0 1
    outer loop
      vertex 4.2 -2.22 2.75
      vertex 4.2 -3.02 2.75
      vertex 4.28901 -3.00997 2.75
    endloop
  endfacet
  facet normal -0 0 1
    outer loop
      vertex 4.11099 -2.23003 2.75
      vertex 4.2 -3.02 2.75
      vertex 4.2 -2.22 2.75
    endloop
  endfacet
  facet normal 0 0 1
    outer loop
      vertex 4.11099 -2.23003 2.75
      vertex 4.11099 -3.00997 2.75
      vertex 4.2 -3.02 2.75
    endloop
  endfacet
  facet normal -0 0 1
    outer loop
      vertex 4.02645 -2.25961 2.75
      vertex 4.11099 -3.00997 2.75
      vertex 4.11099 -2.23003 2.75
    endloop
  endfacet
  facet normal 0 0 1
    outer loop
      vertex 4.02645 -2.25961 2.75
      vertex 4.02645 -2.98039 2.75
      vertex 4.11099 -3.00997 2.75
    endloop
  endfacet
  facet normal -0 0 1
    outer loop
      vertex 3.9506 -2.30727 2.75
      vertex 4.02645 -2.98039 2.75
      vertex 4.02645 -2.25961 2.75
    endloop
  endfacet
  facet normal 0 0 1
    outer loop
      vertex 3.9506 -2.30727 2.75
      vertex 3.9506 -2.93273 2.75
      vertex 4.02645 -2.98039 2.75
    endloop
  endfacet
  facet normal -0 0 1
    outer loop
      vertex 3.88727 -2.3706 2.75
      vertex 3.9506 -2.93273 2.75
      vertex 3.9506 -2.30727 2.75
    endloop
  endfacet
  facet normal 0 0 1
    outer loop
      vertex 3.88727 -2.3706 2.75
      vertex 3.88727 -2.8694 2.75
      vertex 3.9506 -2.93273 2.75
    endloop
  endfacet
  facet normal -0 0 1
    outer loop
      vertex 3.83961 -2.44645 2.75
      vertex 3.88727 -2.8694 2.75
      vertex 3.88727 -2.3706 2.75
    endloop
  endfacet
  facet normal 0 0 1
    outer loop
      vertex 3.83961 -2.44645 2.75
      vertex 3.83961 -2.79355 2.75
      vertex 3.88727 -2.8694 2.75
    endloop
  endfacet
  facet normal -0 0 1
    outer loop
      vertex 3.81003 -2.53099 2.75
      vertex 3.83961 -2.79355 2.75
      vertex 3.83961 -2.44645 2.75
    endloop
  endfacet
  facet normal 0 0 1
    outer loop
      vertex 3.81003 -2.53099 2.75
      vertex 3.81003 -2.70901 2.75
      vertex 3.83961 -2.79355 2.75
    endloop
  endfacet
  facet normal 0 -0 1
    outer loop
      vertex 3.81003 -2.70901 2.75
      vertex 3.81003 -2.53099 2.75
      vertex 3.8 -2.62 2.75
    endloop
  endfacet
  facet normal -0.993712 0.111964 0
    outer loop
      vertex 0.179971 -4.23901 2.75
      vertex 0.19 -4.15 3.75
      vertex 0.19 -4.15 2.75
    endloop
  endfacet
  facet normal -0.993712 0.111964 0
    outer loop
      vertex 0.19 -4.15 3.75
      vertex 0.179971 -4.23901 2.75
      vertex 0.179971 -4.23901 3.75
    endloop
  endfacet
  facet normal -0.993712 -0.111964 0
    outer loop
      vertex 0.19 -4.15 2.75
      vertex 0.179971 -4.06099 3.75
      vertex 0.179971 -4.06099 2.75
    endloop
  endfacet
  facet normal -0.993712 -0.111964 0
    outer loop
      vertex 0.179971 -4.06099 3.75
      vertex 0.19 -4.15 2.75
      vertex 0.19 -4.15 3.75
    endloop
  endfacet
  facet normal -0.943876 -0.330301 0
    outer loop
      vertex 0.179971 -4.06099 2.75
      vertex 0.150387 -3.97645 3.75
      vertex 0.150387 -3.97645 2.75
    endloop
  endfacet
  facet normal -0.943876 -0.330301 0
    outer loop
      vertex 0.150387 -3.97645 3.75
      vertex 0.179971 -4.06099 2.75
      vertex 0.179971 -4.06099 3.75
    endloop
  endfacet
  facet normal -0.846748 -0.531994 0
    outer loop
      vertex 0.150387 -3.97645 2.75
      vertex 0.102732 -3.9006 3.75
      vertex 0.102732 -3.9006 2.75
    endloop
  endfacet
  facet normal -0.846748 -0.531994 0
    outer loop
      vertex 0.102732 -3.9006 3.75
      vertex 0.150387 -3.97645 2.75
      vertex 0.150387 -3.97645 3.75
    endloop
  endfacet
  facet normal -0.707069 -0.707144 0
    outer loop
      vertex 0.102732 -3.9006 2.75
      vertex 0.0393953 -3.83727 3.75
      vertex 0.0393953 -3.83727 2.75
    endloop
  endfacet
  facet normal -0.707069 -0.707144 0
    outer loop
      vertex 0.0393953 -3.83727 3.75
      vertex 0.102732 -3.9006 2.75
      vertex 0.102732 -3.9006 3.75
    endloop
  endfacet
  facet normal -0.53208 -0.846694 0
    outer loop
      vertex -0.0364456 -3.78961 2.75
      vertex 0.0393953 -3.83727 3.75
      vertex -0.0364456 -3.78961 3.75
    endloop
  endfacet
  facet normal -0.53208 -0.846694 -0
    outer loop
      vertex 0.0393953 -3.83727 3.75
      vertex -0.0364456 -3.78961 2.75
      vertex 0.0393953 -3.83727 2.75
    endloop
  endfacet
  facet normal -0.330242 -0.943896 0
    outer loop
      vertex -0.120991 -3.76003 2.75
      vertex -0.0364456 -3.78961 3.75
      vertex -0.120991 -3.76003 3.75
    endloop
  endfacet
  facet normal -0.330242 -0.943896 -0
    outer loop
      vertex -0.0364456 -3.78961 3.75
      vertex -0.120991 -3.76003 2.75
      vertex -0.0364456 -3.78961 2.75
    endloop
  endfacet
  facet normal -0.111978 -0.993711 0
    outer loop
      vertex -0.209999 -3.75 2.75
      vertex -0.120991 -3.76003 3.75
      vertex -0.209999 -3.75 3.75
    endloop
  endfacet
  facet normal -0.111978 -0.993711 -0
    outer loop
      vertex -0.120991 -3.76003 3.75
      vertex -0.209999 -3.75 2.75
      vertex -0.120991 -3.76003 2.75
    endloop
  endfacet
  facet normal 0.111977 -0.993711 0
    outer loop
      vertex -0.299008 -3.76003 2.75
      vertex -0.209999 -3.75 3.75
      vertex -0.299008 -3.76003 3.75
    endloop
  endfacet
  facet normal 0.111977 -0.993711 0
    outer loop
      vertex -0.209999 -3.75 3.75
      vertex -0.299008 -3.76003 2.75
      vertex -0.209999 -3.75 2.75
    endloop
  endfacet
  facet normal 0.33024 -0.943897 0
    outer loop
      vertex -0.383554 -3.78961 2.75
      vertex -0.299008 -3.76003 3.75
      vertex -0.383554 -3.78961 3.75
    endloop
  endfacet
  facet normal 0.33024 -0.943897 0
    outer loop
      vertex -0.299008 -3.76003 3.75
      vertex -0.383554 -3.78961 2.75
      vertex -0.299008 -3.76003 2.75
    endloop
  endfacet
  facet normal 0.53208 -0.846694 0
    outer loop
      vertex -0.459395 -3.83727 2.75
      vertex -0.383554 -3.78961 3.75
      vertex -0.459395 -3.83727 3.75
    endloop
  endfacet
  facet normal 0.53208 -0.846694 0
    outer loop
      vertex -0.383554 -3.78961 3.75
      vertex -0.459395 -3.83727 2.75
      vertex -0.383554 -3.78961 2.75
    endloop
  endfacet
  facet normal 0.707068 -0.707146 0
    outer loop
      vertex -0.522732 -3.9006 3.75
      vertex -0.459395 -3.83727 2.75
      vertex -0.459395 -3.83727 3.75
    endloop
  endfacet
  facet normal 0.707068 -0.707146 0
    outer loop
      vertex -0.459395 -3.83727 2.75
      vertex -0.522732 -3.9006 3.75
      vertex -0.522732 -3.9006 2.75
    endloop
  endfacet
  facet normal 0.846748 -0.531994 0
    outer loop
      vertex -0.570387 -3.97645 3.75
      vertex -0.522732 -3.9006 2.75
      vertex -0.522732 -3.9006 3.75
    endloop
  endfacet
  facet normal 0.846748 -0.531994 0
    outer loop
      vertex -0.522732 -3.9006 2.75
      vertex -0.570387 -3.97645 3.75
      vertex -0.570387 -3.97645 2.75
    endloop
  endfacet
  facet normal 0.943876 -0.330301 0
    outer loop
      vertex -0.599971 -4.06099 3.75
      vertex -0.570387 -3.97645 2.75
      vertex -0.570387 -3.97645 3.75
    endloop
  endfacet
  facet normal 0.943876 -0.330301 0
    outer loop
      vertex -0.570387 -3.97645 2.75
      vertex -0.599971 -4.06099 3.75
      vertex -0.599971 -4.06099 2.75
    endloop
  endfacet
  facet normal 0.993712 -0.111964 0
    outer loop
      vertex -0.61 -4.15 3.75
      vertex -0.599971 -4.06099 2.75
      vertex -0.599971 -4.06099 3.75
    endloop
  endfacet
  facet normal 0.993712 -0.111964 0
    outer loop
      vertex -0.599971 -4.06099 2.75
      vertex -0.61 -4.15 3.75
      vertex -0.61 -4.15 2.75
    endloop
  endfacet
  facet normal 0.993712 0.111964 0
    outer loop
      vertex -0.599971 -4.23901 3.75
      vertex -0.61 -4.15 2.75
      vertex -0.61 -4.15 3.75
    endloop
  endfacet
  facet normal 0.993712 0.111964 0
    outer loop
      vertex -0.61 -4.15 2.75
      vertex -0.599971 -4.23901 3.75
      vertex -0.599971 -4.23901 2.75
    endloop
  endfacet
  facet normal 0.943876 0.330301 0
    outer loop
      vertex -0.570387 -4.32355 3.75
      vertex -0.599971 -4.23901 2.75
      vertex -0.599971 -4.23901 3.75
    endloop
  endfacet
  facet normal 0.943876 0.330301 0
    outer loop
      vertex -0.599971 -4.23901 2.75
      vertex -0.570387 -4.32355 3.75
      vertex -0.570387 -4.32355 2.75
    endloop
  endfacet
  facet normal 0.846748 0.531994 0
    outer loop
      vertex -0.522732 -4.3994 3.75
      vertex -0.570387 -4.32355 2.75
      vertex -0.570387 -4.32355 3.75
    endloop
  endfacet
  facet normal 0.846748 0.531994 0
    outer loop
      vertex -0.570387 -4.32355 2.75
      vertex -0.522732 -4.3994 3.75
      vertex -0.522732 -4.3994 2.75
    endloop
  endfacet
  facet normal 0.707068 0.707146 0
    outer loop
      vertex -0.459395 -4.46273 3.75
      vertex -0.522732 -4.3994 2.75
      vertex -0.522732 -4.3994 3.75
    endloop
  endfacet
  facet normal 0.707068 0.707146 0
    outer loop
      vertex -0.522732 -4.3994 2.75
      vertex -0.459395 -4.46273 3.75
      vertex -0.459395 -4.46273 2.75
    endloop
  endfacet
  facet normal 0.53208 0.846694 -0
    outer loop
      vertex -0.383554 -4.51039 2.75
      vertex -0.459395 -4.46273 3.75
      vertex -0.383554 -4.51039 3.75
    endloop
  endfacet
  facet normal 0.53208 0.846694 0
    outer loop
      vertex -0.459395 -4.46273 3.75
      vertex -0.383554 -4.51039 2.75
      vertex -0.459395 -4.46273 2.75
    endloop
  endfacet
  facet normal 0.33024 0.943897 -0
    outer loop
      vertex -0.299008 -4.53997 2.75
      vertex -0.383554 -4.51039 3.75
      vertex -0.299008 -4.53997 3.75
    endloop
  endfacet
  facet normal 0.33024 0.943897 0
    outer loop
      vertex -0.383554 -4.51039 3.75
      vertex -0.299008 -4.53997 2.75
      vertex -0.383554 -4.51039 2.75
    endloop
  endfacet
  facet normal 0.111977 0.993711 -0
    outer loop
      vertex -0.209999 -4.55 2.75
      vertex -0.299008 -4.53997 3.75
      vertex -0.209999 -4.55 3.75
    endloop
  endfacet
  facet normal 0.111977 0.993711 0
    outer loop
      vertex -0.299008 -4.53997 3.75
      vertex -0.209999 -4.55 2.75
      vertex -0.299008 -4.53997 2.75
    endloop
  endfacet
  facet normal -0.111978 0.993711 0
    outer loop
      vertex -0.120991 -4.53997 2.75
      vertex -0.209999 -4.55 3.75
      vertex -0.120991 -4.53997 3.75
    endloop
  endfacet
  facet normal -0.111978 0.993711 0
    outer loop
      vertex -0.209999 -4.55 3.75
      vertex -0.120991 -4.53997 2.75
      vertex -0.209999 -4.55 2.75
    endloop
  endfacet
  facet normal -0.330242 0.943896 0
    outer loop
      vertex -0.0364456 -4.51039 2.75
      vertex -0.120991 -4.53997 3.75
      vertex -0.0364456 -4.51039 3.75
    endloop
  endfacet
  facet normal -0.330242 0.943896 0
    outer loop
      vertex -0.120991 -4.53997 3.75
      vertex -0.0364456 -4.51039 2.75
      vertex -0.120991 -4.53997 2.75
    endloop
  endfacet
  facet normal -0.53208 0.846694 0
    outer loop
      vertex 0.0393953 -4.46273 2.75
      vertex -0.0364456 -4.51039 3.75
      vertex 0.0393953 -4.46273 3.75
    endloop
  endfacet
  facet normal -0.53208 0.846694 0
    outer loop
      vertex -0.0364456 -4.51039 3.75
      vertex 0.0393953 -4.46273 2.75
      vertex -0.0364456 -4.51039 2.75
    endloop
  endfacet
  facet normal -0.707069 0.707144 0
    outer loop
      vertex 0.0393953 -4.46273 2.75
      vertex 0.102732 -4.3994 3.75
      vertex 0.102732 -4.3994 2.75
    endloop
  endfacet
  facet normal -0.707069 0.707144 0
    outer loop
      vertex 0.102732 -4.3994 3.75
      vertex 0.0393953 -4.46273 2.75
      vertex 0.0393953 -4.46273 3.75
    endloop
  endfacet
  facet normal -0.846748 0.531994 0
    outer loop
      vertex 0.102732 -4.3994 2.75
      vertex 0.150387 -4.32355 3.75
      vertex 0.150387 -4.32355 2.75
    endloop
  endfacet
  facet normal -0.846748 0.531994 0
    outer loop
      vertex 0.150387 -4.32355 3.75
      vertex 0.102732 -4.3994 2.75
      vertex 0.102732 -4.3994 3.75
    endloop
  endfacet
  facet normal -0.943876 0.330301 0
    outer loop
      vertex 0.150387 -4.32355 2.75
      vertex 0.179971 -4.23901 3.75
      vertex 0.179971 -4.23901 2.75
    endloop
  endfacet
  facet normal -0.943876 0.330301 0
    outer loop
      vertex 0.179971 -4.23901 3.75
      vertex 0.150387 -4.32355 2.75
      vertex 0.150387 -4.32355 3.75
    endloop
  endfacet
  facet normal 0 0 1
    outer loop
      vertex 0.179971 -4.06099 2.75
      vertex 0.179971 -4.23901 2.75
      vertex 0.19 -4.15 2.75
    endloop
  endfacet
  facet normal 0 0 1
    outer loop
      vertex 0.150387 -3.97645 2.75
      vertex 0.179971 -4.23901 2.75
      vertex 0.179971 -4.06099 2.75
    endloop
  endfacet
  facet normal 0 0 1
    outer loop
      vertex 0.150387 -3.97645 2.75
      vertex 0.150387 -4.32355 2.75
      vertex 0.179971 -4.23901 2.75
    endloop
  endfacet
  facet normal 0 0 1
    outer loop
      vertex 0.102732 -3.9006 2.75
      vertex 0.150387 -4.32355 2.75
      vertex 0.150387 -3.97645 2.75
    endloop
  endfacet
  facet normal 0 0 1
    outer loop
      vertex 0.102732 -3.9006 2.75
      vertex 0.102732 -4.3994 2.75
      vertex 0.150387 -4.32355 2.75
    endloop
  endfacet
  facet normal 0 0 1
    outer loop
      vertex 0.0393953 -3.83727 2.75
      vertex 0.102732 -4.3994 2.75
      vertex 0.102732 -3.9006 2.75
    endloop
  endfacet
  facet normal 0 0 1
    outer loop
      vertex 0.0393953 -3.83727 2.75
      vertex 0.0393953 -4.46273 2.75
      vertex 0.102732 -4.3994 2.75
    endloop
  endfacet
  facet normal 0 0 1
    outer loop
      vertex -0.0364456 -3.78961 2.75
      vertex 0.0393953 -4.46273 2.75
      vertex 0.0393953 -3.83727 2.75
    endloop
  endfacet
  facet normal 0 0 1
    outer loop
      vertex -0.0364456 -3.78961 2.75
      vertex -0.0364456 -4.51039 2.75
      vertex 0.0393953 -4.46273 2.75
    endloop
  endfacet
  facet normal 0 0 1
    outer loop
      vertex -0.120991 -3.76003 2.75
      vertex -0.0364456 -4.51039 2.75
      vertex -0.0364456 -3.78961 2.75
    endloop
  endfacet
  facet normal 0 0 1
    outer loop
      vertex -0.120991 -3.76003 2.75
      vertex -0.120991 -4.53997 2.75
      vertex -0.0364456 -4.51039 2.75
    endloop
  endfacet
  facet normal 0 0 1
    outer loop
      vertex -0.209999 -3.75 2.75
      vertex -0.120991 -4.53997 2.75
      vertex -0.120991 -3.76003 2.75
    endloop
  endfacet
  facet normal 0 0 1
    outer loop
      vertex -0.209999 -3.75 2.75
      vertex -0.209999 -4.55 2.75
      vertex -0.120991 -4.53997 2.75
    endloop
  endfacet
  facet normal -0 0 1
    outer loop
      vertex -0.299008 -3.76003 2.75
      vertex -0.209999 -4.55 2.75
      vertex -0.209999 -3.75 2.75
    endloop
  endfacet
  facet normal 0 0 1
    outer loop
      vertex -0.299008 -3.76003 2.75
      vertex -0.299008 -4.53997 2.75
      vertex -0.209999 -4.55 2.75
    endloop
  endfacet
  facet normal -0 0 1
    outer loop
      vertex -0.383554 -3.78961 2.75
      vertex -0.299008 -4.53997 2.75
      vertex -0.299008 -3.76003 2.75
    endloop
  endfacet
  facet normal 0 0 1
    outer loop
      vertex -0.383554 -3.78961 2.75
      vertex -0.383554 -4.51039 2.75
      vertex -0.299008 -4.53997 2.75
    endloop
  endfacet
  facet normal -0 0 1
    outer loop
      vertex -0.459395 -3.83727 2.75
      vertex -0.383554 -4.51039 2.75
      vertex -0.383554 -3.78961 2.75
    endloop
  endfacet
  facet normal 0 0 1
    outer loop
      vertex -0.459395 -3.83727 2.75
      vertex -0.459395 -4.46273 2.75
      vertex -0.383554 -4.51039 2.75
    endloop
  endfacet
  facet normal -0 0 1
    outer loop
      vertex -0.522732 -3.9006 2.75
      vertex -0.459395 -4.46273 2.75
      vertex -0.459395 -3.83727 2.75
    endloop
  endfacet
  facet normal 0 0 1
    outer loop
      vertex -0.522732 -3.9006 2.75
      vertex -0.522732 -4.3994 2.75
      vertex -0.459395 -4.46273 2.75
    endloop
  endfacet
  facet normal -0 0 1
    outer loop
      vertex -0.570387 -3.97645 2.75
      vertex -0.522732 -4.3994 2.75
      vertex -0.522732 -3.9006 2.75
    endloop
  endfacet
  facet normal 0 0 1
    outer loop
      vertex -0.570387 -3.97645 2.75
      vertex -0.570387 -4.32355 2.75
      vertex -0.522732 -4.3994 2.75
    endloop
  endfacet
  facet normal -0 0 1
    outer loop
      vertex -0.599971 -4.06099 2.75
      vertex -0.570387 -4.32355 2.75
      vertex -0.570387 -3.97645 2.75
    endloop
  endfacet
  facet normal 0 0 1
    outer loop
      vertex -0.599971 -4.06099 2.75
      vertex -0.599971 -4.23901 2.75
      vertex -0.570387 -4.32355 2.75
    endloop
  endfacet
  facet normal 0 -0 1
    outer loop
      vertex -0.599971 -4.23901 2.75
      vertex -0.599971 -4.06099 2.75
      vertex -0.61 -4.15 2.75
    endloop
  endfacet
  facet normal -0.993711 0.111975 0
    outer loop
      vertex -3.81003 1.40099 2.75
      vertex -3.8 1.49 3.75
      vertex -3.8 1.49 2.75
    endloop
  endfacet
  facet normal -0.993711 0.111975 0
    outer loop
      vertex -3.8 1.49 3.75
      vertex -3.81003 1.40099 2.75
      vertex -3.81003 1.40099 3.75
    endloop
  endfacet
  facet normal -0.993711 -0.111975 0
    outer loop
      vertex -3.8 1.49 2.75
      vertex -3.81003 1.57901 3.75
      vertex -3.81003 1.57901 2.75
    endloop
  endfacet
  facet normal -0.993711 -0.111975 0
    outer loop
      vertex -3.81003 1.57901 3.75
      vertex -3.8 1.49 2.75
      vertex -3.8 1.49 3.75
    endloop
  endfacet
  facet normal -0.94389 -0.330261 0
    outer loop
      vertex -3.81003 1.57901 2.75
      vertex -3.83961 1.66355 3.75
      vertex -3.83961 1.66355 2.75
    endloop
  endfacet
  facet normal -0.94389 -0.330261 0
    outer loop
      vertex -3.83961 1.66355 3.75
      vertex -3.81003 1.57901 2.75
      vertex -3.81003 1.57901 3.75
    endloop
  endfacet
  facet normal -0.846723 -0.532034 0
    outer loop
      vertex -3.83961 1.66355 2.75
      vertex -3.88727 1.7394 3.75
      vertex -3.88727 1.7394 2.75
    endloop
  endfacet
  facet normal -0.846723 -0.532034 0
    outer loop
      vertex -3.88727 1.7394 3.75
      vertex -3.83961 1.66355 2.75
      vertex -3.83961 1.66355 3.75
    endloop
  endfacet
  facet normal -0.707107 -0.707107 0
    outer loop
      vertex -3.88727 1.7394 2.75
      vertex -3.9506 1.80273 3.75
      vertex -3.9506 1.80273 2.75
    endloop
  endfacet
  facet normal -0.707107 -0.707107 0
    outer loop
      vertex -3.9506 1.80273 3.75
      vertex -3.88727 1.7394 2.75
      vertex -3.88727 1.7394 3.75
    endloop
  endfacet
  facet normal -0.532034 -0.846723 0
    outer loop
      vertex -4.02645 1.85039 2.75
      vertex -3.9506 1.80273 3.75
      vertex -4.02645 1.85039 3.75
    endloop
  endfacet
  facet normal -0.532034 -0.846723 -0
    outer loop
      vertex -3.9506 1.80273 3.75
      vertex -4.02645 1.85039 2.75
      vertex -3.9506 1.80273 2.75
    endloop
  endfacet
  facet normal -0.330261 -0.94389 0
    outer loop
      vertex -4.11099 1.87997 2.75
      vertex -4.02645 1.85039 3.75
      vertex -4.11099 1.87997 3.75
    endloop
  endfacet
  facet normal -0.330261 -0.94389 -0
    outer loop
      vertex -4.02645 1.85039 3.75
      vertex -4.11099 1.87997 2.75
      vertex -4.02645 1.85039 2.75
    endloop
  endfacet
  facet normal -0.111975 -0.993711 0
    outer loop
      vertex -4.2 1.89 2.75
      vertex -4.11099 1.87997 3.75
      vertex -4.2 1.89 3.75
    endloop
  endfacet
  facet normal -0.111975 -0.993711 -0
    outer loop
      vertex -4.11099 1.87997 3.75
      vertex -4.2 1.89 2.75
      vertex -4.11099 1.87997 2.75
    endloop
  endfacet
  facet normal 0.111975 -0.993711 0
    outer loop
      vertex -4.28901 1.87997 2.75
      vertex -4.2 1.89 3.75
      vertex -4.28901 1.87997 3.75
    endloop
  endfacet
  facet normal 0.111975 -0.993711 0
    outer loop
      vertex -4.2 1.89 3.75
      vertex -4.28901 1.87997 2.75
      vertex -4.2 1.89 2.75
    endloop
  endfacet
  facet normal 0.330261 -0.94389 0
    outer loop
      vertex -4.37355 1.85039 2.75
      vertex -4.28901 1.87997 3.75
      vertex -4.37355 1.85039 3.75
    endloop
  endfacet
  facet normal 0.330261 -0.94389 0
    outer loop
      vertex -4.28901 1.87997 3.75
      vertex -4.37355 1.85039 2.75
      vertex -4.28901 1.87997 2.75
    endloop
  endfacet
  facet normal 0.532034 -0.846723 0
    outer loop
      vertex -4.4494 1.80273 2.75
      vertex -4.37355 1.85039 3.75
      vertex -4.4494 1.80273 3.75
    endloop
  endfacet
  facet normal 0.532034 -0.846723 0
    outer loop
      vertex -4.37355 1.85039 3.75
      vertex -4.4494 1.80273 2.75
      vertex -4.37355 1.85039 2.75
    endloop
  endfacet
  facet normal 0.707107 -0.707107 0
    outer loop
      vertex -4.51273 1.7394 3.75
      vertex -4.4494 1.80273 2.75
      vertex -4.4494 1.80273 3.75
    endloop
  endfacet
  facet normal 0.707107 -0.707107 0
    outer loop
      vertex -4.4494 1.80273 2.75
      vertex -4.51273 1.7394 3.75
      vertex -4.51273 1.7394 2.75
    endloop
  endfacet
  facet normal 0.846723 -0.532034 0
    outer loop
      vertex -4.56039 1.66355 3.75
      vertex -4.51273 1.7394 2.75
      vertex -4.51273 1.7394 3.75
    endloop
  endfacet
  facet normal 0.846723 -0.532034 0
    outer loop
      vertex -4.51273 1.7394 2.75
      vertex -4.56039 1.66355 3.75
      vertex -4.56039 1.66355 2.75
    endloop
  endfacet
  facet normal 0.94389 -0.330261 0
    outer loop
      vertex -4.58997 1.57901 3.75
      vertex -4.56039 1.66355 2.75
      vertex -4.56039 1.66355 3.75
    endloop
  endfacet
  facet normal 0.94389 -0.330261 0
    outer loop
      vertex -4.56039 1.66355 2.75
      vertex -4.58997 1.57901 3.75
      vertex -4.58997 1.57901 2.75
    endloop
  endfacet
  facet normal 0.993711 -0.111975 0
    outer loop
      vertex -4.6 1.49 3.75
      vertex -4.58997 1.57901 2.75
      vertex -4.58997 1.57901 3.75
    endloop
  endfacet
  facet normal 0.993711 -0.111975 0
    outer loop
      vertex -4.58997 1.57901 2.75
      vertex -4.6 1.49 3.75
      vertex -4.6 1.49 2.75
    endloop
  endfacet
  facet normal 0.993711 0.111975 0
    outer loop
      vertex -4.58997 1.40099 3.75
      vertex -4.6 1.49 2.75
      vertex -4.6 1.49 3.75
    endloop
  endfacet
  facet normal 0.993711 0.111975 0
    outer loop
      vertex -4.6 1.49 2.75
      vertex -4.58997 1.40099 3.75
      vertex -4.58997 1.40099 2.75
    endloop
  endfacet
  facet normal 0.94389 0.330261 0
    outer loop
      vertex -4.56039 1.31645 3.75
      vertex -4.58997 1.40099 2.75
      vertex -4.58997 1.40099 3.75
    endloop
  endfacet
  facet normal 0.94389 0.330261 0
    outer loop
      vertex -4.58997 1.40099 2.75
      vertex -4.56039 1.31645 3.75
      vertex -4.56039 1.31645 2.75
    endloop
  endfacet
  facet normal 0.846723 0.532034 0
    outer loop
      vertex -4.51273 1.2406 3.75
      vertex -4.56039 1.31645 2.75
      vertex -4.56039 1.31645 3.75
    endloop
  endfacet
  facet normal 0.846723 0.532034 0
    outer loop
      vertex -4.56039 1.31645 2.75
      vertex -4.51273 1.2406 3.75
      vertex -4.51273 1.2406 2.75
    endloop
  endfacet
  facet normal 0.707107 0.707107 0
    outer loop
      vertex -4.4494 1.17727 3.75
      vertex -4.51273 1.2406 2.75
      vertex -4.51273 1.2406 3.75
    endloop
  endfacet
  facet normal 0.707107 0.707107 0
    outer loop
      vertex -4.51273 1.2406 2.75
      vertex -4.4494 1.17727 3.75
      vertex -4.4494 1.17727 2.75
    endloop
  endfacet
  facet normal 0.532034 0.846723 -0
    outer loop
      vertex -4.37355 1.12961 2.75
      vertex -4.4494 1.17727 3.75
      vertex -4.37355 1.12961 3.75
    endloop
  endfacet
  facet normal 0.532034 0.846723 0
    outer loop
      vertex -4.4494 1.17727 3.75
      vertex -4.37355 1.12961 2.75
      vertex -4.4494 1.17727 2.75
    endloop
  endfacet
  facet normal 0.330261 0.94389 -0
    outer loop
      vertex -4.28901 1.10003 2.75
      vertex -4.37355 1.12961 3.75
      vertex -4.28901 1.10003 3.75
    endloop
  endfacet
  facet normal 0.330261 0.94389 0
    outer loop
      vertex -4.37355 1.12961 3.75
      vertex -4.28901 1.10003 2.75
      vertex -4.37355 1.12961 2.75
    endloop
  endfacet
  facet normal 0.111975 0.993711 -0
    outer loop
      vertex -4.2 1.09 2.75
      vertex -4.28901 1.10003 3.75
      vertex -4.2 1.09 3.75
    endloop
  endfacet
  facet normal 0.111975 0.993711 0
    outer loop
      vertex -4.28901 1.10003 3.75
      vertex -4.2 1.09 2.75
      vertex -4.28901 1.10003 2.75
    endloop
  endfacet
  facet normal -0.111975 0.993711 0
    outer loop
      vertex -4.11099 1.10003 2.75
      vertex -4.2 1.09 3.75
      vertex -4.11099 1.10003 3.75
    endloop
  endfacet
  facet normal -0.111975 0.993711 0
    outer loop
      vertex -4.2 1.09 3.75
      vertex -4.11099 1.10003 2.75
      vertex -4.2 1.09 2.75
    endloop
  endfacet
  facet normal -0.330261 0.94389 0
    outer loop
      vertex -4.02645 1.12961 2.75
      vertex -4.11099 1.10003 3.75
      vertex -4.02645 1.12961 3.75
    endloop
  endfacet
  facet normal -0.330261 0.94389 0
    outer loop
      vertex -4.11099 1.10003 3.75
      vertex -4.02645 1.12961 2.75
      vertex -4.11099 1.10003 2.75
    endloop
  endfacet
  facet normal -0.532034 0.846723 0
    outer loop
      vertex -3.9506 1.17727 2.75
      vertex -4.02645 1.12961 3.75
      vertex -3.9506 1.17727 3.75
    endloop
  endfacet
  facet normal -0.532034 0.846723 0
    outer loop
      vertex -4.02645 1.12961 3.75
      vertex -3.9506 1.17727 2.75
      vertex -4.02645 1.12961 2.75
    endloop
  endfacet
  facet normal -0.707107 0.707107 0
    outer loop
      vertex -3.9506 1.17727 2.75
      vertex -3.88727 1.2406 3.75
      vertex -3.88727 1.2406 2.75
    endloop
  endfacet
  facet normal -0.707107 0.707107 0
    outer loop
      vertex -3.88727 1.2406 3.75
      vertex -3.9506 1.17727 2.75
      vertex -3.9506 1.17727 3.75
    endloop
  endfacet
  facet normal -0.846723 0.532034 0
    outer loop
      vertex -3.88727 1.2406 2.75
      vertex -3.83961 1.31645 3.75
      vertex -3.83961 1.31645 2.75
    endloop
  endfacet
  facet normal -0.846723 0.532034 0
    outer loop
      vertex -3.83961 1.31645 3.75
      vertex -3.88727 1.2406 2.75
      vertex -3.88727 1.2406 3.75
    endloop
  endfacet
  facet normal -0.94389 0.330261 0
    outer loop
      vertex -3.83961 1.31645 2.75
      vertex -3.81003 1.40099 3.75
      vertex -3.81003 1.40099 2.75
    endloop
  endfacet
  facet normal -0.94389 0.330261 0
    outer loop
      vertex -3.81003 1.40099 3.75
      vertex -3.83961 1.31645 2.75
      vertex -3.83961 1.31645 3.75
    endloop
  endfacet
  facet normal 0 0 1
    outer loop
      vertex -3.81003 1.57901 2.75
      vertex -3.81003 1.40099 2.75
      vertex -3.8 1.49 2.75
    endloop
  endfacet
  facet normal 0 0 1
    outer loop
      vertex -3.83961 1.66355 2.75
      vertex -3.81003 1.40099 2.75
      vertex -3.81003 1.57901 2.75
    endloop
  endfacet
  facet normal 0 0 1
    outer loop
      vertex -3.83961 1.66355 2.75
      vertex -3.83961 1.31645 2.75
      vertex -3.81003 1.40099 2.75
    endloop
  endfacet
  facet normal 0 0 1
    outer loop
      vertex -3.88727 1.7394 2.75
      vertex -3.83961 1.31645 2.75
      vertex -3.83961 1.66355 2.75
    endloop
  endfacet
  facet normal 0 0 1
    outer loop
      vertex -3.88727 1.7394 2.75
      vertex -3.88727 1.2406 2.75
      vertex -3.83961 1.31645 2.75
    endloop
  endfacet
  facet normal 0 0 1
    outer loop
      vertex -3.9506 1.80273 2.75
      vertex -3.88727 1.2406 2.75
      vertex -3.88727 1.7394 2.75
    endloop
  endfacet
  facet normal 0 0 1
    outer loop
      vertex -3.9506 1.80273 2.75
      vertex -3.9506 1.17727 2.75
      vertex -3.88727 1.2406 2.75
    endloop
  endfacet
  facet normal 0 0 1
    outer loop
      vertex -4.02645 1.85039 2.75
      vertex -3.9506 1.17727 2.75
      vertex -3.9506 1.80273 2.75
    endloop
  endfacet
  facet normal 0 0 1
    outer loop
      vertex -4.02645 1.85039 2.75
      vertex -4.02645 1.12961 2.75
      vertex -3.9506 1.17727 2.75
    endloop
  endfacet
  facet normal 0 0 1
    outer loop
      vertex -4.11099 1.87997 2.75
      vertex -4.02645 1.12961 2.75
      vertex -4.02645 1.85039 2.75
    endloop
  endfacet
  facet normal 0 0 1
    outer loop
      vertex -4.11099 1.87997 2.75
      vertex -4.11099 1.10003 2.75
      vertex -4.02645 1.12961 2.75
    endloop
  endfacet
  facet normal 0 0 1
    outer loop
      vertex -4.2 1.89 2.75
      vertex -4.11099 1.10003 2.75
      vertex -4.11099 1.87997 2.75
    endloop
  endfacet
  facet normal 0 0 1
    outer loop
      vertex -4.2 1.89 2.75
      vertex -4.2 1.09 2.75
      vertex -4.11099 1.10003 2.75
    endloop
  endfacet
  facet normal -0 0 1
    outer loop
      vertex -4.28901 1.87997 2.75
      vertex -4.2 1.09 2.75
      vertex -4.2 1.89 2.75
    endloop
  endfacet
  facet normal 0 0 1
    outer loop
      vertex -4.28901 1.87997 2.75
      vertex -4.28901 1.10003 2.75
      vertex -4.2 1.09 2.75
    endloop
  endfacet
  facet normal -0 0 1
    outer loop
      vertex -4.37355 1.85039 2.75
      vertex -4.28901 1.10003 2.75
      vertex -4.28901 1.87997 2.75
    endloop
  endfacet
  facet normal 0 0 1
    outer loop
      vertex -4.37355 1.85039 2.75
      vertex -4.37355 1.12961 2.75
      vertex -4.28901 1.10003 2.75
    endloop
  endfacet
  facet normal -0 0 1
    outer loop
      vertex -4.4494 1.80273 2.75
      vertex -4.37355 1.12961 2.75
      vertex -4.37355 1.85039 2.75
    endloop
  endfacet
  facet normal 0 0 1
    outer loop
      vertex -4.4494 1.80273 2.75
      vertex -4.4494 1.17727 2.75
      vertex -4.37355 1.12961 2.75
    endloop
  endfacet
  facet normal -0 0 1
    outer loop
      vertex -4.51273 1.7394 2.75
      vertex -4.4494 1.17727 2.75
      vertex -4.4494 1.80273 2.75
    endloop
  endfacet
  facet normal 0 0 1
    outer loop
      vertex -4.51273 1.7394 2.75
      vertex -4.51273 1.2406 2.75
      vertex -4.4494 1.17727 2.75
    endloop
  endfacet
  facet normal -0 0 1
    outer loop
      vertex -4.56039 1.66355 2.75
      vertex -4.51273 1.2406 2.75
      vertex -4.51273 1.7394 2.75
    endloop
  endfacet
  facet normal 0 0 1
    outer loop
      vertex -4.56039 1.66355 2.75
      vertex -4.56039 1.31645 2.75
      vertex -4.51273 1.2406 2.75
    endloop
  endfacet
  facet normal -0 0 1
    outer loop
      vertex -4.58997 1.57901 2.75
      vertex -4.56039 1.31645 2.75
      vertex -4.56039 1.66355 2.75
    endloop
  endfacet
  facet normal 0 0 1
    outer loop
      vertex -4.58997 1.57901 2.75
      vertex -4.58997 1.40099 2.75
      vertex -4.56039 1.31645 2.75
    endloop
  endfacet
  facet normal 0 -0 1
    outer loop
      vertex -4.58997 1.40099 2.75
      vertex -4.58997 1.57901 2.75
      vertex -4.6 1.49 2.75
    endloop
  endfacet
  facet normal -0.993713 0.111953 0
    outer loop
      vertex -0.530028 4.06099 2.75
      vertex -0.52 4.15 3.75
      vertex -0.52 4.15 2.75
    endloop
  endfacet
  facet normal -0.993713 0.111953 0
    outer loop
      vertex -0.52 4.15 3.75
      vertex -0.530028 4.06099 2.75
      vertex -0.530028 4.06099 3.75
    endloop
  endfacet
  facet normal -0.993713 -0.111953 0
    outer loop
      vertex -0.52 4.15 2.75
      vertex -0.530028 4.23901 3.75
      vertex -0.530028 4.23901 2.75
    endloop
  endfacet
  facet normal -0.993713 -0.111953 0
    outer loop
      vertex -0.530028 4.23901 3.75
      vertex -0.52 4.15 2.75
      vertex -0.52 4.15 3.75
    endloop
  endfacet
  facet normal -0.943876 -0.330301 0
    outer loop
      vertex -0.530028 4.23901 2.75
      vertex -0.559612 4.32355 3.75
      vertex -0.559612 4.32355 2.75
    endloop
  endfacet
  facet normal -0.943876 -0.330301 0
    outer loop
      vertex -0.559612 4.32355 3.75
      vertex -0.530028 4.23901 2.75
      vertex -0.530028 4.23901 3.75
    endloop
  endfacet
  facet normal -0.846748 -0.531994 0
    outer loop
      vertex -0.559612 4.32355 2.75
      vertex -0.607267 4.3994 3.75
      vertex -0.607267 4.3994 2.75
    endloop
  endfacet
  facet normal -0.846748 -0.531994 0
    outer loop
      vertex -0.607267 4.3994 3.75
      vertex -0.559612 4.32355 2.75
      vertex -0.559612 4.32355 3.75
    endloop
  endfacet
  facet normal -0.707068 -0.707146 0
    outer loop
      vertex -0.607267 4.3994 2.75
      vertex -0.670604 4.46273 3.75
      vertex -0.670604 4.46273 2.75
    endloop
  endfacet
  facet normal -0.707068 -0.707146 0
    outer loop
      vertex -0.670604 4.46273 3.75
      vertex -0.607267 4.3994 2.75
      vertex -0.607267 4.3994 3.75
    endloop
  endfacet
  facet normal -0.532075 -0.846697 0
    outer loop
      vertex -0.746446 4.51039 2.75
      vertex -0.670604 4.46273 3.75
      vertex -0.746446 4.51039 3.75
    endloop
  endfacet
  facet normal -0.532075 -0.846697 -0
    outer loop
      vertex -0.670604 4.46273 3.75
      vertex -0.746446 4.51039 2.75
      vertex -0.670604 4.46273 2.75
    endloop
  endfacet
  facet normal -0.330244 -0.943896 0
    outer loop
      vertex -0.830991 4.53997 2.75
      vertex -0.746446 4.51039 3.75
      vertex -0.830991 4.53997 3.75
    endloop
  endfacet
  facet normal -0.330244 -0.943896 -0
    outer loop
      vertex -0.746446 4.51039 3.75
      vertex -0.830991 4.53997 2.75
      vertex -0.746446 4.51039 2.75
    endloop
  endfacet
  facet normal -0.111978 -0.993711 0
    outer loop
      vertex -0.919999 4.55 2.75
      vertex -0.830991 4.53997 3.75
      vertex -0.919999 4.55 3.75
    endloop
  endfacet
  facet normal -0.111978 -0.993711 -0
    outer loop
      vertex -0.830991 4.53997 3.75
      vertex -0.919999 4.55 2.75
      vertex -0.830991 4.53997 2.75
    endloop
  endfacet
  facet normal 0.111974 -0.993711 0
    outer loop
      vertex -1.00901 4.53997 2.75
      vertex -0.919999 4.55 3.75
      vertex -1.00901 4.53997 3.75
    endloop
  endfacet
  facet normal 0.111974 -0.993711 0
    outer loop
      vertex -0.919999 4.55 3.75
      vertex -1.00901 4.53997 2.75
      vertex -0.919999 4.55 2.75
    endloop
  endfacet
  facet normal 0.330261 -0.94389 0
    outer loop
      vertex -1.09355 4.51039 2.75
      vertex -1.00901 4.53997 3.75
      vertex -1.09355 4.51039 3.75
    endloop
  endfacet
  facet normal 0.330261 -0.94389 0
    outer loop
      vertex -1.00901 4.53997 3.75
      vertex -1.09355 4.51039 2.75
      vertex -1.00901 4.53997 2.75
    endloop
  endfacet
  facet normal 0.532034 -0.846723 0
    outer loop
      vertex -1.1694 4.46273 2.75
      vertex -1.09355 4.51039 3.75
      vertex -1.1694 4.46273 3.75
    endloop
  endfacet
  facet normal 0.532034 -0.846723 0
    outer loop
      vertex -1.09355 4.51039 3.75
      vertex -1.1694 4.46273 2.75
      vertex -1.09355 4.51039 2.75
    endloop
  endfacet
  facet normal 0.707107 -0.707107 0
    outer loop
      vertex -1.23273 4.3994 3.75
      vertex -1.1694 4.46273 2.75
      vertex -1.1694 4.46273 3.75
    endloop
  endfacet
  facet normal 0.707107 -0.707107 0
    outer loop
      vertex -1.1694 4.46273 2.75
      vertex -1.23273 4.3994 3.75
      vertex -1.23273 4.3994 2.75
    endloop
  endfacet
  facet normal 0.846723 -0.532034 0
    outer loop
      vertex -1.28039 4.32355 3.75
      vertex -1.23273 4.3994 2.75
      vertex -1.23273 4.3994 3.75
    endloop
  endfacet
  facet normal 0.846723 -0.532034 0
    outer loop
      vertex -1.23273 4.3994 2.75
      vertex -1.28039 4.32355 3.75
      vertex -1.28039 4.32355 2.75
    endloop
  endfacet
  facet normal 0.94389 -0.330261 0
    outer loop
      vertex -1.30997 4.23901 3.75
      vertex -1.28039 4.32355 2.75
      vertex -1.28039 4.32355 3.75
    endloop
  endfacet
  facet normal 0.94389 -0.330261 0
    outer loop
      vertex -1.28039 4.32355 2.75
      vertex -1.30997 4.23901 3.75
      vertex -1.30997 4.23901 2.75
    endloop
  endfacet
  facet normal 0.993711 -0.111975 0
    outer loop
      vertex -1.32 4.15 3.75
      vertex -1.30997 4.23901 2.75
      vertex -1.30997 4.23901 3.75
    endloop
  endfacet
  facet normal 0.993711 -0.111975 0
    outer loop
      vertex -1.30997 4.23901 2.75
      vertex -1.32 4.15 3.75
      vertex -1.32 4.15 2.75
    endloop
  endfacet
  facet normal 0.993711 0.111975 0
    outer loop
      vertex -1.30997 4.06099 3.75
      vertex -1.32 4.15 2.75
      vertex -1.32 4.15 3.75
    endloop
  endfacet
  facet normal 0.993711 0.111975 0
    outer loop
      vertex -1.32 4.15 2.75
      vertex -1.30997 4.06099 3.75
      vertex -1.30997 4.06099 2.75
    endloop
  endfacet
  facet normal 0.94389 0.330261 0
    outer loop
      vertex -1.28039 3.97645 3.75
      vertex -1.30997 4.06099 2.75
      vertex -1.30997 4.06099 3.75
    endloop
  endfacet
  facet normal 0.94389 0.330261 0
    outer loop
      vertex -1.30997 4.06099 2.75
      vertex -1.28039 3.97645 3.75
      vertex -1.28039 3.97645 2.75
    endloop
  endfacet
  facet normal 0.846723 0.532034 0
    outer loop
      vertex -1.23273 3.9006 3.75
      vertex -1.28039 3.97645 2.75
      vertex -1.28039 3.97645 3.75
    endloop
  endfacet
  facet normal 0.846723 0.532034 0
    outer loop
      vertex -1.28039 3.97645 2.75
      vertex -1.23273 3.9006 3.75
      vertex -1.23273 3.9006 2.75
    endloop
  endfacet
  facet normal 0.707107 0.707107 0
    outer loop
      vertex -1.1694 3.83727 3.75
      vertex -1.23273 3.9006 2.75
      vertex -1.23273 3.9006 3.75
    endloop
  endfacet
  facet normal 0.707107 0.707107 0
    outer loop
      vertex -1.23273 3.9006 2.75
      vertex -1.1694 3.83727 3.75
      vertex -1.1694 3.83727 2.75
    endloop
  endfacet
  facet normal 0.532034 0.846723 -0
    outer loop
      vertex -1.09355 3.78961 2.75
      vertex -1.1694 3.83727 3.75
      vertex -1.09355 3.78961 3.75
    endloop
  endfacet
  facet normal 0.532034 0.846723 0
    outer loop
      vertex -1.1694 3.83727 3.75
      vertex -1.09355 3.78961 2.75
      vertex -1.1694 3.83727 2.75
    endloop
  endfacet
  facet normal 0.330261 0.94389 -0
    outer loop
      vertex -1.00901 3.76003 2.75
      vertex -1.09355 3.78961 3.75
      vertex -1.00901 3.76003 3.75
    endloop
  endfacet
  facet normal 0.330261 0.94389 0
    outer loop
      vertex -1.09355 3.78961 3.75
      vertex -1.00901 3.76003 2.75
      vertex -1.09355 3.78961 2.75
    endloop
  endfacet
  facet normal 0.111974 0.993711 -0
    outer loop
      vertex -0.919999 3.75 2.75
      vertex -1.00901 3.76003 3.75
      vertex -0.919999 3.75 3.75
    endloop
  endfacet
  facet normal 0.111974 0.993711 0
    outer loop
      vertex -1.00901 3.76003 3.75
      vertex -0.919999 3.75 2.75
      vertex -1.00901 3.76003 2.75
    endloop
  endfacet
  facet normal -0.111978 0.993711 0
    outer loop
      vertex -0.830991 3.76003 2.75
      vertex -0.919999 3.75 3.75
      vertex -0.830991 3.76003 3.75
    endloop
  endfacet
  facet normal -0.111978 0.993711 0
    outer loop
      vertex -0.919999 3.75 3.75
      vertex -0.830991 3.76003 2.75
      vertex -0.919999 3.75 2.75
    endloop
  endfacet
  facet normal -0.330244 0.943896 0
    outer loop
      vertex -0.746446 3.78961 2.75
      vertex -0.830991 3.76003 3.75
      vertex -0.746446 3.78961 3.75
    endloop
  endfacet
  facet normal -0.330244 0.943896 0
    outer loop
      vertex -0.830991 3.76003 3.75
      vertex -0.746446 3.78961 2.75
      vertex -0.830991 3.76003 2.75
    endloop
  endfacet
  facet normal -0.532075 0.846697 0
    outer loop
      vertex -0.670604 3.83727 2.75
      vertex -0.746446 3.78961 3.75
      vertex -0.670604 3.83727 3.75
    endloop
  endfacet
  facet normal -0.532075 0.846697 0
    outer loop
      vertex -0.746446 3.78961 3.75
      vertex -0.670604 3.83727 2.75
      vertex -0.746446 3.78961 2.75
    endloop
  endfacet
  facet normal -0.707068 0.707146 0
    outer loop
      vertex -0.670604 3.83727 2.75
      vertex -0.607267 3.9006 3.75
      vertex -0.607267 3.9006 2.75
    endloop
  endfacet
  facet normal -0.707068 0.707146 0
    outer loop
      vertex -0.607267 3.9006 3.75
      vertex -0.670604 3.83727 2.75
      vertex -0.670604 3.83727 3.75
    endloop
  endfacet
  facet normal -0.846748 0.531994 0
    outer loop
      vertex -0.607267 3.9006 2.75
      vertex -0.559612 3.97645 3.75
      vertex -0.559612 3.97645 2.75
    endloop
  endfacet
  facet normal -0.846748 0.531994 0
    outer loop
      vertex -0.559612 3.97645 3.75
      vertex -0.607267 3.9006 2.75
      vertex -0.607267 3.9006 3.75
    endloop
  endfacet
  facet normal -0.943876 0.330301 0
    outer loop
      vertex -0.559612 3.97645 2.75
      vertex -0.530028 4.06099 3.75
      vertex -0.530028 4.06099 2.75
    endloop
  endfacet
  facet normal -0.943876 0.330301 0
    outer loop
      vertex -0.530028 4.06099 3.75
      vertex -0.559612 3.97645 2.75
      vertex -0.559612 3.97645 3.75
    endloop
  endfacet
  facet normal 0 0 1
    outer loop
      vertex -0.530028 4.23901 2.75
      vertex -0.530028 4.06099 2.75
      vertex -0.52 4.15 2.75
    endloop
  endfacet
  facet normal 0 0 1
    outer loop
      vertex -0.559612 4.32355 2.75
      vertex -0.530028 4.06099 2.75
      vertex -0.530028 4.23901 2.75
    endloop
  endfacet
  facet normal 0 0 1
    outer loop
      vertex -0.559612 4.32355 2.75
      vertex -0.559612 3.97645 2.75
      vertex -0.530028 4.06099 2.75
    endloop
  endfacet
  facet normal 0 0 1
    outer loop
      vertex -0.607267 4.3994 2.75
      vertex -0.559612 3.97645 2.75
      vertex -0.559612 4.32355 2.75
    endloop
  endfacet
  facet normal 0 0 1
    outer loop
      vertex -0.607267 4.3994 2.75
      vertex -0.607267 3.9006 2.75
      vertex -0.559612 3.97645 2.75
    endloop
  endfacet
  facet normal 0 0 1
    outer loop
      vertex -0.670604 4.46273 2.75
      vertex -0.607267 3.9006 2.75
      vertex -0.607267 4.3994 2.75
    endloop
  endfacet
  facet normal 0 0 1
    outer loop
      vertex -0.670604 4.46273 2.75
      vertex -0.670604 3.83727 2.75
      vertex -0.607267 3.9006 2.75
    endloop
  endfacet
  facet normal 0 0 1
    outer loop
      vertex -0.746446 4.51039 2.75
      vertex -0.670604 3.83727 2.75
      vertex -0.670604 4.46273 2.75
    endloop
  endfacet
  facet normal 0 0 1
    outer loop
      vertex -0.746446 4.51039 2.75
      vertex -0.746446 3.78961 2.75
      vertex -0.670604 3.83727 2.75
    endloop
  endfacet
  facet normal 0 0 1
    outer loop
      vertex -0.830991 4.53997 2.75
      vertex -0.746446 3.78961 2.75
      vertex -0.746446 4.51039 2.75
    endloop
  endfacet
  facet normal 0 0 1
    outer loop
      vertex -0.830991 4.53997 2.75
      vertex -0.830991 3.76003 2.75
      vertex -0.746446 3.78961 2.75
    endloop
  endfacet
  facet normal 0 0 1
    outer loop
      vertex -0.919999 4.55 2.75
      vertex -0.830991 3.76003 2.75
      vertex -0.830991 4.53997 2.75
    endloop
  endfacet
  facet normal 0 0 1
    outer loop
      vertex -0.919999 4.55 2.75
      vertex -0.919999 3.75 2.75
      vertex -0.830991 3.76003 2.75
    endloop
  endfacet
  facet normal -0 0 1
    outer loop
      vertex -1.00901 4.53997 2.75
      vertex -0.919999 3.75 2.75
      vertex -0.919999 4.55 2.75
    endloop
  endfacet
  facet normal 0 0 1
    outer loop
      vertex -1.00901 4.53997 2.75
      vertex -1.00901 3.76003 2.75
      vertex -0.919999 3.75 2.75
    endloop
  endfacet
  facet normal -0 0 1
    outer loop
      vertex -1.09355 4.51039 2.75
      vertex -1.00901 3.76003 2.75
      vertex -1.00901 4.53997 2.75
    endloop
  endfacet
  facet normal 0 0 1
    outer loop
      vertex -1.09355 4.51039 2.75
      vertex -1.09355 3.78961 2.75
      vertex -1.00901 3.76003 2.75
    endloop
  endfacet
  facet normal -0 0 1
    outer loop
      vertex -1.1694 4.46273 2.75
      vertex -1.09355 3.78961 2.75
      vertex -1.09355 4.51039 2.75
    endloop
  endfacet
  facet normal 0 0 1
    outer loop
      vertex -1.1694 4.46273 2.75
      vertex -1.1694 3.83727 2.75
      vertex -1.09355 3.78961 2.75
    endloop
  endfacet
  facet normal -0 0 1
    outer loop
      vertex -1.23273 4.3994 2.75
      vertex -1.1694 3.83727 2.75
      vertex -1.1694 4.46273 2.75
    endloop
  endfacet
  facet normal 0 0 1
    outer loop
      vertex -1.23273 4.3994 2.75
      vertex -1.23273 3.9006 2.75
      vertex -1.1694 3.83727 2.75
    endloop
  endfacet
  facet normal -0 0 1
    outer loop
      vertex -1.28039 4.32355 2.75
      vertex -1.23273 3.9006 2.75
      vertex -1.23273 4.3994 2.75
    endloop
  endfacet
  facet normal 0 0 1
    outer loop
      vertex -1.28039 4.32355 2.75
      vertex -1.28039 3.97645 2.75
      vertex -1.23273 3.9006 2.75
    endloop
  endfacet
  facet normal -0 0 1
    outer loop
      vertex -1.30997 4.23901 2.75
      vertex -1.28039 3.97645 2.75
      vertex -1.28039 4.32355 2.75
    endloop
  endfacet
  facet normal 0 0 1
    outer loop
      vertex -1.30997 4.23901 2.75
      vertex -1.30997 4.06099 2.75
      vertex -1.28039 3.97645 2.75
    endloop
  endfacet
  facet normal 0 -0 1
    outer loop
      vertex -1.30997 4.06099 2.75
      vertex -1.30997 4.23901 2.75
      vertex -1.32 4.15 2.75
    endloop
  endfacet
  facet normal -0.993712 0.111964 0
    outer loop
      vertex 0.599971 4.06099 2.75
      vertex 0.61 4.15 3.75
      vertex 0.61 4.15 2.75
    endloop
  endfacet
  facet normal -0.993712 0.111964 0
    outer loop
      vertex 0.61 4.15 3.75
      vertex 0.599971 4.06099 2.75
      vertex 0.599971 4.06099 3.75
    endloop
  endfacet
  facet normal -0.993712 -0.111964 0
    outer loop
      vertex 0.61 4.15 2.75
      vertex 0.599971 4.23901 3.75
      vertex 0.599971 4.23901 2.75
    endloop
  endfacet
  facet normal -0.993712 -0.111964 0
    outer loop
      vertex 0.599971 4.23901 3.75
      vertex 0.61 4.15 2.75
      vertex 0.61 4.15 3.75
    endloop
  endfacet
  facet normal -0.943876 -0.330301 0
    outer loop
      vertex 0.599971 4.23901 2.75
      vertex 0.570387 4.32355 3.75
      vertex 0.570387 4.32355 2.75
    endloop
  endfacet
  facet normal -0.943876 -0.330301 0
    outer loop
      vertex 0.570387 4.32355 3.75
      vertex 0.599971 4.23901 2.75
      vertex 0.599971 4.23901 3.75
    endloop
  endfacet
  facet normal -0.846748 -0.531994 0
    outer loop
      vertex 0.570387 4.32355 2.75
      vertex 0.522732 4.3994 3.75
      vertex 0.522732 4.3994 2.75
    endloop
  endfacet
  facet normal -0.846748 -0.531994 0
    outer loop
      vertex 0.522732 4.3994 3.75
      vertex 0.570387 4.32355 2.75
      vertex 0.570387 4.32355 3.75
    endloop
  endfacet
  facet normal -0.707068 -0.707146 0
    outer loop
      vertex 0.522732 4.3994 2.75
      vertex 0.459395 4.46273 3.75
      vertex 0.459395 4.46273 2.75
    endloop
  endfacet
  facet normal -0.707068 -0.707146 0
    outer loop
      vertex 0.459395 4.46273 3.75
      vertex 0.522732 4.3994 2.75
      vertex 0.522732 4.3994 3.75
    endloop
  endfacet
  facet normal -0.53208 -0.846694 0
    outer loop
      vertex 0.383554 4.51039 2.75
      vertex 0.459395 4.46273 3.75
      vertex 0.383554 4.51039 3.75
    endloop
  endfacet
  facet normal -0.53208 -0.846694 -0
    outer loop
      vertex 0.459395 4.46273 3.75
      vertex 0.383554 4.51039 2.75
      vertex 0.459395 4.46273 2.75
    endloop
  endfacet
  facet normal -0.33024 -0.943897 0
    outer loop
      vertex 0.299008 4.53997 2.75
      vertex 0.383554 4.51039 3.75
      vertex 0.299008 4.53997 3.75
    endloop
  endfacet
  facet normal -0.33024 -0.943897 -0
    outer loop
      vertex 0.383554 4.51039 3.75
      vertex 0.299008 4.53997 2.75
      vertex 0.383554 4.51039 2.75
    endloop
  endfacet
  facet normal -0.111977 -0.993711 0
    outer loop
      vertex 0.209999 4.55 2.75
      vertex 0.299008 4.53997 3.75
      vertex 0.209999 4.55 3.75
    endloop
  endfacet
  facet normal -0.111977 -0.993711 -0
    outer loop
      vertex 0.299008 4.53997 3.75
      vertex 0.209999 4.55 2.75
      vertex 0.299008 4.53997 2.75
    endloop
  endfacet
  facet normal 0.111978 -0.993711 0
    outer loop
      vertex 0.120991 4.53997 2.75
      vertex 0.209999 4.55 3.75
      vertex 0.120991 4.53997 3.75
    endloop
  endfacet
  facet normal 0.111978 -0.993711 0
    outer loop
      vertex 0.209999 4.55 3.75
      vertex 0.120991 4.53997 2.75
      vertex 0.209999 4.55 2.75
    endloop
  endfacet
  facet normal 0.330242 -0.943896 0
    outer loop
      vertex 0.0364456 4.51039 2.75
      vertex 0.120991 4.53997 3.75
      vertex 0.0364456 4.51039 3.75
    endloop
  endfacet
  facet normal 0.330242 -0.943896 0
    outer loop
      vertex 0.120991 4.53997 3.75
      vertex 0.0364456 4.51039 2.75
      vertex 0.120991 4.53997 2.75
    endloop
  endfacet
  facet normal 0.53208 -0.846694 0
    outer loop
      vertex -0.0393953 4.46273 2.75
      vertex 0.0364456 4.51039 3.75
      vertex -0.0393953 4.46273 3.75
    endloop
  endfacet
  facet normal 0.53208 -0.846694 0
    outer loop
      vertex 0.0364456 4.51039 3.75
      vertex -0.0393953 4.46273 2.75
      vertex 0.0364456 4.51039 2.75
    endloop
  endfacet
  facet normal 0.707069 -0.707144 0
    outer loop
      vertex -0.102732 4.3994 3.75
      vertex -0.0393953 4.46273 2.75
      vertex -0.0393953 4.46273 3.75
    endloop
  endfacet
  facet normal 0.707069 -0.707144 0
    outer loop
      vertex -0.0393953 4.46273 2.75
      vertex -0.102732 4.3994 3.75
      vertex -0.102732 4.3994 2.75
    endloop
  endfacet
  facet normal 0.846748 -0.531994 0
    outer loop
      vertex -0.150387 4.32355 3.75
      vertex -0.102732 4.3994 2.75
      vertex -0.102732 4.3994 3.75
    endloop
  endfacet
  facet normal 0.846748 -0.531994 0
    outer loop
      vertex -0.102732 4.3994 2.75
      vertex -0.150387 4.32355 3.75
      vertex -0.150387 4.32355 2.75
    endloop
  endfacet
  facet normal 0.943876 -0.330301 0
    outer loop
      vertex -0.179971 4.23901 3.75
      vertex -0.150387 4.32355 2.75
      vertex -0.150387 4.32355 3.75
    endloop
  endfacet
  facet normal 0.943876 -0.330301 0
    outer loop
      vertex -0.150387 4.32355 2.75
      vertex -0.179971 4.23901 3.75
      vertex -0.179971 4.23901 2.75
    endloop
  endfacet
  facet normal 0.993712 -0.111964 0
    outer loop
      vertex -0.19 4.15 3.75
      vertex -0.179971 4.23901 2.75
      vertex -0.179971 4.23901 3.75
    endloop
  endfacet
  facet normal 0.993712 -0.111964 0
    outer loop
      vertex -0.179971 4.23901 2.75
      vertex -0.19 4.15 3.75
      vertex -0.19 4.15 2.75
    endloop
  endfacet
  facet normal 0.993712 0.111964 0
    outer loop
      vertex -0.179971 4.06099 3.75
      vertex -0.19 4.15 2.75
      vertex -0.19 4.15 3.75
    endloop
  endfacet
  facet normal 0.993712 0.111964 0
    outer loop
      vertex -0.19 4.15 2.75
      vertex -0.179971 4.06099 3.75
      vertex -0.179971 4.06099 2.75
    endloop
  endfacet
  facet normal 0.943876 0.330301 0
    outer loop
      vertex -0.150387 3.97645 3.75
      vertex -0.179971 4.06099 2.75
      vertex -0.179971 4.06099 3.75
    endloop
  endfacet
  facet normal 0.943876 0.330301 0
    outer loop
      vertex -0.179971 4.06099 2.75
      vertex -0.150387 3.97645 3.75
      vertex -0.150387 3.97645 2.75
    endloop
  endfacet
  facet normal 0.846748 0.531994 0
    outer loop
      vertex -0.102732 3.9006 3.75
      vertex -0.150387 3.97645 2.75
      vertex -0.150387 3.97645 3.75
    endloop
  endfacet
  facet normal 0.846748 0.531994 0
    outer loop
      vertex -0.150387 3.97645 2.75
      vertex -0.102732 3.9006 3.75
      vertex -0.102732 3.9006 2.75
    endloop
  endfacet
  facet normal 0.707069 0.707144 0
    outer loop
      vertex -0.0393953 3.83727 3.75
      vertex -0.102732 3.9006 2.75
      vertex -0.102732 3.9006 3.75
    endloop
  endfacet
  facet normal 0.707069 0.707144 0
    outer loop
      vertex -0.102732 3.9006 2.75
      vertex -0.0393953 3.83727 3.75
      vertex -0.0393953 3.83727 2.75
    endloop
  endfacet
  facet normal 0.53208 0.846694 -0
    outer loop
      vertex 0.0364456 3.78961 2.75
      vertex -0.0393953 3.83727 3.75
      vertex 0.0364456 3.78961 3.75
    endloop
  endfacet
  facet normal 0.53208 0.846694 0
    outer loop
      vertex -0.0393953 3.83727 3.75
      vertex 0.0364456 3.78961 2.75
      vertex -0.0393953 3.83727 2.75
    endloop
  endfacet
  facet normal 0.330242 0.943896 -0
    outer loop
      vertex 0.120991 3.76003 2.75
      vertex 0.0364456 3.78961 3.75
      vertex 0.120991 3.76003 3.75
    endloop
  endfacet
  facet normal 0.330242 0.943896 0
    outer loop
      vertex 0.0364456 3.78961 3.75
      vertex 0.120991 3.76003 2.75
      vertex 0.0364456 3.78961 2.75
    endloop
  endfacet
  facet normal 0.111978 0.993711 -0
    outer loop
      vertex 0.209999 3.75 2.75
      vertex 0.120991 3.76003 3.75
      vertex 0.209999 3.75 3.75
    endloop
  endfacet
  facet normal 0.111978 0.993711 0
    outer loop
      vertex 0.120991 3.76003 3.75
      vertex 0.209999 3.75 2.75
      vertex 0.120991 3.76003 2.75
    endloop
  endfacet
  facet normal -0.111977 0.993711 0
    outer loop
      vertex 0.299008 3.76003 2.75
      vertex 0.209999 3.75 3.75
      vertex 0.299008 3.76003 3.75
    endloop
  endfacet
  facet normal -0.111977 0.993711 0
    outer loop
      vertex 0.209999 3.75 3.75
      vertex 0.299008 3.76003 2.75
      vertex 0.209999 3.75 2.75
    endloop
  endfacet
  facet normal -0.33024 0.943897 0
    outer loop
      vertex 0.383554 3.78961 2.75
      vertex 0.299008 3.76003 3.75
      vertex 0.383554 3.78961 3.75
    endloop
  endfacet
  facet normal -0.33024 0.943897 0
    outer loop
      vertex 0.299008 3.76003 3.75
      vertex 0.383554 3.78961 2.75
      vertex 0.299008 3.76003 2.75
    endloop
  endfacet
  facet normal -0.53208 0.846694 0
    outer loop
      vertex 0.459395 3.83727 2.75
      vertex 0.383554 3.78961 3.75
      vertex 0.459395 3.83727 3.75
    endloop
  endfacet
  facet normal -0.53208 0.846694 0
    outer loop
      vertex 0.383554 3.78961 3.75
      vertex 0.459395 3.83727 2.75
      vertex 0.383554 3.78961 2.75
    endloop
  endfacet
  facet normal -0.707068 0.707146 0
    outer loop
      vertex 0.459395 3.83727 2.75
      vertex 0.522732 3.9006 3.75
      vertex 0.522732 3.9006 2.75
    endloop
  endfacet
  facet normal -0.707068 0.707146 0
    outer loop
      vertex 0.522732 3.9006 3.75
      vertex 0.459395 3.83727 2.75
      vertex 0.459395 3.83727 3.75
    endloop
  endfacet
  facet normal -0.846748 0.531994 0
    outer loop
      vertex 0.522732 3.9006 2.75
      vertex 0.570387 3.97645 3.75
      vertex 0.570387 3.97645 2.75
    endloop
  endfacet
  facet normal -0.846748 0.531994 0
    outer loop
      vertex 0.570387 3.97645 3.75
      vertex 0.522732 3.9006 2.75
      vertex 0.522732 3.9006 3.75
    endloop
  endfacet
  facet normal -0.943876 0.330301 0
    outer loop
      vertex 0.570387 3.97645 2.75
      vertex 0.599971 4.06099 3.75
      vertex 0.599971 4.06099 2.75
    endloop
  endfacet
  facet normal -0.943876 0.330301 0
    outer loop
      vertex 0.599971 4.06099 3.75
      vertex 0.570387 3.97645 2.75
      vertex 0.570387 3.97645 3.75
    endloop
  endfacet
  facet normal 0 0 1
    outer loop
      vertex 0.599971 4.23901 2.75
      vertex 0.599971 4.06099 2.75
      vertex 0.61 4.15 2.75
    endloop
  endfacet
  facet normal 0 0 1
    outer loop
      vertex 0.570387 4.32355 2.75
      vertex 0.599971 4.06099 2.75
      vertex 0.599971 4.23901 2.75
    endloop
  endfacet
  facet normal 0 0 1
    outer loop
      vertex 0.570387 4.32355 2.75
      vertex 0.570387 3.97645 2.75
      vertex 0.599971 4.06099 2.75
    endloop
  endfacet
  facet normal 0 0 1
    outer loop
      vertex 0.522732 4.3994 2.75
      vertex 0.570387 3.97645 2.75
      vertex 0.570387 4.32355 2.75
    endloop
  endfacet
  facet normal 0 0 1
    outer loop
      vertex 0.522732 4.3994 2.75
      vertex 0.522732 3.9006 2.75
      vertex 0.570387 3.97645 2.75
    endloop
  endfacet
  facet normal 0 0 1
    outer loop
      vertex 0.459395 4.46273 2.75
      vertex 0.522732 3.9006 2.75
      vertex 0.522732 4.3994 2.75
    endloop
  endfacet
  facet normal 0 0 1
    outer loop
      vertex 0.459395 4.46273 2.75
      vertex 0.459395 3.83727 2.75
      vertex 0.522732 3.9006 2.75
    endloop
  endfacet
  facet normal 0 0 1
    outer loop
      vertex 0.383554 4.51039 2.75
      vertex 0.459395 3.83727 2.75
      vertex 0.459395 4.46273 2.75
    endloop
  endfacet
  facet normal 0 0 1
    outer loop
      vertex 0.383554 4.51039 2.75
      vertex 0.383554 3.78961 2.75
      vertex 0.459395 3.83727 2.75
    endloop
  endfacet
  facet normal 0 0 1
    outer loop
      vertex 0.299008 4.53997 2.75
      vertex 0.383554 3.78961 2.75
      vertex 0.383554 4.51039 2.75
    endloop
  endfacet
  facet normal 0 0 1
    outer loop
      vertex 0.299008 4.53997 2.75
      vertex 0.299008 3.76003 2.75
      vertex 0.383554 3.78961 2.75
    endloop
  endfacet
  facet normal 0 0 1
    outer loop
      vertex 0.209999 4.55 2.75
      vertex 0.299008 3.76003 2.75
      vertex 0.299008 4.53997 2.75
    endloop
  endfacet
  facet normal 0 0 1
    outer loop
      vertex 0.209999 4.55 2.75
      vertex 0.209999 3.75 2.75
      vertex 0.299008 3.76003 2.75
    endloop
  endfacet
  facet normal -0 0 1
    outer loop
      vertex 0.120991 4.53997 2.75
      vertex 0.209999 3.75 2.75
      vertex 0.209999 4.55 2.75
    endloop
  endfacet
  facet normal 0 0 1
    outer loop
      vertex 0.120991 4.53997 2.75
      vertex 0.120991 3.76003 2.75
      vertex 0.209999 3.75 2.75
    endloop
  endfacet
  facet normal -0 0 1
    outer loop
      vertex 0.0364456 4.51039 2.75
      vertex 0.120991 3.76003 2.75
      vertex 0.120991 4.53997 2.75
    endloop
  endfacet
  facet normal 0 0 1
    outer loop
      vertex 0.0364456 4.51039 2.75
      vertex 0.0364456 3.78961 2.75
      vertex 0.120991 3.76003 2.75
    endloop
  endfacet
  facet normal -0 0 1
    outer loop
      vertex -0.0393953 4.46273 2.75
      vertex 0.0364456 3.78961 2.75
      vertex 0.0364456 4.51039 2.75
    endloop
  endfacet
  facet normal 0 0 1
    outer loop
      vertex -0.0393953 4.46273 2.75
      vertex -0.0393953 3.83727 2.75
      vertex 0.0364456 3.78961 2.75
    endloop
  endfacet
  facet normal -0 0 1
    outer loop
      vertex -0.102732 4.3994 2.75
      vertex -0.0393953 3.83727 2.75
      vertex -0.0393953 4.46273 2.75
    endloop
  endfacet
  facet normal 0 0 1
    outer loop
      vertex -0.102732 4.3994 2.75
      vertex -0.102732 3.9006 2.75
      vertex -0.0393953 3.83727 2.75
    endloop
  endfacet
  facet normal -0 0 1
    outer loop
      vertex -0.150387 4.32355 2.75
      vertex -0.102732 3.9006 2.75
      vertex -0.102732 4.3994 2.75
    endloop
  endfacet
  facet normal 0 0 1
    outer loop
      vertex -0.150387 4.32355 2.75
      vertex -0.150387 3.97645 2.75
      vertex -0.102732 3.9006 2.75
    endloop
  endfacet
  facet normal -0 0 1
    outer loop
      vertex -0.179971 4.23901 2.75
      vertex -0.150387 3.97645 2.75
      vertex -0.150387 4.32355 2.75
    endloop
  endfacet
  facet normal 0 0 1
    outer loop
      vertex -0.179971 4.23901 2.75
      vertex -0.179971 4.06099 2.75
      vertex -0.150387 3.97645 2.75
    endloop
  endfacet
  facet normal 0 -0 1
    outer loop
      vertex -0.179971 4.06099 2.75
      vertex -0.179971 4.23901 2.75
      vertex -0.19 4.15 2.75
    endloop
  endfacet
  facet normal -0.993711 0.111975 0
    outer loop
      vertex -3.81003 2.53099 2.75
      vertex -3.8 2.62 3.75
      vertex -3.8 2.62 2.75
    endloop
  endfacet
  facet normal -0.993711 0.111975 0
    outer loop
      vertex -3.8 2.62 3.75
      vertex -3.81003 2.53099 2.75
      vertex -3.81003 2.53099 3.75
    endloop
  endfacet
  facet normal -0.993711 -0.111975 0
    outer loop
      vertex -3.8 2.62 2.75
      vertex -3.81003 2.70901 3.75
      vertex -3.81003 2.70901 2.75
    endloop
  endfacet
  facet normal -0.993711 -0.111975 0
    outer loop
      vertex -3.81003 2.70901 3.75
      vertex -3.8 2.62 2.75
      vertex -3.8 2.62 3.75
    endloop
  endfacet
  facet normal -0.94389 -0.330261 0
    outer loop
      vertex -3.81003 2.70901 2.75
      vertex -3.83961 2.79355 3.75
      vertex -3.83961 2.79355 2.75
    endloop
  endfacet
  facet normal -0.94389 -0.330261 0
    outer loop
      vertex -3.83961 2.79355 3.75
      vertex -3.81003 2.70901 2.75
      vertex -3.81003 2.70901 3.75
    endloop
  endfacet
  facet normal -0.846723 -0.532034 0
    outer loop
      vertex -3.83961 2.79355 2.75
      vertex -3.88727 2.8694 3.75
      vertex -3.88727 2.8694 2.75
    endloop
  endfacet
  facet normal -0.846723 -0.532034 0
    outer loop
      vertex -3.88727 2.8694 3.75
      vertex -3.83961 2.79355 2.75
      vertex -3.83961 2.79355 3.75
    endloop
  endfacet
  facet normal -0.707107 -0.707107 0
    outer loop
      vertex -3.88727 2.8694 2.75
      vertex -3.9506 2.93273 3.75
      vertex -3.9506 2.93273 2.75
    endloop
  endfacet
  facet normal -0.707107 -0.707107 0
    outer loop
      vertex -3.9506 2.93273 3.75
      vertex -3.88727 2.8694 2.75
      vertex -3.88727 2.8694 3.75
    endloop
  endfacet
  facet normal -0.532034 -0.846723 0
    outer loop
      vertex -4.02645 2.98039 2.75
      vertex -3.9506 2.93273 3.75
      vertex -4.02645 2.98039 3.75
    endloop
  endfacet
  facet normal -0.532034 -0.846723 -0
    outer loop
      vertex -3.9506 2.93273 3.75
      vertex -4.02645 2.98039 2.75
      vertex -3.9506 2.93273 2.75
    endloop
  endfacet
  facet normal -0.330261 -0.94389 0
    outer loop
      vertex -4.11099 3.00997 2.75
      vertex -4.02645 2.98039 3.75
      vertex -4.11099 3.00997 3.75
    endloop
  endfacet
  facet normal -0.330261 -0.94389 -0
    outer loop
      vertex -4.02645 2.98039 3.75
      vertex -4.11099 3.00997 2.75
      vertex -4.02645 2.98039 2.75
    endloop
  endfacet
  facet normal -0.111975 -0.993711 0
    outer loop
      vertex -4.2 3.02 2.75
      vertex -4.11099 3.00997 3.75
      vertex -4.2 3.02 3.75
    endloop
  endfacet
  facet normal -0.111975 -0.993711 -0
    outer loop
      vertex -4.11099 3.00997 3.75
      vertex -4.2 3.02 2.75
      vertex -4.11099 3.00997 2.75
    endloop
  endfacet
  facet normal 0.111975 -0.993711 0
    outer loop
      vertex -4.28901 3.00997 2.75
      vertex -4.2 3.02 3.75
      vertex -4.28901 3.00997 3.75
    endloop
  endfacet
  facet normal 0.111975 -0.993711 0
    outer loop
      vertex -4.2 3.02 3.75
      vertex -4.28901 3.00997 2.75
      vertex -4.2 3.02 2.75
    endloop
  endfacet
  facet normal 0.330261 -0.94389 0
    outer loop
      vertex -4.37355 2.98039 2.75
      vertex -4.28901 3.00997 3.75
      vertex -4.37355 2.98039 3.75
    endloop
  endfacet
  facet normal 0.330261 -0.94389 0
    outer loop
      vertex -4.28901 3.00997 3.75
      vertex -4.37355 2.98039 2.75
      vertex -4.28901 3.00997 2.75
    endloop
  endfacet
  facet normal 0.532034 -0.846723 0
    outer loop
      vertex -4.4494 2.93273 2.75
      vertex -4.37355 2.98039 3.75
      vertex -4.4494 2.93273 3.75
    endloop
  endfacet
  facet normal 0.532034 -0.846723 0
    outer loop
      vertex -4.37355 2.98039 3.75
      vertex -4.4494 2.93273 2.75
      vertex -4.37355 2.98039 2.75
    endloop
  endfacet
  facet normal 0.707107 -0.707107 0
    outer loop
      vertex -4.51273 2.8694 3.75
      vertex -4.4494 2.93273 2.75
      vertex -4.4494 2.93273 3.75
    endloop
  endfacet
  facet normal 0.707107 -0.707107 0
    outer loop
      vertex -4.4494 2.93273 2.75
      vertex -4.51273 2.8694 3.75
      vertex -4.51273 2.8694 2.75
    endloop
  endfacet
  facet normal 0.846723 -0.532034 0
    outer loop
      vertex -4.56039 2.79355 3.75
      vertex -4.51273 2.8694 2.75
      vertex -4.51273 2.8694 3.75
    endloop
  endfacet
  facet normal 0.846723 -0.532034 0
    outer loop
      vertex -4.51273 2.8694 2.75
      vertex -4.56039 2.79355 3.75
      vertex -4.56039 2.79355 2.75
    endloop
  endfacet
  facet normal 0.94389 -0.330261 0
    outer loop
      vertex -4.58997 2.70901 3.75
      vertex -4.56039 2.79355 2.75
      vertex -4.56039 2.79355 3.75
    endloop
  endfacet
  facet normal 0.94389 -0.330261 0
    outer loop
      vertex -4.56039 2.79355 2.75
      vertex -4.58997 2.70901 3.75
      vertex -4.58997 2.70901 2.75
    endloop
  endfacet
  facet normal 0.993711 -0.111975 0
    outer loop
      vertex -4.6 2.62 3.75
      vertex -4.58997 2.70901 2.75
      vertex -4.58997 2.70901 3.75
    endloop
  endfacet
  facet normal 0.993711 -0.111975 0
    outer loop
      vertex -4.58997 2.70901 2.75
      vertex -4.6 2.62 3.75
      vertex -4.6 2.62 2.75
    endloop
  endfacet
  facet normal 0.993711 0.111975 0
    outer loop
      vertex -4.58997 2.53099 3.75
      vertex -4.6 2.62 2.75
      vertex -4.6 2.62 3.75
    endloop
  endfacet
  facet normal 0.993711 0.111975 0
    outer loop
      vertex -4.6 2.62 2.75
      vertex -4.58997 2.53099 3.75
      vertex -4.58997 2.53099 2.75
    endloop
  endfacet
  facet normal 0.94389 0.330261 0
    outer loop
      vertex -4.56039 2.44645 3.75
      vertex -4.58997 2.53099 2.75
      vertex -4.58997 2.53099 3.75
    endloop
  endfacet
  facet normal 0.94389 0.330261 0
    outer loop
      vertex -4.58997 2.53099 2.75
      vertex -4.56039 2.44645 3.75
      vertex -4.56039 2.44645 2.75
    endloop
  endfacet
  facet normal 0.846723 0.532034 0
    outer loop
      vertex -4.51273 2.3706 3.75
      vertex -4.56039 2.44645 2.75
      vertex -4.56039 2.44645 3.75
    endloop
  endfacet
  facet normal 0.846723 0.532034 0
    outer loop
      vertex -4.56039 2.44645 2.75
      vertex -4.51273 2.3706 3.75
      vertex -4.51273 2.3706 2.75
    endloop
  endfacet
  facet normal 0.707107 0.707107 0
    outer loop
      vertex -4.4494 2.30727 3.75
      vertex -4.51273 2.3706 2.75
      vertex -4.51273 2.3706 3.75
    endloop
  endfacet
  facet normal 0.707107 0.707107 0
    outer loop
      vertex -4.51273 2.3706 2.75
      vertex -4.4494 2.30727 3.75
      vertex -4.4494 2.30727 2.75
    endloop
  endfacet
  facet normal 0.532034 0.846723 -0
    outer loop
      vertex -4.37355 2.25961 2.75
      vertex -4.4494 2.30727 3.75
      vertex -4.37355 2.25961 3.75
    endloop
  endfacet
  facet normal 0.532034 0.846723 0
    outer loop
      vertex -4.4494 2.30727 3.75
      vertex -4.37355 2.25961 2.75
      vertex -4.4494 2.30727 2.75
    endloop
  endfacet
  facet normal 0.330261 0.94389 -0
    outer loop
      vertex -4.28901 2.23003 2.75
      vertex -4.37355 2.25961 3.75
      vertex -4.28901 2.23003 3.75
    endloop
  endfacet
  facet normal 0.330261 0.94389 0
    outer loop
      vertex -4.37355 2.25961 3.75
      vertex -4.28901 2.23003 2.75
      vertex -4.37355 2.25961 2.75
    endloop
  endfacet
  facet normal 0.111975 0.993711 -0
    outer loop
      vertex -4.2 2.22 2.75
      vertex -4.28901 2.23003 3.75
      vertex -4.2 2.22 3.75
    endloop
  endfacet
  facet normal 0.111975 0.993711 0
    outer loop
      vertex -4.28901 2.23003 3.75
      vertex -4.2 2.22 2.75
      vertex -4.28901 2.23003 2.75
    endloop
  endfacet
  facet normal -0.111975 0.993711 0
    outer loop
      vertex -4.11099 2.23003 2.75
      vertex -4.2 2.22 3.75
      vertex -4.11099 2.23003 3.75
    endloop
  endfacet
  facet normal -0.111975 0.993711 0
    outer loop
      vertex -4.2 2.22 3.75
      vertex -4.11099 2.23003 2.75
      vertex -4.2 2.22 2.75
    endloop
  endfacet
  facet normal -0.330261 0.94389 0
    outer loop
      vertex -4.02645 2.25961 2.75
      vertex -4.11099 2.23003 3.75
      vertex -4.02645 2.25961 3.75
    endloop
  endfacet
  facet normal -0.330261 0.94389 0
    outer loop
      vertex -4.11099 2.23003 3.75
      vertex -4.02645 2.25961 2.75
      vertex -4.11099 2.23003 2.75
    endloop
  endfacet
  facet normal -0.532034 0.846723 0
    outer loop
      vertex -3.9506 2.30727 2.75
      vertex -4.02645 2.25961 3.75
      vertex -3.9506 2.30727 3.75
    endloop
  endfacet
  facet normal -0.532034 0.846723 0
    outer loop
      vertex -4.02645 2.25961 3.75
      vertex -3.9506 2.30727 2.75
      vertex -4.02645 2.25961 2.75
    endloop
  endfacet
  facet normal -0.707107 0.707107 0
    outer loop
      vertex -3.9506 2.30727 2.75
      vertex -3.88727 2.3706 3.75
      vertex -3.88727 2.3706 2.75
    endloop
  endfacet
  facet normal -0.707107 0.707107 0
    outer loop
      vertex -3.88727 2.3706 3.75
      vertex -3.9506 2.30727 2.75
      vertex -3.9506 2.30727 3.75
    endloop
  endfacet
  facet normal -0.846723 0.532034 0
    outer loop
      vertex -3.88727 2.3706 2.75
      vertex -3.83961 2.44645 3.75
      vertex -3.83961 2.44645 2.75
    endloop
  endfacet
  facet normal -0.846723 0.532034 0
    outer loop
      vertex -3.83961 2.44645 3.75
      vertex -3.88727 2.3706 2.75
      vertex -3.88727 2.3706 3.75
    endloop
  endfacet
  facet normal -0.94389 0.330261 0
    outer loop
      vertex -3.83961 2.44645 2.75
      vertex -3.81003 2.53099 3.75
      vertex -3.81003 2.53099 2.75
    endloop
  endfacet
  facet normal -0.94389 0.330261 0
    outer loop
      vertex -3.81003 2.53099 3.75
      vertex -3.83961 2.44645 2.75
      vertex -3.83961 2.44645 3.75
    endloop
  endfacet
  facet normal 0 0 1
    outer loop
      vertex -3.81003 2.70901 2.75
      vertex -3.81003 2.53099 2.75
      vertex -3.8 2.62 2.75
    endloop
  endfacet
  facet normal 0 0 1
    outer loop
      vertex -3.83961 2.79355 2.75
      vertex -3.81003 2.53099 2.75
      vertex -3.81003 2.70901 2.75
    endloop
  endfacet
  facet normal 0 0 1
    outer loop
      vertex -3.83961 2.79355 2.75
      vertex -3.83961 2.44645 2.75
      vertex -3.81003 2.53099 2.75
    endloop
  endfacet
  facet normal 0 0 1
    outer loop
      vertex -3.88727 2.8694 2.75
      vertex -3.83961 2.44645 2.75
      vertex -3.83961 2.79355 2.75
    endloop
  endfacet
  facet normal 0 0 1
    outer loop
      vertex -3.88727 2.8694 2.75
      vertex -3.88727 2.3706 2.75
      vertex -3.83961 2.44645 2.75
    endloop
  endfacet
  facet normal 0 0 1
    outer loop
      vertex -3.9506 2.93273 2.75
      vertex -3.88727 2.3706 2.75
      vertex -3.88727 2.8694 2.75
    endloop
  endfacet
  facet normal 0 0 1
    outer loop
      vertex -3.9506 2.93273 2.75
      vertex -3.9506 2.30727 2.75
      vertex -3.88727 2.3706 2.75
    endloop
  endfacet
  facet normal 0 0 1
    outer loop
      vertex -4.02645 2.98039 2.75
      vertex -3.9506 2.30727 2.75
      vertex -3.9506 2.93273 2.75
    endloop
  endfacet
  facet normal 0 0 1
    outer loop
      vertex -4.02645 2.98039 2.75
      vertex -4.02645 2.25961 2.75
      vertex -3.9506 2.30727 2.75
    endloop
  endfacet
  facet normal 0 0 1
    outer loop
      vertex -4.11099 3.00997 2.75
      vertex -4.02645 2.25961 2.75
      vertex -4.02645 2.98039 2.75
    endloop
  endfacet
  facet normal 0 0 1
    outer loop
      vertex -4.11099 3.00997 2.75
      vertex -4.11099 2.23003 2.75
      vertex -4.02645 2.25961 2.75
    endloop
  endfacet
  facet normal 0 0 1
    outer loop
      vertex -4.2 3.02 2.75
      vertex -4.11099 2.23003 2.75
      vertex -4.11099 3.00997 2.75
    endloop
  endfacet
  facet normal 0 0 1
    outer loop
      vertex -4.2 3.02 2.75
      vertex -4.2 2.22 2.75
      vertex -4.11099 2.23003 2.75
    endloop
  endfacet
  facet normal -0 0 1
    outer loop
      vertex -4.28901 3.00997 2.75
      vertex -4.2 2.22 2.75
      vertex -4.2 3.02 2.75
    endloop
  endfacet
  facet normal 0 0 1
    outer loop
      vertex -4.28901 3.00997 2.75
      vertex -4.28901 2.23003 2.75
      vertex -4.2 2.22 2.75
    endloop
  endfacet
  facet normal -0 0 1
    outer loop
      vertex -4.37355 2.98039 2.75
      vertex -4.28901 2.23003 2.75
      vertex -4.28901 3.00997 2.75
    endloop
  endfacet
  facet normal 0 0 1
    outer loop
      vertex -4.37355 2.98039 2.75
      vertex -4.37355 2.25961 2.75
      vertex -4.28901 2.23003 2.75
    endloop
  endfacet
  facet normal -0 0 1
    outer loop
      vertex -4.4494 2.93273 2.75
      vertex -4.37355 2.25961 2.75
      vertex -4.37355 2.98039 2.75
    endloop
  endfacet
  facet normal 0 0 1
    outer loop
      vertex -4.4494 2.93273 2.75
      vertex -4.4494 2.30727 2.75
      vertex -4.37355 2.25961 2.75
    endloop
  endfacet
  facet normal -0 0 1
    outer loop
      vertex -4.51273 2.8694 2.75
      vertex -4.4494 2.30727 2.75
      vertex -4.4494 2.93273 2.75
    endloop
  endfacet
  facet normal 0 0 1
    outer loop
      vertex -4.51273 2.8694 2.75
      vertex -4.51273 2.3706 2.75
      vertex -4.4494 2.30727 2.75
    endloop
  endfacet
  facet normal -0 0 1
    outer loop
      vertex -4.56039 2.79355 2.75
      vertex -4.51273 2.3706 2.75
      vertex -4.51273 2.8694 2.75
    endloop
  endfacet
  facet normal 0 0 1
    outer loop
      vertex -4.56039 2.79355 2.75
      vertex -4.56039 2.44645 2.75
      vertex -4.51273 2.3706 2.75
    endloop
  endfacet
  facet normal -0 0 1
    outer loop
      vertex -4.58997 2.70901 2.75
      vertex -4.56039 2.44645 2.75
      vertex -4.56039 2.79355 2.75
    endloop
  endfacet
  facet normal 0 0 1
    outer loop
      vertex -4.58997 2.70901 2.75
      vertex -4.58997 2.53099 2.75
      vertex -4.56039 2.44645 2.75
    endloop
  endfacet
  facet normal 0 -0 1
    outer loop
      vertex -4.58997 2.53099 2.75
      vertex -4.58997 2.70901 2.75
      vertex -4.6 2.62 2.75
    endloop
  endfacet
  facet normal -0.993713 0.111953 0
    outer loop
      vertex -0.950028 -4.23901 2.75
      vertex -0.94 -4.15 3.75
      vertex -0.94 -4.15 2.75
    endloop
  endfacet
  facet normal -0.993713 0.111953 0
    outer loop
      vertex -0.94 -4.15 3.75
      vertex -0.950028 -4.23901 2.75
      vertex -0.950028 -4.23901 3.75
    endloop
  endfacet
  facet normal -0.993713 -0.111953 0
    outer loop
      vertex -0.94 -4.15 2.75
      vertex -0.950028 -4.06099 3.75
      vertex -0.950028 -4.06099 2.75
    endloop
  endfacet
  facet normal -0.993713 -0.111953 0
    outer loop
      vertex -0.950028 -4.06099 3.75
      vertex -0.94 -4.15 2.75
      vertex -0.94 -4.15 3.75
    endloop
  endfacet
  facet normal -0.943876 -0.330301 0
    outer loop
      vertex -0.950028 -4.06099 2.75
      vertex -0.979612 -3.97645 3.75
      vertex -0.979612 -3.97645 2.75
    endloop
  endfacet
  facet normal -0.943876 -0.330301 0
    outer loop
      vertex -0.979612 -3.97645 3.75
      vertex -0.950028 -4.06099 2.75
      vertex -0.950028 -4.06099 3.75
    endloop
  endfacet
  facet normal -0.846733 -0.532018 0
    outer loop
      vertex -0.979612 -3.97645 2.75
      vertex -1.02727 -3.9006 3.75
      vertex -1.02727 -3.9006 2.75
    endloop
  endfacet
  facet normal -0.846733 -0.532018 0
    outer loop
      vertex -1.02727 -3.9006 3.75
      vertex -0.979612 -3.97645 2.75
      vertex -0.979612 -3.97645 3.75
    endloop
  endfacet
  facet normal -0.707107 -0.707107 0
    outer loop
      vertex -1.02727 -3.9006 2.75
      vertex -1.0906 -3.83727 3.75
      vertex -1.0906 -3.83727 2.75
    endloop
  endfacet
  facet normal -0.707107 -0.707107 0
    outer loop
      vertex -1.0906 -3.83727 3.75
      vertex -1.02727 -3.9006 2.75
      vertex -1.02727 -3.9006 3.75
    endloop
  endfacet
  facet normal -0.532034 -0.846723 0
    outer loop
      vertex -1.16645 -3.78961 2.75
      vertex -1.0906 -3.83727 3.75
      vertex -1.16645 -3.78961 3.75
    endloop
  endfacet
  facet normal -0.532034 -0.846723 -0
    outer loop
      vertex -1.0906 -3.83727 3.75
      vertex -1.16645 -3.78961 2.75
      vertex -1.0906 -3.83727 2.75
    endloop
  endfacet
  facet normal -0.330261 -0.94389 0
    outer loop
      vertex -1.25099 -3.76003 2.75
      vertex -1.16645 -3.78961 3.75
      vertex -1.25099 -3.76003 3.75
    endloop
  endfacet
  facet normal -0.330261 -0.94389 -0
    outer loop
      vertex -1.16645 -3.78961 3.75
      vertex -1.25099 -3.76003 2.75
      vertex -1.16645 -3.78961 2.75
    endloop
  endfacet
  facet normal -0.111975 -0.993711 0
    outer loop
      vertex -1.34 -3.75 2.75
      vertex -1.25099 -3.76003 3.75
      vertex -1.34 -3.75 3.75
    endloop
  endfacet
  facet normal -0.111975 -0.993711 -0
    outer loop
      vertex -1.25099 -3.76003 3.75
      vertex -1.34 -3.75 2.75
      vertex -1.25099 -3.76003 2.75
    endloop
  endfacet
  facet normal 0.111975 -0.993711 0
    outer loop
      vertex -1.42901 -3.76003 2.75
      vertex -1.34 -3.75 3.75
      vertex -1.42901 -3.76003 3.75
    endloop
  endfacet
  facet normal 0.111975 -0.993711 0
    outer loop
      vertex -1.34 -3.75 3.75
      vertex -1.42901 -3.76003 2.75
      vertex -1.34 -3.75 2.75
    endloop
  endfacet
  facet normal 0.330261 -0.94389 0
    outer loop
      vertex -1.51355 -3.78961 2.75
      vertex -1.42901 -3.76003 3.75
      vertex -1.51355 -3.78961 3.75
    endloop
  endfacet
  facet normal 0.330261 -0.94389 0
    outer loop
      vertex -1.42901 -3.76003 3.75
      vertex -1.51355 -3.78961 2.75
      vertex -1.42901 -3.76003 2.75
    endloop
  endfacet
  facet normal 0.532034 -0.846723 0
    outer loop
      vertex -1.5894 -3.83727 2.75
      vertex -1.51355 -3.78961 3.75
      vertex -1.5894 -3.83727 3.75
    endloop
  endfacet
  facet normal 0.532034 -0.846723 0
    outer loop
      vertex -1.51355 -3.78961 3.75
      vertex -1.5894 -3.83727 2.75
      vertex -1.51355 -3.78961 2.75
    endloop
  endfacet
  facet normal 0.707107 -0.707107 0
    outer loop
      vertex -1.65273 -3.9006 3.75
      vertex -1.5894 -3.83727 2.75
      vertex -1.5894 -3.83727 3.75
    endloop
  endfacet
  facet normal 0.707107 -0.707107 0
    outer loop
      vertex -1.5894 -3.83727 2.75
      vertex -1.65273 -3.9006 3.75
      vertex -1.65273 -3.9006 2.75
    endloop
  endfacet
  facet normal 0.846723 -0.532034 0
    outer loop
      vertex -1.70039 -3.97645 3.75
      vertex -1.65273 -3.9006 2.75
      vertex -1.65273 -3.9006 3.75
    endloop
  endfacet
  facet normal 0.846723 -0.532034 0
    outer loop
      vertex -1.65273 -3.9006 2.75
      vertex -1.70039 -3.97645 3.75
      vertex -1.70039 -3.97645 2.75
    endloop
  endfacet
  facet normal 0.94389 -0.330261 0
    outer loop
      vertex -1.72997 -4.06099 3.75
      vertex -1.70039 -3.97645 2.75
      vertex -1.70039 -3.97645 3.75
    endloop
  endfacet
  facet normal 0.94389 -0.330261 0
    outer loop
      vertex -1.70039 -3.97645 2.75
      vertex -1.72997 -4.06099 3.75
      vertex -1.72997 -4.06099 2.75
    endloop
  endfacet
  facet normal 0.993711 -0.111975 0
    outer loop
      vertex -1.74 -4.15 3.75
      vertex -1.72997 -4.06099 2.75
      vertex -1.72997 -4.06099 3.75
    endloop
  endfacet
  facet normal 0.993711 -0.111975 0
    outer loop
      vertex -1.72997 -4.06099 2.75
      vertex -1.74 -4.15 3.75
      vertex -1.74 -4.15 2.75
    endloop
  endfacet
  facet normal 0.993711 0.111975 0
    outer loop
      vertex -1.72997 -4.23901 3.75
      vertex -1.74 -4.15 2.75
      vertex -1.74 -4.15 3.75
    endloop
  endfacet
  facet normal 0.993711 0.111975 0
    outer loop
      vertex -1.74 -4.15 2.75
      vertex -1.72997 -4.23901 3.75
      vertex -1.72997 -4.23901 2.75
    endloop
  endfacet
  facet normal 0.94389 0.330261 0
    outer loop
      vertex -1.70039 -4.32355 3.75
      vertex -1.72997 -4.23901 2.75
      vertex -1.72997 -4.23901 3.75
    endloop
  endfacet
  facet normal 0.94389 0.330261 0
    outer loop
      vertex -1.72997 -4.23901 2.75
      vertex -1.70039 -4.32355 3.75
      vertex -1.70039 -4.32355 2.75
    endloop
  endfacet
  facet normal 0.846723 0.532034 0
    outer loop
      vertex -1.65273 -4.3994 3.75
      vertex -1.70039 -4.32355 2.75
      vertex -1.70039 -4.32355 3.75
    endloop
  endfacet
  facet normal 0.846723 0.532034 0
    outer loop
      vertex -1.70039 -4.32355 2.75
      vertex -1.65273 -4.3994 3.75
      vertex -1.65273 -4.3994 2.75
    endloop
  endfacet
  facet normal 0.707107 0.707107 0
    outer loop
      vertex -1.5894 -4.46273 3.75
      vertex -1.65273 -4.3994 2.75
      vertex -1.65273 -4.3994 3.75
    endloop
  endfacet
  facet normal 0.707107 0.707107 0
    outer loop
      vertex -1.65273 -4.3994 2.75
      vertex -1.5894 -4.46273 3.75
      vertex -1.5894 -4.46273 2.75
    endloop
  endfacet
  facet normal 0.532034 0.846723 -0
    outer loop
      vertex -1.51355 -4.51039 2.75
      vertex -1.5894 -4.46273 3.75
      vertex -1.51355 -4.51039 3.75
    endloop
  endfacet
  facet normal 0.532034 0.846723 0
    outer loop
      vertex -1.5894 -4.46273 3.75
      vertex -1.51355 -4.51039 2.75
      vertex -1.5894 -4.46273 2.75
    endloop
  endfacet
  facet normal 0.330261 0.94389 -0
    outer loop
      vertex -1.42901 -4.53997 2.75
      vertex -1.51355 -4.51039 3.75
      vertex -1.42901 -4.53997 3.75
    endloop
  endfacet
  facet normal 0.330261 0.94389 0
    outer loop
      vertex -1.51355 -4.51039 3.75
      vertex -1.42901 -4.53997 2.75
      vertex -1.51355 -4.51039 2.75
    endloop
  endfacet
  facet normal 0.111975 0.993711 -0
    outer loop
      vertex -1.34 -4.55 2.75
      vertex -1.42901 -4.53997 3.75
      vertex -1.34 -4.55 3.75
    endloop
  endfacet
  facet normal 0.111975 0.993711 0
    outer loop
      vertex -1.42901 -4.53997 3.75
      vertex -1.34 -4.55 2.75
      vertex -1.42901 -4.53997 2.75
    endloop
  endfacet
  facet normal -0.111975 0.993711 0
    outer loop
      vertex -1.25099 -4.53997 2.75
      vertex -1.34 -4.55 3.75
      vertex -1.25099 -4.53997 3.75
    endloop
  endfacet
  facet normal -0.111975 0.993711 0
    outer loop
      vertex -1.34 -4.55 3.75
      vertex -1.25099 -4.53997 2.75
      vertex -1.34 -4.55 2.75
    endloop
  endfacet
  facet normal -0.330261 0.94389 0
    outer loop
      vertex -1.16645 -4.51039 2.75
      vertex -1.25099 -4.53997 3.75
      vertex -1.16645 -4.51039 3.75
    endloop
  endfacet
  facet normal -0.330261 0.94389 0
    outer loop
      vertex -1.25099 -4.53997 3.75
      vertex -1.16645 -4.51039 2.75
      vertex -1.25099 -4.53997 2.75
    endloop
  endfacet
  facet normal -0.532034 0.846723 0
    outer loop
      vertex -1.0906 -4.46273 2.75
      vertex -1.16645 -4.51039 3.75
      vertex -1.0906 -4.46273 3.75
    endloop
  endfacet
  facet normal -0.532034 0.846723 0
    outer loop
      vertex -1.16645 -4.51039 3.75
      vertex -1.0906 -4.46273 2.75
      vertex -1.16645 -4.51039 2.75
    endloop
  endfacet
  facet normal -0.707107 0.707107 0
    outer loop
      vertex -1.0906 -4.46273 2.75
      vertex -1.02727 -4.3994 3.75
      vertex -1.02727 -4.3994 2.75
    endloop
  endfacet
  facet normal -0.707107 0.707107 0
    outer loop
      vertex -1.02727 -4.3994 3.75
      vertex -1.0906 -4.46273 2.75
      vertex -1.0906 -4.46273 3.75
    endloop
  endfacet
  facet normal -0.846733 0.532018 0
    outer loop
      vertex -1.02727 -4.3994 2.75
      vertex -0.979612 -4.32355 3.75
      vertex -0.979612 -4.32355 2.75
    endloop
  endfacet
  facet normal -0.846733 0.532018 0
    outer loop
      vertex -0.979612 -4.32355 3.75
      vertex -1.02727 -4.3994 2.75
      vertex -1.02727 -4.3994 3.75
    endloop
  endfacet
  facet normal -0.943876 0.330301 0
    outer loop
      vertex -0.979612 -4.32355 2.75
      vertex -0.950028 -4.23901 3.75
      vertex -0.950028 -4.23901 2.75
    endloop
  endfacet
  facet normal -0.943876 0.330301 0
    outer loop
      vertex -0.950028 -4.23901 3.75
      vertex -0.979612 -4.32355 2.75
      vertex -0.979612 -4.32355 3.75
    endloop
  endfacet
  facet normal 0 0 1
    outer loop
      vertex -0.950028 -4.06099 2.75
      vertex -0.950028 -4.23901 2.75
      vertex -0.94 -4.15 2.75
    endloop
  endfacet
  facet normal 0 0 1
    outer loop
      vertex -0.979612 -3.97645 2.75
      vertex -0.950028 -4.23901 2.75
      vertex -0.950028 -4.06099 2.75
    endloop
  endfacet
  facet normal 0 0 1
    outer loop
      vertex -0.979612 -3.97645 2.75
      vertex -0.979612 -4.32355 2.75
      vertex -0.950028 -4.23901 2.75
    endloop
  endfacet
  facet normal 0 0 1
    outer loop
      vertex -1.02727 -3.9006 2.75
      vertex -0.979612 -4.32355 2.75
      vertex -0.979612 -3.97645 2.75
    endloop
  endfacet
  facet normal 0 0 1
    outer loop
      vertex -1.02727 -3.9006 2.75
      vertex -1.02727 -4.3994 2.75
      vertex -0.979612 -4.32355 2.75
    endloop
  endfacet
  facet normal 0 0 1
    outer loop
      vertex -1.0906 -3.83727 2.75
      vertex -1.02727 -4.3994 2.75
      vertex -1.02727 -3.9006 2.75
    endloop
  endfacet
  facet normal 0 0 1
    outer loop
      vertex -1.0906 -3.83727 2.75
      vertex -1.0906 -4.46273 2.75
      vertex -1.02727 -4.3994 2.75
    endloop
  endfacet
  facet normal 0 0 1
    outer loop
      vertex -1.16645 -3.78961 2.75
      vertex -1.0906 -4.46273 2.75
      vertex -1.0906 -3.83727 2.75
    endloop
  endfacet
  facet normal 0 0 1
    outer loop
      vertex -1.16645 -3.78961 2.75
      vertex -1.16645 -4.51039 2.75
      vertex -1.0906 -4.46273 2.75
    endloop
  endfacet
  facet normal 0 0 1
    outer loop
      vertex -1.25099 -3.76003 2.75
      vertex -1.16645 -4.51039 2.75
      vertex -1.16645 -3.78961 2.75
    endloop
  endfacet
  facet normal 0 0 1
    outer loop
      vertex -1.25099 -3.76003 2.75
      vertex -1.25099 -4.53997 2.75
      vertex -1.16645 -4.51039 2.75
    endloop
  endfacet
  facet normal 0 0 1
    outer loop
      vertex -1.34 -3.75 2.75
      vertex -1.25099 -4.53997 2.75
      vertex -1.25099 -3.76003 2.75
    endloop
  endfacet
  facet normal 0 0 1
    outer loop
      vertex -1.34 -3.75 2.75
      vertex -1.34 -4.55 2.75
      vertex -1.25099 -4.53997 2.75
    endloop
  endfacet
  facet normal -0 0 1
    outer loop
      vertex -1.42901 -3.76003 2.75
      vertex -1.34 -4.55 2.75
      vertex -1.34 -3.75 2.75
    endloop
  endfacet
  facet normal 0 0 1
    outer loop
      vertex -1.42901 -3.76003 2.75
      vertex -1.42901 -4.53997 2.75
      vertex -1.34 -4.55 2.75
    endloop
  endfacet
  facet normal -0 0 1
    outer loop
      vertex -1.51355 -3.78961 2.75
      vertex -1.42901 -4.53997 2.75
      vertex -1.42901 -3.76003 2.75
    endloop
  endfacet
  facet normal 0 0 1
    outer loop
      vertex -1.51355 -3.78961 2.75
      vertex -1.51355 -4.51039 2.75
      vertex -1.42901 -4.53997 2.75
    endloop
  endfacet
  facet normal -0 0 1
    outer loop
      vertex -1.5894 -3.83727 2.75
      vertex -1.51355 -4.51039 2.75
      vertex -1.51355 -3.78961 2.75
    endloop
  endfacet
  facet normal 0 0 1
    outer loop
      vertex -1.5894 -3.83727 2.75
      vertex -1.5894 -4.46273 2.75
      vertex -1.51355 -4.51039 2.75
    endloop
  endfacet
  facet normal -0 0 1
    outer loop
      vertex -1.65273 -3.9006 2.75
      vertex -1.5894 -4.46273 2.75
      vertex -1.5894 -3.83727 2.75
    endloop
  endfacet
  facet normal 0 0 1
    outer loop
      vertex -1.65273 -3.9006 2.75
      vertex -1.65273 -4.3994 2.75
      vertex -1.5894 -4.46273 2.75
    endloop
  endfacet
  facet normal -0 0 1
    outer loop
      vertex -1.70039 -3.97645 2.75
      vertex -1.65273 -4.3994 2.75
      vertex -1.65273 -3.9006 2.75
    endloop
  endfacet
  facet normal 0 0 1
    outer loop
      vertex -1.70039 -3.97645 2.75
      vertex -1.70039 -4.32355 2.75
      vertex -1.65273 -4.3994 2.75
    endloop
  endfacet
  facet normal -0 0 1
    outer loop
      vertex -1.72997 -4.06099 2.75
      vertex -1.70039 -4.32355 2.75
      vertex -1.70039 -3.97645 2.75
    endloop
  endfacet
  facet normal 0 0 1
    outer loop
      vertex -1.72997 -4.06099 2.75
      vertex -1.72997 -4.23901 2.75
      vertex -1.70039 -4.32355 2.75
    endloop
  endfacet
  facet normal 0 -0 1
    outer loop
      vertex -1.72997 -4.23901 2.75
      vertex -1.72997 -4.06099 2.75
      vertex -1.74 -4.15 2.75
    endloop
  endfacet
  facet normal -0.993711 0.111975 0
    outer loop
      vertex 4.58997 -3.83901 2.75
      vertex 4.6 -3.75 3.75
      vertex 4.6 -3.75 2.75
    endloop
  endfacet
  facet normal -0.993711 0.111975 0
    outer loop
      vertex 4.6 -3.75 3.75
      vertex 4.58997 -3.83901 2.75
      vertex 4.58997 -3.83901 3.75
    endloop
  endfacet
  facet normal -0.993711 -0.111975 0
    outer loop
      vertex 4.6 -3.75 2.75
      vertex 4.58997 -3.66099 3.75
      vertex 4.58997 -3.66099 2.75
    endloop
  endfacet
  facet normal -0.993711 -0.111975 0
    outer loop
      vertex 4.58997 -3.66099 3.75
      vertex 4.6 -3.75 2.75
      vertex 4.6 -3.75 3.75
    endloop
  endfacet
  facet normal -0.94389 -0.330261 0
    outer loop
      vertex 4.58997 -3.66099 2.75
      vertex 4.56039 -3.57645 3.75
      vertex 4.56039 -3.57645 2.75
    endloop
  endfacet
  facet normal -0.94389 -0.330261 0
    outer loop
      vertex 4.56039 -3.57645 3.75
      vertex 4.58997 -3.66099 2.75
      vertex 4.58997 -3.66099 3.75
    endloop
  endfacet
  facet normal -0.846723 -0.532034 0
    outer loop
      vertex 4.56039 -3.57645 2.75
      vertex 4.51273 -3.5006 3.75
      vertex 4.51273 -3.5006 2.75
    endloop
  endfacet
  facet normal -0.846723 -0.532034 0
    outer loop
      vertex 4.51273 -3.5006 3.75
      vertex 4.56039 -3.57645 2.75
      vertex 4.56039 -3.57645 3.75
    endloop
  endfacet
  facet normal -0.707107 -0.707107 0
    outer loop
      vertex 4.51273 -3.5006 2.75
      vertex 4.4494 -3.43727 3.75
      vertex 4.4494 -3.43727 2.75
    endloop
  endfacet
  facet normal -0.707107 -0.707107 0
    outer loop
      vertex 4.4494 -3.43727 3.75
      vertex 4.51273 -3.5006 2.75
      vertex 4.51273 -3.5006 3.75
    endloop
  endfacet
  facet normal -0.532034 -0.846723 0
    outer loop
      vertex 4.37355 -3.38961 2.75
      vertex 4.4494 -3.43727 3.75
      vertex 4.37355 -3.38961 3.75
    endloop
  endfacet
  facet normal -0.532034 -0.846723 -0
    outer loop
      vertex 4.4494 -3.43727 3.75
      vertex 4.37355 -3.38961 2.75
      vertex 4.4494 -3.43727 2.75
    endloop
  endfacet
  facet normal -0.330261 -0.94389 0
    outer loop
      vertex 4.28901 -3.36003 2.75
      vertex 4.37355 -3.38961 3.75
      vertex 4.28901 -3.36003 3.75
    endloop
  endfacet
  facet normal -0.330261 -0.94389 -0
    outer loop
      vertex 4.37355 -3.38961 3.75
      vertex 4.28901 -3.36003 2.75
      vertex 4.37355 -3.38961 2.75
    endloop
  endfacet
  facet normal -0.111975 -0.993711 0
    outer loop
      vertex 4.2 -3.35 2.75
      vertex 4.28901 -3.36003 3.75
      vertex 4.2 -3.35 3.75
    endloop
  endfacet
  facet normal -0.111975 -0.993711 -0
    outer loop
      vertex 4.28901 -3.36003 3.75
      vertex 4.2 -3.35 2.75
      vertex 4.28901 -3.36003 2.75
    endloop
  endfacet
  facet normal 0.111975 -0.993711 0
    outer loop
      vertex 4.11099 -3.36003 2.75
      vertex 4.2 -3.35 3.75
      vertex 4.11099 -3.36003 3.75
    endloop
  endfacet
  facet normal 0.111975 -0.993711 0
    outer loop
      vertex 4.2 -3.35 3.75
      vertex 4.11099 -3.36003 2.75
      vertex 4.2 -3.35 2.75
    endloop
  endfacet
  facet normal 0.330261 -0.94389 0
    outer loop
      vertex 4.02645 -3.38961 2.75
      vertex 4.11099 -3.36003 3.75
      vertex 4.02645 -3.38961 3.75
    endloop
  endfacet
  facet normal 0.330261 -0.94389 0
    outer loop
      vertex 4.11099 -3.36003 3.75
      vertex 4.02645 -3.38961 2.75
      vertex 4.11099 -3.36003 2.75
    endloop
  endfacet
  facet normal 0.532034 -0.846723 0
    outer loop
      vertex 3.9506 -3.43727 2.75
      vertex 4.02645 -3.38961 3.75
      vertex 3.9506 -3.43727 3.75
    endloop
  endfacet
  facet normal 0.532034 -0.846723 0
    outer loop
      vertex 4.02645 -3.38961 3.75
      vertex 3.9506 -3.43727 2.75
      vertex 4.02645 -3.38961 2.75
    endloop
  endfacet
  facet normal 0.707107 -0.707107 0
    outer loop
      vertex 3.88727 -3.5006 3.75
      vertex 3.9506 -3.43727 2.75
      vertex 3.9506 -3.43727 3.75
    endloop
  endfacet
  facet normal 0.707107 -0.707107 0
    outer loop
      vertex 3.9506 -3.43727 2.75
      vertex 3.88727 -3.5006 3.75
      vertex 3.88727 -3.5006 2.75
    endloop
  endfacet
  facet normal 0.846723 -0.532034 0
    outer loop
      vertex 3.83961 -3.57645 3.75
      vertex 3.88727 -3.5006 2.75
      vertex 3.88727 -3.5006 3.75
    endloop
  endfacet
  facet normal 0.846723 -0.532034 0
    outer loop
      vertex 3.88727 -3.5006 2.75
      vertex 3.83961 -3.57645 3.75
      vertex 3.83961 -3.57645 2.75
    endloop
  endfacet
  facet normal 0.94389 -0.330261 0
    outer loop
      vertex 3.81003 -3.66099 3.75
      vertex 3.83961 -3.57645 2.75
      vertex 3.83961 -3.57645 3.75
    endloop
  endfacet
  facet normal 0.94389 -0.330261 0
    outer loop
      vertex 3.83961 -3.57645 2.75
      vertex 3.81003 -3.66099 3.75
      vertex 3.81003 -3.66099 2.75
    endloop
  endfacet
  facet normal 0.993711 -0.111975 0
    outer loop
      vertex 3.8 -3.75 3.75
      vertex 3.81003 -3.66099 2.75
      vertex 3.81003 -3.66099 3.75
    endloop
  endfacet
  facet normal 0.993711 -0.111975 0
    outer loop
      vertex 3.81003 -3.66099 2.75
      vertex 3.8 -3.75 3.75
      vertex 3.8 -3.75 2.75
    endloop
  endfacet
  facet normal 0.993711 0.111975 0
    outer loop
      vertex 3.81003 -3.83901 3.75
      vertex 3.8 -3.75 2.75
      vertex 3.8 -3.75 3.75
    endloop
  endfacet
  facet normal 0.993711 0.111975 0
    outer loop
      vertex 3.8 -3.75 2.75
      vertex 3.81003 -3.83901 3.75
      vertex 3.81003 -3.83901 2.75
    endloop
  endfacet
  facet normal 0.94389 0.330261 0
    outer loop
      vertex 3.83961 -3.92355 3.75
      vertex 3.81003 -3.83901 2.75
      vertex 3.81003 -3.83901 3.75
    endloop
  endfacet
  facet normal 0.94389 0.330261 0
    outer loop
      vertex 3.81003 -3.83901 2.75
      vertex 3.83961 -3.92355 3.75
      vertex 3.83961 -3.92355 2.75
    endloop
  endfacet
  facet normal 0.846723 0.532034 0
    outer loop
      vertex 3.88727 -3.9994 3.75
      vertex 3.83961 -3.92355 2.75
      vertex 3.83961 -3.92355 3.75
    endloop
  endfacet
  facet normal 0.846723 0.532034 0
    outer loop
      vertex 3.83961 -3.92355 2.75
      vertex 3.88727 -3.9994 3.75
      vertex 3.88727 -3.9994 2.75
    endloop
  endfacet
  facet normal 0.707107 0.707107 0
    outer loop
      vertex 3.9506 -4.06273 3.75
      vertex 3.88727 -3.9994 2.75
      vertex 3.88727 -3.9994 3.75
    endloop
  endfacet
  facet normal 0.707107 0.707107 0
    outer loop
      vertex 3.88727 -3.9994 2.75
      vertex 3.9506 -4.06273 3.75
      vertex 3.9506 -4.06273 2.75
    endloop
  endfacet
  facet normal 0.532034 0.846723 -0
    outer loop
      vertex 4.02645 -4.11039 2.75
      vertex 3.9506 -4.06273 3.75
      vertex 4.02645 -4.11039 3.75
    endloop
  endfacet
  facet normal 0.532034 0.846723 0
    outer loop
      vertex 3.9506 -4.06273 3.75
      vertex 4.02645 -4.11039 2.75
      vertex 3.9506 -4.06273 2.75
    endloop
  endfacet
  facet normal 0.330261 0.94389 -0
    outer loop
      vertex 4.11099 -4.13997 2.75
      vertex 4.02645 -4.11039 3.75
      vertex 4.11099 -4.13997 3.75
    endloop
  endfacet
  facet normal 0.330261 0.94389 0
    outer loop
      vertex 4.02645 -4.11039 3.75
      vertex 4.11099 -4.13997 2.75
      vertex 4.02645 -4.11039 2.75
    endloop
  endfacet
  facet normal 0.111975 0.993711 -0
    outer loop
      vertex 4.2 -4.15 2.75
      vertex 4.11099 -4.13997 3.75
      vertex 4.2 -4.15 3.75
    endloop
  endfacet
  facet normal 0.111975 0.993711 0
    outer loop
      vertex 4.11099 -4.13997 3.75
      vertex 4.2 -4.15 2.75
      vertex 4.11099 -4.13997 2.75
    endloop
  endfacet
  facet normal -0.111975 0.993711 0
    outer loop
      vertex 4.28901 -4.13997 2.75
      vertex 4.2 -4.15 3.75
      vertex 4.28901 -4.13997 3.75
    endloop
  endfacet
  facet normal -0.111975 0.993711 0
    outer loop
      vertex 4.2 -4.15 3.75
      vertex 4.28901 -4.13997 2.75
      vertex 4.2 -4.15 2.75
    endloop
  endfacet
  facet normal -0.330261 0.94389 0
    outer loop
      vertex 4.37355 -4.11039 2.75
      vertex 4.28901 -4.13997 3.75
      vertex 4.37355 -4.11039 3.75
    endloop
  endfacet
  facet normal -0.330261 0.94389 0
    outer loop
      vertex 4.28901 -4.13997 3.75
      vertex 4.37355 -4.11039 2.75
      vertex 4.28901 -4.13997 2.75
    endloop
  endfacet
  facet normal -0.532034 0.846723 0
    outer loop
      vertex 4.4494 -4.06273 2.75
      vertex 4.37355 -4.11039 3.75
      vertex 4.4494 -4.06273 3.75
    endloop
  endfacet
  facet normal -0.532034 0.846723 0
    outer loop
      vertex 4.37355 -4.11039 3.75
      vertex 4.4494 -4.06273 2.75
      vertex 4.37355 -4.11039 2.75
    endloop
  endfacet
  facet normal -0.707107 0.707107 0
    outer loop
      vertex 4.4494 -4.06273 2.75
      vertex 4.51273 -3.9994 3.75
      vertex 4.51273 -3.9994 2.75
    endloop
  endfacet
  facet normal -0.707107 0.707107 0
    outer loop
      vertex 4.51273 -3.9994 3.75
      vertex 4.4494 -4.06273 2.75
      vertex 4.4494 -4.06273 3.75
    endloop
  endfacet
  facet normal -0.846723 0.532034 0
    outer loop
      vertex 4.51273 -3.9994 2.75
      vertex 4.56039 -3.92355 3.75
      vertex 4.56039 -3.92355 2.75
    endloop
  endfacet
  facet normal -0.846723 0.532034 0
    outer loop
      vertex 4.56039 -3.92355 3.75
      vertex 4.51273 -3.9994 2.75
      vertex 4.51273 -3.9994 3.75
    endloop
  endfacet
  facet normal -0.94389 0.330261 0
    outer loop
      vertex 4.56039 -3.92355 2.75
      vertex 4.58997 -3.83901 3.75
      vertex 4.58997 -3.83901 2.75
    endloop
  endfacet
  facet normal -0.94389 0.330261 0
    outer loop
      vertex 4.58997 -3.83901 3.75
      vertex 4.56039 -3.92355 2.75
      vertex 4.56039 -3.92355 3.75
    endloop
  endfacet
  facet normal 0 0 1
    outer loop
      vertex 4.58997 -3.66099 2.75
      vertex 4.58997 -3.83901 2.75
      vertex 4.6 -3.75 2.75
    endloop
  endfacet
  facet normal 0 0 1
    outer loop
      vertex 4.56039 -3.57645 2.75
      vertex 4.58997 -3.83901 2.75
      vertex 4.58997 -3.66099 2.75
    endloop
  endfacet
  facet normal 0 0 1
    outer loop
      vertex 4.56039 -3.57645 2.75
      vertex 4.56039 -3.92355 2.75
      vertex 4.58997 -3.83901 2.75
    endloop
  endfacet
  facet normal 0 0 1
    outer loop
      vertex 4.51273 -3.5006 2.75
      vertex 4.56039 -3.92355 2.75
      vertex 4.56039 -3.57645 2.75
    endloop
  endfacet
  facet normal 0 0 1
    outer loop
      vertex 4.51273 -3.5006 2.75
      vertex 4.51273 -3.9994 2.75
      vertex 4.56039 -3.92355 2.75
    endloop
  endfacet
  facet normal 0 0 1
    outer loop
      vertex 4.4494 -3.43727 2.75
      vertex 4.51273 -3.9994 2.75
      vertex 4.51273 -3.5006 2.75
    endloop
  endfacet
  facet normal 0 0 1
    outer loop
      vertex 4.4494 -3.43727 2.75
      vertex 4.4494 -4.06273 2.75
      vertex 4.51273 -3.9994 2.75
    endloop
  endfacet
  facet normal 0 0 1
    outer loop
      vertex 4.37355 -3.38961 2.75
      vertex 4.4494 -4.06273 2.75
      vertex 4.4494 -3.43727 2.75
    endloop
  endfacet
  facet normal 0 0 1
    outer loop
      vertex 4.37355 -3.38961 2.75
      vertex 4.37355 -4.11039 2.75
      vertex 4.4494 -4.06273 2.75
    endloop
  endfacet
  facet normal 0 0 1
    outer loop
      vertex 4.28901 -3.36003 2.75
      vertex 4.37355 -4.11039 2.75
      vertex 4.37355 -3.38961 2.75
    endloop
  endfacet
  facet normal 0 0 1
    outer loop
      vertex 4.28901 -3.36003 2.75
      vertex 4.28901 -4.13997 2.75
      vertex 4.37355 -4.11039 2.75
    endloop
  endfacet
  facet normal 0 0 1
    outer loop
      vertex 4.2 -3.35 2.75
      vertex 4.28901 -4.13997 2.75
      vertex 4.28901 -3.36003 2.75
    endloop
  endfacet
  facet normal 0 0 1
    outer loop
      vertex 4.2 -3.35 2.75
      vertex 4.2 -4.15 2.75
      vertex 4.28901 -4.13997 2.75
    endloop
  endfacet
  facet normal -0 0 1
    outer loop
      vertex 4.11099 -3.36003 2.75
      vertex 4.2 -4.15 2.75
      vertex 4.2 -3.35 2.75
    endloop
  endfacet
  facet normal 0 0 1
    outer loop
      vertex 4.11099 -3.36003 2.75
      vertex 4.11099 -4.13997 2.75
      vertex 4.2 -4.15 2.75
    endloop
  endfacet
  facet normal -0 0 1
    outer loop
      vertex 4.02645 -3.38961 2.75
      vertex 4.11099 -4.13997 2.75
      vertex 4.11099 -3.36003 2.75
    endloop
  endfacet
  facet normal 0 0 1
    outer loop
      vertex 4.02645 -3.38961 2.75
      vertex 4.02645 -4.11039 2.75
      vertex 4.11099 -4.13997 2.75
    endloop
  endfacet
  facet normal -0 0 1
    outer loop
      vertex 3.9506 -3.43727 2.75
      vertex 4.02645 -4.11039 2.75
      vertex 4.02645 -3.38961 2.75
    endloop
  endfacet
  facet normal 0 0 1
    outer loop
      vertex 3.9506 -3.43727 2.75
      vertex 3.9506 -4.06273 2.75
      vertex 4.02645 -4.11039 2.75
    endloop
  endfacet
  facet normal -0 0 1
    outer loop
      vertex 3.88727 -3.5006 2.75
      vertex 3.9506 -4.06273 2.75
      vertex 3.9506 -3.43727 2.75
    endloop
  endfacet
  facet normal 0 0 1
    outer loop
      vertex 3.88727 -3.5006 2.75
      vertex 3.88727 -3.9994 2.75
      vertex 3.9506 -4.06273 2.75
    endloop
  endfacet
  facet normal -0 0 1
    outer loop
      vertex 3.83961 -3.57645 2.75
      vertex 3.88727 -3.9994 2.75
      vertex 3.88727 -3.5006 2.75
    endloop
  endfacet
  facet normal 0 0 1
    outer loop
      vertex 3.83961 -3.57645 2.75
      vertex 3.83961 -3.92355 2.75
      vertex 3.88727 -3.9994 2.75
    endloop
  endfacet
  facet normal -0 0 1
    outer loop
      vertex 3.81003 -3.66099 2.75
      vertex 3.83961 -3.92355 2.75
      vertex 3.83961 -3.57645 2.75
    endloop
  endfacet
  facet normal 0 0 1
    outer loop
      vertex 3.81003 -3.66099 2.75
      vertex 3.81003 -3.83901 2.75
      vertex 3.83961 -3.92355 2.75
    endloop
  endfacet
  facet normal 0 -0 1
    outer loop
      vertex 3.81003 -3.83901 2.75
      vertex 3.81003 -3.66099 2.75
      vertex 3.8 -3.75 2.75
    endloop
  endfacet
  facet normal -0.994864 0.101216 0
    outer loop
      vertex 4.63976 1.03935 2.75
      vertex 4.65 1.14 3.75
      vertex 4.65 1.14 2.75
    endloop
  endfacet
  facet normal -0.994864 0.101216 0
    outer loop
      vertex 4.65 1.14 3.75
      vertex 4.63976 1.03935 2.75
      vertex 4.63976 1.03935 3.75
    endloop
  endfacet
  facet normal -0.994864 -0.101216 0
    outer loop
      vertex 4.65 1.14 2.75
      vertex 4.63976 1.24065 3.75
      vertex 4.63976 1.24065 2.75
    endloop
  endfacet
  facet normal -0.994864 -0.101216 0
    outer loop
      vertex 4.63976 1.24065 3.75
      vertex 4.65 1.14 2.75
      vertex 4.65 1.14 3.75
    endloop
  endfacet
  facet normal -0.954158 -0.299305 0
    outer loop
      vertex 4.63976 1.24065 2.75
      vertex 4.60948 1.33718 3.75
      vertex 4.60948 1.33718 2.75
    endloop
  endfacet
  facet normal -0.954158 -0.299305 0
    outer loop
      vertex 4.60948 1.33718 3.75
      vertex 4.63976 1.24065 2.75
      vertex 4.63976 1.24065 3.75
    endloop
  endfacet
  facet normal -0.87432 -0.485349 0
    outer loop
      vertex 4.60948 1.33718 2.75
      vertex 4.56038 1.42563 3.75
      vertex 4.56038 1.42563 2.75
    endloop
  endfacet
  facet normal -0.87432 -0.485349 0
    outer loop
      vertex 4.56038 1.42563 3.75
      vertex 4.60948 1.33718 2.75
      vertex 4.60948 1.33718 3.75
    endloop
  endfacet
  facet normal -0.758782 -0.651345 0
    outer loop
      vertex 4.56038 1.42563 2.75
      vertex 4.49448 1.5024 3.75
      vertex 4.49448 1.5024 2.75
    endloop
  endfacet
  facet normal -0.758782 -0.651345 0
    outer loop
      vertex 4.49448 1.5024 3.75
      vertex 4.56038 1.42563 2.75
      vertex 4.56038 1.42563 3.75
    endloop
  endfacet
  facet normal -0.612077 -0.790798 0
    outer loop
      vertex 4.41448 1.56432 2.75
      vertex 4.49448 1.5024 3.75
      vertex 4.41448 1.56432 3.75
    endloop
  endfacet
  facet normal -0.612077 -0.790798 -0
    outer loop
      vertex 4.49448 1.5024 3.75
      vertex 4.41448 1.56432 2.75
      vertex 4.49448 1.5024 2.75
    endloop
  endfacet
  facet normal -0.44044 -0.897782 0
    outer loop
      vertex 4.32365 1.60888 2.75
      vertex 4.41448 1.56432 3.75
      vertex 4.32365 1.60888 3.75
    endloop
  endfacet
  facet normal -0.44044 -0.897782 -0
    outer loop
      vertex 4.41448 1.56432 3.75
      vertex 4.32365 1.60888 2.75
      vertex 4.41448 1.56432 2.75
    endloop
  endfacet
  facet normal -0.250575 -0.968097 0
    outer loop
      vertex 4.22571 1.63423 2.75
      vertex 4.32365 1.60888 3.75
      vertex 4.22571 1.63423 3.75
    endloop
  endfacet
  facet normal -0.250575 -0.968097 -0
    outer loop
      vertex 4.32365 1.60888 3.75
      vertex 4.22571 1.63423 2.75
      vertex 4.32365 1.60888 2.75
    endloop
  endfacet
  facet normal -0.0507067 -0.998714 0
    outer loop
      vertex 4.12467 1.63936 2.75
      vertex 4.22571 1.63423 3.75
      vertex 4.12467 1.63936 3.75
    endloop
  endfacet
  facet normal -0.0507067 -0.998714 -0
    outer loop
      vertex 4.22571 1.63423 3.75
      vertex 4.12467 1.63936 2.75
      vertex 4.22571 1.63423 2.75
    endloop
  endfacet
  facet normal 0.151433 -0.988467 0
    outer loop
      vertex 4.02467 1.62404 2.75
      vertex 4.12467 1.63936 3.75
      vertex 4.02467 1.62404 3.75
    endloop
  endfacet
  facet normal 0.151433 -0.988467 0
    outer loop
      vertex 4.12467 1.63936 3.75
      vertex 4.02467 1.62404 2.75
      vertex 4.12467 1.63936 2.75
    endloop
  endfacet
  facet normal 0.34734 -0.937739 0
    outer loop
      vertex 3.9298 1.5889 2.75
      vertex 4.02467 1.62404 3.75
      vertex 3.9298 1.5889 3.75
    endloop
  endfacet
  facet normal 0.34734 -0.937739 0
    outer loop
      vertex 4.02467 1.62404 3.75
      vertex 3.9298 1.5889 2.75
      vertex 4.02467 1.62404 2.75
    endloop
  endfacet
  facet normal 0.528959 -0.848647 0
    outer loop
      vertex 3.84395 1.53539 2.75
      vertex 3.9298 1.5889 3.75
      vertex 3.84395 1.53539 3.75
    endloop
  endfacet
  facet normal 0.528959 -0.848647 0
    outer loop
      vertex 3.9298 1.5889 3.75
      vertex 3.84395 1.53539 2.75
      vertex 3.9298 1.5889 2.75
    endloop
  endfacet
  facet normal 0.688939 -0.724819 0
    outer loop
      vertex 3.77062 1.46569 2.75
      vertex 3.84395 1.53539 3.75
      vertex 3.77062 1.46569 3.75
    endloop
  endfacet
  facet normal 0.688939 -0.724819 0
    outer loop
      vertex 3.84395 1.53539 3.75
      vertex 3.77062 1.46569 2.75
      vertex 3.84395 1.53539 2.75
    endloop
  endfacet
  facet normal 0.820798 -0.571218 0
    outer loop
      vertex 3.71283 1.38265 3.75
      vertex 3.77062 1.46569 2.75
      vertex 3.77062 1.46569 3.75
    endloop
  endfacet
  facet normal 0.820798 -0.571218 0
    outer loop
      vertex 3.77062 1.46569 2.75
      vertex 3.71283 1.38265 3.75
      vertex 3.71283 1.38265 2.75
    endloop
  endfacet
  facet normal 0.918946 -0.394384 0
    outer loop
      vertex 3.67293 1.28968 3.75
      vertex 3.71283 1.38265 2.75
      vertex 3.71283 1.38265 3.75
    endloop
  endfacet
  facet normal 0.918946 -0.394384 0
    outer loop
      vertex 3.71283 1.38265 2.75
      vertex 3.67293 1.28968 3.75
      vertex 3.67293 1.28968 2.75
    endloop
  endfacet
  facet normal 0.979541 -0.201246 0
    outer loop
      vertex 3.65257 1.19058 3.75
      vertex 3.67293 1.28968 2.75
      vertex 3.67293 1.28968 3.75
    endloop
  endfacet
  facet normal 0.979541 -0.201246 0
    outer loop
      vertex 3.67293 1.28968 2.75
      vertex 3.65257 1.19058 3.75
      vertex 3.65257 1.19058 2.75
    endloop
  endfacet
  facet normal 1 -0 0
    outer loop
      vertex 3.65257 1.08942 3.75
      vertex 3.65257 1.19058 2.75
      vertex 3.65257 1.19058 3.75
    endloop
  endfacet
  facet normal 1 0 0
    outer loop
      vertex 3.65257 1.19058 2.75
      vertex 3.65257 1.08942 3.75
      vertex 3.65257 1.08942 2.75
    endloop
  endfacet
  facet normal 0.979542 0.201242 0
    outer loop
      vertex 3.67293 0.990318 3.75
      vertex 3.65257 1.08942 2.75
      vertex 3.65257 1.08942 3.75
    endloop
  endfacet
  facet normal 0.979542 0.201242 0
    outer loop
      vertex 3.65257 1.08942 2.75
      vertex 3.67293 0.990318 3.75
      vertex 3.67293 0.990318 2.75
    endloop
  endfacet
  facet normal 0.918946 0.394384 0
    outer loop
      vertex 3.71283 0.897348 3.75
      vertex 3.67293 0.990318 2.75
      vertex 3.67293 0.990318 3.75
    endloop
  endfacet
  facet normal 0.918946 0.394384 0
    outer loop
      vertex 3.67293 0.990318 2.75
      vertex 3.71283 0.897348 3.75
      vertex 3.71283 0.897348 2.75
    endloop
  endfacet
  facet normal 0.820782 0.571241 0
    outer loop
      vertex 3.77062 0.814313 3.75
      vertex 3.71283 0.897348 2.75
      vertex 3.71283 0.897348 3.75
    endloop
  endfacet
  facet normal 0.820782 0.571241 0
    outer loop
      vertex 3.71283 0.897348 2.75
      vertex 3.77062 0.814313 3.75
      vertex 3.77062 0.814313 2.75
    endloop
  endfacet
  facet normal 0.688944 0.724814 -0
    outer loop
      vertex 3.84395 0.744612 2.75
      vertex 3.77062 0.814313 3.75
      vertex 3.84395 0.744612 3.75
    endloop
  endfacet
  facet normal 0.688944 0.724814 0
    outer loop
      vertex 3.77062 0.814313 3.75
      vertex 3.84395 0.744612 2.75
      vertex 3.77062 0.814313 2.75
    endloop
  endfacet
  facet normal 0.528995 0.848625 -0
    outer loop
      vertex 3.9298 0.691097 2.75
      vertex 3.84395 0.744612 3.75
      vertex 3.9298 0.691097 3.75
    endloop
  endfacet
  facet normal 0.528995 0.848625 0
    outer loop
      vertex 3.84395 0.744612 3.75
      vertex 3.9298 0.691097 2.75
      vertex 3.84395 0.744612 2.75
    endloop
  endfacet
  facet normal 0.347305 0.937752 -0
    outer loop
      vertex 4.02467 0.655961 2.75
      vertex 3.9298 0.691097 3.75
      vertex 4.02467 0.655961 3.75
    endloop
  endfacet
  facet normal 0.347305 0.937752 0
    outer loop
      vertex 3.9298 0.691097 3.75
      vertex 4.02467 0.655961 2.75
      vertex 3.9298 0.691097 2.75
    endloop
  endfacet
  facet normal 0.151433 0.988467 -0
    outer loop
      vertex 4.12467 0.640641 2.75
      vertex 4.02467 0.655961 3.75
      vertex 4.12467 0.640641 3.75
    endloop
  endfacet
  facet normal 0.151433 0.988467 0
    outer loop
      vertex 4.02467 0.655961 3.75
      vertex 4.12467 0.640641 2.75
      vertex 4.02467 0.655961 2.75
    endloop
  endfacet
  facet normal -0.0506475 0.998717 0
    outer loop
      vertex 4.22571 0.645765 2.75
      vertex 4.12467 0.640641 3.75
      vertex 4.22571 0.645765 3.75
    endloop
  endfacet
  facet normal -0.0506475 0.998717 0
    outer loop
      vertex 4.12467 0.640641 3.75
      vertex 4.22571 0.645765 2.75
      vertex 4.12467 0.640641 2.75
    endloop
  endfacet
  facet normal -0.250658 0.968076 0
    outer loop
      vertex 4.32365 0.671124 2.75
      vertex 4.22571 0.645765 3.75
      vertex 4.32365 0.671124 3.75
    endloop
  endfacet
  facet normal -0.250658 0.968076 0
    outer loop
      vertex 4.22571 0.645765 3.75
      vertex 4.32365 0.671124 2.75
      vertex 4.22571 0.645765 2.75
    endloop
  endfacet
  facet normal -0.440384 0.897809 0
    outer loop
      vertex 4.41448 0.715677 2.75
      vertex 4.32365 0.671124 3.75
      vertex 4.41448 0.715677 3.75
    endloop
  endfacet
  facet normal -0.440384 0.897809 0
    outer loop
      vertex 4.32365 0.671124 3.75
      vertex 4.41448 0.715677 2.75
      vertex 4.32365 0.671124 2.75
    endloop
  endfacet
  facet normal -0.612115 0.790769 0
    outer loop
      vertex 4.49448 0.777603 2.75
      vertex 4.41448 0.715677 3.75
      vertex 4.49448 0.777603 3.75
    endloop
  endfacet
  facet normal -0.612115 0.790769 0
    outer loop
      vertex 4.41448 0.715677 3.75
      vertex 4.49448 0.777603 2.75
      vertex 4.41448 0.715677 2.75
    endloop
  endfacet
  facet normal -0.758748 0.651384 0
    outer loop
      vertex 4.49448 0.777603 2.75
      vertex 4.56038 0.854365 3.75
      vertex 4.56038 0.854365 2.75
    endloop
  endfacet
  facet normal -0.758748 0.651384 0
    outer loop
      vertex 4.56038 0.854365 3.75
      vertex 4.49448 0.777603 2.75
      vertex 4.49448 0.777603 3.75
    endloop
  endfacet
  facet normal -0.874337 0.48532 0
    outer loop
      vertex 4.56038 0.854365 2.75
      vertex 4.60948 0.942822 3.75
      vertex 4.60948 0.942822 2.75
    endloop
  endfacet
  facet normal -0.874337 0.48532 0
    outer loop
      vertex 4.60948 0.942822 3.75
      vertex 4.56038 0.854365 2.75
      vertex 4.56038 0.854365 3.75
    endloop
  endfacet
  facet normal -0.954156 0.29931 0
    outer loop
      vertex 4.60948 0.942822 2.75
      vertex 4.63976 1.03935 3.75
      vertex 4.63976 1.03935 2.75
    endloop
  endfacet
  facet normal -0.954156 0.29931 0
    outer loop
      vertex 4.63976 1.03935 3.75
      vertex 4.60948 0.942822 2.75
      vertex 4.60948 0.942822 3.75
    endloop
  endfacet
  facet normal 0 0 1
    outer loop
      vertex 4.63976 1.24065 2.75
      vertex 4.63976 1.03935 2.75
      vertex 4.65 1.14 2.75
    endloop
  endfacet
  facet normal 0 0 1
    outer loop
      vertex 4.60948 1.33718 2.75
      vertex 4.63976 1.03935 2.75
      vertex 4.63976 1.24065 2.75
    endloop
  endfacet
  facet normal 0 0 1
    outer loop
      vertex 4.60948 1.33718 2.75
      vertex 4.60948 0.942822 2.75
      vertex 4.63976 1.03935 2.75
    endloop
  endfacet
  facet normal 0 0 1
    outer loop
      vertex 4.56038 1.42563 2.75
      vertex 4.60948 0.942822 2.75
      vertex 4.60948 1.33718 2.75
    endloop
  endfacet
  facet normal 0 0 1
    outer loop
      vertex 4.56038 1.42563 2.75
      vertex 4.56038 0.854365 2.75
      vertex 4.60948 0.942822 2.75
    endloop
  endfacet
  facet normal 0 0 1
    outer loop
      vertex 4.49448 1.5024 2.75
      vertex 4.56038 0.854365 2.75
      vertex 4.56038 1.42563 2.75
    endloop
  endfacet
  facet normal 0 0 1
    outer loop
      vertex 4.49448 1.5024 2.75
      vertex 4.49448 0.777603 2.75
      vertex 4.56038 0.854365 2.75
    endloop
  endfacet
  facet normal 0 0 1
    outer loop
      vertex 4.41448 1.56432 2.75
      vertex 4.49448 0.777603 2.75
      vertex 4.49448 1.5024 2.75
    endloop
  endfacet
  facet normal 0 0 1
    outer loop
      vertex 4.41448 1.56432 2.75
      vertex 4.41448 0.715677 2.75
      vertex 4.49448 0.777603 2.75
    endloop
  endfacet
  facet normal 0 0 1
    outer loop
      vertex 4.32365 1.60888 2.75
      vertex 4.41448 0.715677 2.75
      vertex 4.41448 1.56432 2.75
    endloop
  endfacet
  facet normal 0 0 1
    outer loop
      vertex 4.32365 1.60888 2.75
      vertex 4.32365 0.671124 2.75
      vertex 4.41448 0.715677 2.75
    endloop
  endfacet
  facet normal 0 0 1
    outer loop
      vertex 4.22571 1.63423 2.75
      vertex 4.32365 0.671124 2.75
      vertex 4.32365 1.60888 2.75
    endloop
  endfacet
  facet normal 0 0 1
    outer loop
      vertex 4.22571 1.63423 2.75
      vertex 4.22571 0.645765 2.75
      vertex 4.32365 0.671124 2.75
    endloop
  endfacet
  facet normal 0 0 1
    outer loop
      vertex 4.12467 1.63936 2.75
      vertex 4.22571 0.645765 2.75
      vertex 4.22571 1.63423 2.75
    endloop
  endfacet
  facet normal 0 0 1
    outer loop
      vertex 4.12467 1.63936 2.75
      vertex 4.12467 0.640641 2.75
      vertex 4.22571 0.645765 2.75
    endloop
  endfacet
  facet normal -0 0 1
    outer loop
      vertex 4.02467 1.62404 2.75
      vertex 4.12467 0.640641 2.75
      vertex 4.12467 1.63936 2.75
    endloop
  endfacet
  facet normal 0 0 1
    outer loop
      vertex 4.02467 1.62404 2.75
      vertex 4.02467 0.655961 2.75
      vertex 4.12467 0.640641 2.75
    endloop
  endfacet
  facet normal -0 0 1
    outer loop
      vertex 3.9298 1.5889 2.75
      vertex 4.02467 0.655961 2.75
      vertex 4.02467 1.62404 2.75
    endloop
  endfacet
  facet normal 0 0 1
    outer loop
      vertex 3.9298 1.5889 2.75
      vertex 3.9298 0.691097 2.75
      vertex 4.02467 0.655961 2.75
    endloop
  endfacet
  facet normal -0 0 1
    outer loop
      vertex 3.84395 1.53539 2.75
      vertex 3.9298 0.691097 2.75
      vertex 3.9298 1.5889 2.75
    endloop
  endfacet
  facet normal 0 0 1
    outer loop
      vertex 3.84395 1.53539 2.75
      vertex 3.84395 0.744612 2.75
      vertex 3.9298 0.691097 2.75
    endloop
  endfacet
  facet normal -0 0 1
    outer loop
      vertex 3.77062 1.46569 2.75
      vertex 3.84395 0.744612 2.75
      vertex 3.84395 1.53539 2.75
    endloop
  endfacet
  facet normal 0 0 1
    outer loop
      vertex 3.77062 1.46569 2.75
      vertex 3.77062 0.814313 2.75
      vertex 3.84395 0.744612 2.75
    endloop
  endfacet
  facet normal -0 0 1
    outer loop
      vertex 3.71283 1.38265 2.75
      vertex 3.77062 0.814313 2.75
      vertex 3.77062 1.46569 2.75
    endloop
  endfacet
  facet normal 0 0 1
    outer loop
      vertex 3.71283 1.38265 2.75
      vertex 3.71283 0.897348 2.75
      vertex 3.77062 0.814313 2.75
    endloop
  endfacet
  facet normal -0 0 1
    outer loop
      vertex 3.67293 1.28968 2.75
      vertex 3.71283 0.897348 2.75
      vertex 3.71283 1.38265 2.75
    endloop
  endfacet
  facet normal 0 0 1
    outer loop
      vertex 3.67293 1.28968 2.75
      vertex 3.67293 0.990318 2.75
      vertex 3.71283 0.897348 2.75
    endloop
  endfacet
  facet normal -0 0 1
    outer loop
      vertex 3.65257 1.19058 2.75
      vertex 3.67293 0.990318 2.75
      vertex 3.67293 1.28968 2.75
    endloop
  endfacet
  facet normal 0 0 1
    outer loop
      vertex 3.67293 0.990318 2.75
      vertex 3.65257 1.19058 2.75
      vertex 3.65257 1.08942 2.75
    endloop
  endfacet
  facet normal -0 0 1
    outer loop
      vertex -3.81003 1.40099 3.75
      vertex -3.8 0.36 3.75
      vertex -3.8 1.49 3.75
    endloop
  endfacet
  facet normal 0 0 1
    outer loop
      vertex -3.81003 1.40099 3.75
      vertex -3.81003 0.449008 3.75
      vertex -3.8 0.36 3.75
    endloop
  endfacet
  facet normal -0 0 1
    outer loop
      vertex -3.83961 1.31645 3.75
      vertex -3.81003 0.449008 3.75
      vertex -3.81003 1.40099 3.75
    endloop
  endfacet
  facet normal 0 0 1
    outer loop
      vertex -3.83961 1.31645 3.75
      vertex -3.83961 0.533553 3.75
      vertex -3.81003 0.449008 3.75
    endloop
  endfacet
  facet normal -0 0 1
    outer loop
      vertex -3.88727 1.2406 3.75
      vertex -3.83961 0.533553 3.75
      vertex -3.83961 1.31645 3.75
    endloop
  endfacet
  facet normal 0 0 1
    outer loop
      vertex -3.88727 1.2406 3.75
      vertex -3.88727 0.609395 3.75
      vertex -3.83961 0.533553 3.75
    endloop
  endfacet
  facet normal -0 0 1
    outer loop
      vertex -3.9506 1.17727 3.75
      vertex -3.88727 0.609395 3.75
      vertex -3.88727 1.2406 3.75
    endloop
  endfacet
  facet normal 0 0 1
    outer loop
      vertex -3.9506 1.17727 3.75
      vertex -3.9506 0.672732 3.75
      vertex -3.88727 0.609395 3.75
    endloop
  endfacet
  facet normal -0 0 1
    outer loop
      vertex -4.02645 1.12961 3.75
      vertex -3.9506 0.672732 3.75
      vertex -3.9506 1.17727 3.75
    endloop
  endfacet
  facet normal 0 0 1
    outer loop
      vertex -4.02645 1.12961 3.75
      vertex -4.02645 0.720387 3.75
      vertex -3.9506 0.672732 3.75
    endloop
  endfacet
  facet normal -0 0 1
    outer loop
      vertex -4.11099 1.10003 3.75
      vertex -4.02645 0.720387 3.75
      vertex -4.02645 1.12961 3.75
    endloop
  endfacet
  facet normal 0 0 1
    outer loop
      vertex -4.11099 1.10003 3.75
      vertex -4.11099 0.74997 3.75
      vertex -4.02645 0.720387 3.75
    endloop
  endfacet
  facet normal -0 0 1
    outer loop
      vertex -4.2 1.09 3.75
      vertex -4.11099 0.74997 3.75
      vertex -4.11099 1.10003 3.75
    endloop
  endfacet
  facet normal 0 0 1
    outer loop
      vertex -4.2 1.09 3.75
      vertex -4.2 0.759999 3.75
      vertex -4.11099 0.74997 3.75
    endloop
  endfacet
  facet normal 0 0 1
    outer loop
      vertex -4.28901 1.10003 3.75
      vertex -4.2 0.759999 3.75
      vertex -4.2 1.09 3.75
    endloop
  endfacet
  facet normal 0 0 1
    outer loop
      vertex -4.28901 1.10003 3.75
      vertex -4.28901 0.74997 3.75
      vertex -4.2 0.759999 3.75
    endloop
  endfacet
  facet normal 0 0 1
    outer loop
      vertex -4.37355 1.12961 3.75
      vertex -4.28901 0.74997 3.75
      vertex -4.28901 1.10003 3.75
    endloop
  endfacet
  facet normal 0 0 1
    outer loop
      vertex -4.37355 1.12961 3.75
      vertex -4.37355 0.720387 3.75
      vertex -4.28901 0.74997 3.75
    endloop
  endfacet
  facet normal 0 0 1
    outer loop
      vertex -4.4494 1.17727 3.75
      vertex -4.37355 0.720387 3.75
      vertex -4.37355 1.12961 3.75
    endloop
  endfacet
  facet normal 0 0 1
    outer loop
      vertex -4.4494 1.17727 3.75
      vertex -4.4494 0.672732 3.75
      vertex -4.37355 0.720387 3.75
    endloop
  endfacet
  facet normal 0 0 1
    outer loop
      vertex -4.51273 1.2406 3.75
      vertex -4.4494 0.672732 3.75
      vertex -4.4494 1.17727 3.75
    endloop
  endfacet
  facet normal 0 0 1
    outer loop
      vertex -4.51273 1.2406 3.75
      vertex -4.51273 0.609395 3.75
      vertex -4.4494 0.672732 3.75
    endloop
  endfacet
  facet normal 0 0 1
    outer loop
      vertex -4.56039 1.31645 3.75
      vertex -4.51273 0.609395 3.75
      vertex -4.51273 1.2406 3.75
    endloop
  endfacet
  facet normal 0 0 1
    outer loop
      vertex -4.56039 1.31645 3.75
      vertex -4.56039 0.533553 3.75
      vertex -4.51273 0.609395 3.75
    endloop
  endfacet
  facet normal 0 0 1
    outer loop
      vertex -4.58997 1.40099 3.75
      vertex -4.56039 0.533553 3.75
      vertex -4.56039 1.31645 3.75
    endloop
  endfacet
  facet normal 0 0 1
    outer loop
      vertex -4.58997 1.40099 3.75
      vertex -4.58997 0.449008 3.75
      vertex -4.56039 0.533553 3.75
    endloop
  endfacet
  facet normal 0 0 1
    outer loop
      vertex -4.6 1.49 3.75
      vertex -4.58997 0.449008 3.75
      vertex -4.58997 1.40099 3.75
    endloop
  endfacet
  facet normal 0 0 1
    outer loop
      vertex -4.58997 0.449008 3.75
      vertex -4.6 1.49 3.75
      vertex -4.6 0.36 3.75
    endloop
  endfacet
  facet normal 0 0 1
    outer loop
      vertex -3.81003 1.57901 3.75
      vertex -2.45 4.15 3.75
      vertex -3.81003 2.53099 3.75
    endloop
  endfacet
  facet normal 0 0 1
    outer loop
      vertex -2.45 4.15 3.75
      vertex -3.81003 1.57901 3.75
      vertex -3.8 1.49 3.75
    endloop
  endfacet
  facet normal -0 0 1
    outer loop
      vertex -3.83961 2.44645 3.75
      vertex -3.81003 1.57901 3.75
      vertex -3.81003 2.53099 3.75
    endloop
  endfacet
  facet normal 0 0 1
    outer loop
      vertex -3.83961 2.44645 3.75
      vertex -3.83961 1.66355 3.75
      vertex -3.81003 1.57901 3.75
    endloop
  endfacet
  facet normal -0 0 1
    outer loop
      vertex -3.88727 2.3706 3.75
      vertex -3.83961 1.66355 3.75
      vertex -3.83961 2.44645 3.75
    endloop
  endfacet
  facet normal 0 0 1
    outer loop
      vertex -3.88727 2.3706 3.75
      vertex -3.88727 1.7394 3.75
      vertex -3.83961 1.66355 3.75
    endloop
  endfacet
  facet normal -0 0 1
    outer loop
      vertex -3.9506 2.30727 3.75
      vertex -3.88727 1.7394 3.75
      vertex -3.88727 2.3706 3.75
    endloop
  endfacet
  facet normal 0 0 1
    outer loop
      vertex -3.9506 2.30727 3.75
      vertex -3.9506 1.80273 3.75
      vertex -3.88727 1.7394 3.75
    endloop
  endfacet
  facet normal -0 0 1
    outer loop
      vertex -4.02645 2.25961 3.75
      vertex -3.9506 1.80273 3.75
      vertex -3.9506 2.30727 3.75
    endloop
  endfacet
  facet normal 0 0 1
    outer loop
      vertex -4.02645 2.25961 3.75
      vertex -4.02645 1.85039 3.75
      vertex -3.9506 1.80273 3.75
    endloop
  endfacet
  facet normal -0 0 1
    outer loop
      vertex -4.11099 2.23003 3.75
      vertex -4.02645 1.85039 3.75
      vertex -4.02645 2.25961 3.75
    endloop
  endfacet
  facet normal 0 0 1
    outer loop
      vertex -4.11099 2.23003 3.75
      vertex -4.11099 1.87997 3.75
      vertex -4.02645 1.85039 3.75
    endloop
  endfacet
  facet normal -0 0 1
    outer loop
      vertex -4.2 2.22 3.75
      vertex -4.11099 1.87997 3.75
      vertex -4.11099 2.23003 3.75
    endloop
  endfacet
  facet normal 0 0 1
    outer loop
      vertex -4.2 2.22 3.75
      vertex -4.2 1.89 3.75
      vertex -4.11099 1.87997 3.75
    endloop
  endfacet
  facet normal 0 0 1
    outer loop
      vertex -4.28901 2.23003 3.75
      vertex -4.2 1.89 3.75
      vertex -4.2 2.22 3.75
    endloop
  endfacet
  facet normal 0 0 1
    outer loop
      vertex -4.28901 2.23003 3.75
      vertex -4.28901 1.87997 3.75
      vertex -4.2 1.89 3.75
    endloop
  endfacet
  facet normal 0 0 1
    outer loop
      vertex -4.37355 2.25961 3.75
      vertex -4.28901 1.87997 3.75
      vertex -4.28901 2.23003 3.75
    endloop
  endfacet
  facet normal 0 0 1
    outer loop
      vertex -4.37355 2.25961 3.75
      vertex -4.37355 1.85039 3.75
      vertex -4.28901 1.87997 3.75
    endloop
  endfacet
  facet normal 0 0 1
    outer loop
      vertex -4.4494 2.30727 3.75
      vertex -4.37355 1.85039 3.75
      vertex -4.37355 2.25961 3.75
    endloop
  endfacet
  facet normal 0 0 1
    outer loop
      vertex -4.4494 2.30727 3.75
      vertex -4.4494 1.80273 3.75
      vertex -4.37355 1.85039 3.75
    endloop
  endfacet
  facet normal 0 0 1
    outer loop
      vertex -4.51273 2.3706 3.75
      vertex -4.4494 1.80273 3.75
      vertex -4.4494 2.30727 3.75
    endloop
  endfacet
  facet normal 0 0 1
    outer loop
      vertex -4.51273 2.3706 3.75
      vertex -4.51273 1.7394 3.75
      vertex -4.4494 1.80273 3.75
    endloop
  endfacet
  facet normal 0 0 1
    outer loop
      vertex -4.56039 2.44645 3.75
      vertex -4.51273 1.7394 3.75
      vertex -4.51273 2.3706 3.75
    endloop
  endfacet
  facet normal 0 0 1
    outer loop
      vertex -4.56039 2.44645 3.75
      vertex -4.56039 1.66355 3.75
      vertex -4.51273 1.7394 3.75
    endloop
  endfacet
  facet normal 0 0 1
    outer loop
      vertex -4.58997 2.53099 3.75
      vertex -4.56039 1.66355 3.75
      vertex -4.56039 2.44645 3.75
    endloop
  endfacet
  facet normal 0 0 1
    outer loop
      vertex -4.58997 2.53099 3.75
      vertex -4.58997 1.57901 3.75
      vertex -4.56039 1.66355 3.75
    endloop
  endfacet
  facet normal 0 0 1
    outer loop
      vertex -5.1 4.1 3.75
      vertex -4.58997 2.53099 3.75
      vertex -4.6 2.62 3.75
    endloop
  endfacet
  facet normal 0 0 1
    outer loop
      vertex -4.58997 2.53099 3.75
      vertex -5.1 4.1 3.75
      vertex -4.58997 1.57901 3.75
    endloop
  endfacet
  facet normal 0 0 1
    outer loop
      vertex -3.83961 3.57645 3.75
      vertex -2.45 4.15 3.75
      vertex -3.81003 3.66099 3.75
    endloop
  endfacet
  facet normal 0 0 1
    outer loop
      vertex -2.45 4.15 3.75
      vertex -3.81003 2.70901 3.75
      vertex -3.8 2.62 3.75
    endloop
  endfacet
  facet normal 0 0 1
    outer loop
      vertex -3.83961 2.79355 3.75
      vertex -2.45 4.15 3.75
      vertex -3.83961 3.57645 3.75
    endloop
  endfacet
  facet normal 0 0 1
    outer loop
      vertex -2.45 4.15 3.75
      vertex -3.83961 2.79355 3.75
      vertex -3.81003 2.70901 3.75
    endloop
  endfacet
  facet normal -0 0 1
    outer loop
      vertex -3.88727 3.5006 3.75
      vertex -3.83961 2.79355 3.75
      vertex -3.83961 3.57645 3.75
    endloop
  endfacet
  facet normal 0 0 1
    outer loop
      vertex -3.88727 3.5006 3.75
      vertex -3.88727 2.8694 3.75
      vertex -3.83961 2.79355 3.75
    endloop
  endfacet
  facet normal -0 0 1
    outer loop
      vertex -3.9506 3.43727 3.75
      vertex -3.88727 2.8694 3.75
      vertex -3.88727 3.5006 3.75
    endloop
  endfacet
  facet normal 0 0 1
    outer loop
      vertex -3.9506 3.43727 3.75
      vertex -3.9506 2.93273 3.75
      vertex -3.88727 2.8694 3.75
    endloop
  endfacet
  facet normal -0 0 1
    outer loop
      vertex -4.02645 3.38961 3.75
      vertex -3.9506 2.93273 3.75
      vertex -3.9506 3.43727 3.75
    endloop
  endfacet
  facet normal 0 0 1
    outer loop
      vertex -4.02645 3.38961 3.75
      vertex -4.02645 2.98039 3.75
      vertex -3.9506 2.93273 3.75
    endloop
  endfacet
  facet normal -0 0 1
    outer loop
      vertex -4.11099 3.36003 3.75
      vertex -4.02645 2.98039 3.75
      vertex -4.02645 3.38961 3.75
    endloop
  endfacet
  facet normal 0 0 1
    outer loop
      vertex -4.11099 3.36003 3.75
      vertex -4.11099 3.00997 3.75
      vertex -4.02645 2.98039 3.75
    endloop
  endfacet
  facet normal -0 0 1
    outer loop
      vertex -4.2 3.35 3.75
      vertex -4.11099 3.00997 3.75
      vertex -4.11099 3.36003 3.75
    endloop
  endfacet
  facet normal 0 0 1
    outer loop
      vertex -4.2 3.35 3.75
      vertex -4.2 3.02 3.75
      vertex -4.11099 3.00997 3.75
    endloop
  endfacet
  facet normal 0 0 1
    outer loop
      vertex -4.28901 3.36003 3.75
      vertex -4.2 3.02 3.75
      vertex -4.2 3.35 3.75
    endloop
  endfacet
  facet normal 0 0 1
    outer loop
      vertex -4.28901 3.36003 3.75
      vertex -4.28901 3.00997 3.75
      vertex -4.2 3.02 3.75
    endloop
  endfacet
  facet normal 0 0 1
    outer loop
      vertex -4.37355 3.38961 3.75
      vertex -4.28901 3.00997 3.75
      vertex -4.28901 3.36003 3.75
    endloop
  endfacet
  facet normal 0 0 1
    outer loop
      vertex -4.37355 3.38961 3.75
      vertex -4.37355 2.98039 3.75
      vertex -4.28901 3.00997 3.75
    endloop
  endfacet
  facet normal 0 0 1
    outer loop
      vertex -4.4494 3.43727 3.75
      vertex -4.37355 2.98039 3.75
      vertex -4.37355 3.38961 3.75
    endloop
  endfacet
  facet normal 0 0 1
    outer loop
      vertex -4.4494 3.43727 3.75
      vertex -4.4494 2.93273 3.75
      vertex -4.37355 2.98039 3.75
    endloop
  endfacet
  facet normal 0 0 1
    outer loop
      vertex -4.51273 3.5006 3.75
      vertex -4.4494 2.93273 3.75
      vertex -4.4494 3.43727 3.75
    endloop
  endfacet
  facet normal 0 0 1
    outer loop
      vertex -4.51273 3.5006 3.75
      vertex -4.51273 2.8694 3.75
      vertex -4.4494 2.93273 3.75
    endloop
  endfacet
  facet normal 0 0 1
    outer loop
      vertex -4.56039 3.57645 3.75
      vertex -4.51273 2.8694 3.75
      vertex -4.51273 3.5006 3.75
    endloop
  endfacet
  facet normal 0 0 1
    outer loop
      vertex -4.56039 3.57645 3.75
      vertex -4.56039 2.79355 3.75
      vertex -4.51273 2.8694 3.75
    endloop
  endfacet
  facet normal 0 0 1
    outer loop
      vertex -5.1 4.1 3.75
      vertex -4.56039 3.57645 3.75
      vertex -4.58997 3.66099 3.75
    endloop
  endfacet
  facet normal 0 0 1
    outer loop
      vertex -4.56039 3.57645 3.75
      vertex -5.1 4.1 3.75
      vertex -4.56039 2.79355 3.75
    endloop
  endfacet
  facet normal 0 0 1
    outer loop
      vertex -5.1 4.1 3.75
      vertex -4.58997 3.66099 3.75
      vertex -4.6 3.75 3.75
    endloop
  endfacet
  facet normal 0 0 1
    outer loop
      vertex -4.56039 2.79355 3.75
      vertex -5.1 4.1 3.75
      vertex -4.58997 2.70901 3.75
    endloop
  endfacet
  facet normal 0 0 1
    outer loop
      vertex -3.81003 2.53099 3.75
      vertex -2.45 4.15 3.75
      vertex -3.8 2.62 3.75
    endloop
  endfacet
  facet normal 0 0 1
    outer loop
      vertex -3.8 0.36 3.75
      vertex -2.45 4.15 3.75
      vertex -3.8 1.49 3.75
    endloop
  endfacet
  facet normal 0 0 1
    outer loop
      vertex -2.45 4.15 3.75
      vertex -3.8 0.36 3.75
      vertex -3.73962 -0.854365 3.75
    endloop
  endfacet
  facet normal -0 0 1
    outer loop
      vertex -3.81003 0.270991 3.75
      vertex -3.73962 -0.854365 3.75
      vertex -3.8 0.36 3.75
    endloop
  endfacet
  facet normal -0 0 1
    outer loop
      vertex -3.83961 0.186446 3.75
      vertex -3.73962 -0.854365 3.75
      vertex -3.81003 0.270991 3.75
    endloop
  endfacet
  facet normal 0 0 1
    outer loop
      vertex -3.73962 -0.854365 3.75
      vertex -3.83961 0.186446 3.75
      vertex -3.80552 -0.777603 3.75
    endloop
  endfacet
  facet normal -0 0 1
    outer loop
      vertex -3.88727 0.110603 3.75
      vertex -3.80552 -0.777603 3.75
      vertex -3.83961 0.186446 3.75
    endloop
  endfacet
  facet normal 0 0 1
    outer loop
      vertex -3.80552 -0.777603 3.75
      vertex -3.88727 0.110603 3.75
      vertex -3.88552 -0.715677 3.75
    endloop
  endfacet
  facet normal -0 0 1
    outer loop
      vertex -3.9506 0.047267 3.75
      vertex -3.88552 -0.715677 3.75
      vertex -3.88727 0.110603 3.75
    endloop
  endfacet
  facet normal 0 0 1
    outer loop
      vertex -3.9506 0.047267 3.75
      vertex -3.97635 -0.671124 3.75
      vertex -3.88552 -0.715677 3.75
    endloop
  endfacet
  facet normal -0 0 1
    outer loop
      vertex -4.02645 -0.000387192 3.75
      vertex -3.97635 -0.671124 3.75
      vertex -3.9506 0.047267 3.75
    endloop
  endfacet
  facet normal 0 0 1
    outer loop
      vertex -4.02645 -0.000387192 3.75
      vertex -4.07429 -0.645765 3.75
      vertex -3.97635 -0.671124 3.75
    endloop
  endfacet
  facet normal -0 0 1
    outer loop
      vertex -4.11099 -0.0299711 3.75
      vertex -4.07429 -0.645765 3.75
      vertex -4.02645 -0.000387192 3.75
    endloop
  endfacet
  facet normal 0 0 1
    outer loop
      vertex -4.11099 -0.0299711 3.75
      vertex -4.17532 -0.640641 3.75
      vertex -4.07429 -0.645765 3.75
    endloop
  endfacet
  facet normal -0 0 1
    outer loop
      vertex -4.2 -0.04 3.75
      vertex -4.17532 -0.640641 3.75
      vertex -4.11099 -0.0299711 3.75
    endloop
  endfacet
  facet normal 0 0 1
    outer loop
      vertex -4.2 -0.04 3.75
      vertex -4.27533 -0.655961 3.75
      vertex -4.17532 -0.640641 3.75
    endloop
  endfacet
  facet normal 0 0 1
    outer loop
      vertex -4.28901 -0.0299711 3.75
      vertex -4.27533 -0.655961 3.75
      vertex -4.2 -0.04 3.75
    endloop
  endfacet
  facet normal 0 0 1
    outer loop
      vertex -4.28901 -0.0299711 3.75
      vertex -4.3702 -0.691097 3.75
      vertex -4.27533 -0.655961 3.75
    endloop
  endfacet
  facet normal 0 0 1
    outer loop
      vertex -4.37355 -0.000387192 3.75
      vertex -4.3702 -0.691097 3.75
      vertex -4.28901 -0.0299711 3.75
    endloop
  endfacet
  facet normal 0 0 1
    outer loop
      vertex -4.4494 0.047267 3.75
      vertex -4.3702 -0.691097 3.75
      vertex -4.37355 -0.000387192 3.75
    endloop
  endfacet
  facet normal 0 0 1
    outer loop
      vertex -4.4494 0.047267 3.75
      vertex -4.45605 -0.744612 3.75
      vertex -4.3702 -0.691097 3.75
    endloop
  endfacet
  facet normal 0 0 1
    outer loop
      vertex -4.51273 0.110603 3.75
      vertex -4.45605 -0.744612 3.75
      vertex -4.4494 0.047267 3.75
    endloop
  endfacet
  facet normal 0 0 1
    outer loop
      vertex -4.51273 0.110603 3.75
      vertex -4.52938 -0.814313 3.75
      vertex -4.45605 -0.744612 3.75
    endloop
  endfacet
  facet normal 0 0 1
    outer loop
      vertex -4.56039 0.186446 3.75
      vertex -4.52938 -0.814313 3.75
      vertex -4.51273 0.110603 3.75
    endloop
  endfacet
  facet normal 0 0 1
    outer loop
      vertex -4.56039 0.186446 3.75
      vertex -4.58717 -0.897348 3.75
      vertex -4.52938 -0.814313 3.75
    endloop
  endfacet
  facet normal 0 0 1
    outer loop
      vertex -4.62707 -0.990318 3.75
      vertex -4.56039 0.186446 3.75
      vertex -4.58997 0.270991 3.75
    endloop
  endfacet
  facet normal 0 0 1
    outer loop
      vertex -4.64743 -1.08942 3.75
      vertex -4.58997 0.270991 3.75
      vertex -4.6 0.36 3.75
    endloop
  endfacet
  facet normal 0 0 1
    outer loop
      vertex -4.56039 0.186446 3.75
      vertex -4.62707 -0.990318 3.75
      vertex -4.58717 -0.897348 3.75
    endloop
  endfacet
  facet normal 0 0 1
    outer loop
      vertex -0.599971 -4.06099 3.75
      vertex -0.950028 -4.06099 3.75
      vertex -0.94 -4.15 3.75
    endloop
  endfacet
  facet normal 0 0 1
    outer loop
      vertex -0.383554 -3.78961 3.75
      vertex -0.979612 -3.97645 3.75
      vertex -0.950028 -4.06099 3.75
    endloop
  endfacet
  facet normal 0 0 1
    outer loop
      vertex -3.65 -1.14 3.75
      vertex -0.919999 3.75 3.75
      vertex -1.00901 3.76003 3.75
    endloop
  endfacet
  facet normal 0 0 1
    outer loop
      vertex -0.383554 -3.78961 3.75
      vertex -1.02727 -3.9006 3.75
      vertex -0.979612 -3.97645 3.75
    endloop
  endfacet
  facet normal 0 0 1
    outer loop
      vertex -0.383554 -3.78961 3.75
      vertex -1.0906 -3.83727 3.75
      vertex -1.02727 -3.9006 3.75
    endloop
  endfacet
  facet normal 0 0 1
    outer loop
      vertex -1.96099 3.76003 3.75
      vertex -1.00901 3.76003 3.75
      vertex -1.09355 3.78961 3.75
    endloop
  endfacet
  facet normal 0 0 1
    outer loop
      vertex -0.383554 -3.78961 3.75
      vertex -1.16645 -3.78961 3.75
      vertex -1.0906 -3.83727 3.75
    endloop
  endfacet
  facet normal 0 0 1
    outer loop
      vertex -1.87645 3.78961 3.75
      vertex -1.09355 3.78961 3.75
      vertex -1.1694 3.83727 3.75
    endloop
  endfacet
  facet normal 0 0 1
    outer loop
      vertex -1.8006 3.83727 3.75
      vertex -1.1694 3.83727 3.75
      vertex -1.23273 3.9006 3.75
    endloop
  endfacet
  facet normal 0 0 1
    outer loop
      vertex -0.299008 -3.76003 3.75
      vertex -1.25099 -3.76003 3.75
      vertex -0.383554 -3.78961 3.75
    endloop
  endfacet
  facet normal 0 0 1
    outer loop
      vertex -1.73727 3.9006 3.75
      vertex -1.23273 3.9006 3.75
      vertex -1.28039 3.97645 3.75
    endloop
  endfacet
  facet normal 0 0 1
    outer loop
      vertex -1.68961 3.97645 3.75
      vertex -1.28039 3.97645 3.75
      vertex -1.30997 4.06099 3.75
    endloop
  endfacet
  facet normal 0 0 1
    outer loop
      vertex -1.66003 4.06099 3.75
      vertex -1.30997 4.06099 3.75
      vertex -1.32 4.15 3.75
    endloop
  endfacet
  facet normal 0 0 1
    outer loop
      vertex -1.1694 3.83727 3.75
      vertex -1.8006 3.83727 3.75
      vertex -1.87645 3.78961 3.75
    endloop
  endfacet
  facet normal 0 0 1
    outer loop
      vertex -0.383554 -3.78961 3.75
      vertex -1.25099 -3.76003 3.75
      vertex -1.16645 -3.78961 3.75
    endloop
  endfacet
  facet normal 0 0 1
    outer loop
      vertex -1.25099 -3.76003 3.75
      vertex -3.65 -1.14 3.75
      vertex -1.34 -3.75 3.75
    endloop
  endfacet
  facet normal -0 0 1
    outer loop
      vertex -3.66023 -1.24065 3.75
      vertex -1.34 -3.75 3.75
      vertex -3.65 -1.14 3.75
    endloop
  endfacet
  facet normal 0 0 1
    outer loop
      vertex -1.34 -3.75 3.75
      vertex -3.66023 -1.24065 3.75
      vertex -1.42901 -3.76003 3.75
    endloop
  endfacet
  facet normal -0 0 1
    outer loop
      vertex -3.69052 -1.33718 3.75
      vertex -1.42901 -3.76003 3.75
      vertex -3.66023 -1.24065 3.75
    endloop
  endfacet
  facet normal 0 0 1
    outer loop
      vertex -1.42901 -3.76003 3.75
      vertex -3.69052 -1.33718 3.75
      vertex -1.51355 -3.78961 3.75
    endloop
  endfacet
  facet normal -0 0 1
    outer loop
      vertex -3.73962 -1.42563 3.75
      vertex -1.51355 -3.78961 3.75
      vertex -3.69052 -1.33718 3.75
    endloop
  endfacet
  facet normal 0 0 1
    outer loop
      vertex -1.51355 -3.78961 3.75
      vertex -3.73962 -1.42563 3.75
      vertex -1.5894 -3.83727 3.75
    endloop
  endfacet
  facet normal 0 0 1
    outer loop
      vertex 0.530028 -4.06099 3.75
      vertex 0.179971 -4.06099 3.75
      vertex 0.19 -4.15 3.75
    endloop
  endfacet
  facet normal 0 0 1
    outer loop
      vertex 0.746446 -3.78961 3.75
      vertex 0.150387 -3.97645 3.75
      vertex 0.179971 -4.06099 3.75
    endloop
  endfacet
  facet normal 0 0 1
    outer loop
      vertex -3.65 -1.14 3.75
      vertex 0.209999 3.75 3.75
      vertex 0.120991 3.76003 3.75
    endloop
  endfacet
  facet normal 0 0 1
    outer loop
      vertex 0.746446 -3.78961 3.75
      vertex 0.102732 -3.9006 3.75
      vertex 0.150387 -3.97645 3.75
    endloop
  endfacet
  facet normal 0 0 1
    outer loop
      vertex 0.746446 -3.78961 3.75
      vertex 0.0393953 -3.83727 3.75
      vertex 0.102732 -3.9006 3.75
    endloop
  endfacet
  facet normal 0 0 1
    outer loop
      vertex -0.830991 3.76003 3.75
      vertex 0.120991 3.76003 3.75
      vertex 0.0364456 3.78961 3.75
    endloop
  endfacet
  facet normal 0 0 1
    outer loop
      vertex 0.746446 -3.78961 3.75
      vertex -0.0364456 -3.78961 3.75
      vertex 0.0393953 -3.83727 3.75
    endloop
  endfacet
  facet normal 0 0 1
    outer loop
      vertex -0.746446 3.78961 3.75
      vertex 0.0364456 3.78961 3.75
      vertex -0.0393953 3.83727 3.75
    endloop
  endfacet
  facet normal 0 0 1
    outer loop
      vertex -0.670604 3.83727 3.75
      vertex -0.0393953 3.83727 3.75
      vertex -0.102732 3.9006 3.75
    endloop
  endfacet
  facet normal 0 0 1
    outer loop
      vertex 0.746446 -3.78961 3.75
      vertex -0.120991 -3.76003 3.75
      vertex -0.0364456 -3.78961 3.75
    endloop
  endfacet
  facet normal 0 0 1
    outer loop
      vertex -0.607267 3.9006 3.75
      vertex -0.102732 3.9006 3.75
      vertex -0.150387 3.97645 3.75
    endloop
  endfacet
  facet normal 0 0 1
    outer loop
      vertex -0.559612 3.97645 3.75
      vertex -0.150387 3.97645 3.75
      vertex -0.179971 4.06099 3.75
    endloop
  endfacet
  facet normal 0 0 1
    outer loop
      vertex -0.530028 4.06099 3.75
      vertex -0.179971 4.06099 3.75
      vertex -0.19 4.15 3.75
    endloop
  endfacet
  facet normal 0 0 1
    outer loop
      vertex -0.0393953 3.83727 3.75
      vertex -0.670604 3.83727 3.75
      vertex -0.746446 3.78961 3.75
    endloop
  endfacet
  facet normal 0 0 1
    outer loop
      vertex 0.0364456 3.78961 3.75
      vertex -0.746446 3.78961 3.75
      vertex -0.830991 3.76003 3.75
    endloop
  endfacet
  facet normal 0 0 1
    outer loop
      vertex -3.65 -1.14 3.75
      vertex 0.120991 3.76003 3.75
      vertex -0.830991 3.76003 3.75
    endloop
  endfacet
  facet normal 0 0 1
    outer loop
      vertex 0.209999 3.75 3.75
      vertex -0.209999 -3.75 3.75
      vertex -0.120991 -3.76003 3.75
    endloop
  endfacet
  facet normal 0 0 1
    outer loop
      vertex -3.65 -1.14 3.75
      vertex -0.830991 3.76003 3.75
      vertex -0.919999 3.75 3.75
    endloop
  endfacet
  facet normal 0 0 1
    outer loop
      vertex 0.209999 3.75 3.75
      vertex -3.65 -1.14 3.75
      vertex -0.209999 -3.75 3.75
    endloop
  endfacet
  facet normal 0 0 1
    outer loop
      vertex -0.209999 -3.75 3.75
      vertex -3.65 -1.14 3.75
      vertex -0.299008 -3.76003 3.75
    endloop
  endfacet
  facet normal 0 -0 1
    outer loop
      vertex -1.25099 -3.76003 3.75
      vertex -0.299008 -3.76003 3.75
      vertex -3.65 -1.14 3.75
    endloop
  endfacet
  facet normal 0 0 1
    outer loop
      vertex -0.383554 -3.78961 3.75
      vertex -0.950028 -4.06099 3.75
      vertex -0.459395 -3.83727 3.75
    endloop
  endfacet
  facet normal 0 0 1
    outer loop
      vertex 1.60386 -4.10708 3.75
      vertex 1.30997 -4.06099 3.75
      vertex 1.32 -4.15 3.75
    endloop
  endfacet
  facet normal 0 0 1
    outer loop
      vertex 3.65257 1.08942 3.75
      vertex 1.28039 -3.97645 3.75
      vertex 1.30997 -4.06099 3.75
    endloop
  endfacet
  facet normal -0 0 1
    outer loop
      vertex 0.299008 3.76003 3.75
      vertex 3.65257 1.08942 3.75
      vertex 1.25099 3.76003 3.75
    endloop
  endfacet
  facet normal 0 0 1
    outer loop
      vertex 3.65257 1.08942 3.75
      vertex 1.23273 -3.9006 3.75
      vertex 1.28039 -3.97645 3.75
    endloop
  endfacet
  facet normal 0 0 1
    outer loop
      vertex 3.65257 1.08942 3.75
      vertex 1.1694 -3.83727 3.75
      vertex 1.23273 -3.9006 3.75
    endloop
  endfacet
  facet normal 0 0 1
    outer loop
      vertex 0.299008 3.76003 3.75
      vertex 1.25099 3.76003 3.75
      vertex 1.16645 3.78961 3.75
    endloop
  endfacet
  facet normal 0 0 1
    outer loop
      vertex 3.65257 1.08942 3.75
      vertex 1.09355 -3.78961 3.75
      vertex 1.1694 -3.83727 3.75
    endloop
  endfacet
  facet normal 0 0 1
    outer loop
      vertex 0.383554 3.78961 3.75
      vertex 1.16645 3.78961 3.75
      vertex 1.0906 3.83727 3.75
    endloop
  endfacet
  facet normal 0 0 1
    outer loop
      vertex 0.459395 3.83727 3.75
      vertex 1.0906 3.83727 3.75
      vertex 1.02727 3.9006 3.75
    endloop
  endfacet
  facet normal 0 0 1
    outer loop
      vertex 3.65257 1.08942 3.75
      vertex 1.00901 -3.76003 3.75
      vertex 1.09355 -3.78961 3.75
    endloop
  endfacet
  facet normal 0 0 1
    outer loop
      vertex 0.522732 3.9006 3.75
      vertex 1.02727 3.9006 3.75
      vertex 0.979612 3.97645 3.75
    endloop
  endfacet
  facet normal 0 0 1
    outer loop
      vertex 0.570387 3.97645 3.75
      vertex 0.979612 3.97645 3.75
      vertex 0.950028 4.06099 3.75
    endloop
  endfacet
  facet normal 0 0 1
    outer loop
      vertex 0.599971 4.06099 3.75
      vertex 0.950028 4.06099 3.75
      vertex 0.94 4.15 3.75
    endloop
  endfacet
  facet normal 0 0 1
    outer loop
      vertex 1.0906 3.83727 3.75
      vertex 0.459395 3.83727 3.75
      vertex 0.383554 3.78961 3.75
    endloop
  endfacet
  facet normal 0 0 1
    outer loop
      vertex 1.16645 3.78961 3.75
      vertex 0.383554 3.78961 3.75
      vertex 0.299008 3.76003 3.75
    endloop
  endfacet
  facet normal -0 0 1
    outer loop
      vertex 0.209999 3.75 3.75
      vertex 3.65257 1.08942 3.75
      vertex 0.299008 3.76003 3.75
    endloop
  endfacet
  facet normal 0 0 1
    outer loop
      vertex 3.65257 1.08942 3.75
      vertex 0.919999 -3.75 3.75
      vertex 1.00901 -3.76003 3.75
    endloop
  endfacet
  facet normal 0 0 1
    outer loop
      vertex -0.120991 -3.76003 3.75
      vertex 3.65257 1.08942 3.75
      vertex 0.209999 3.75 3.75
    endloop
  endfacet
  facet normal 0 0 1
    outer loop
      vertex 3.65257 1.08942 3.75
      vertex 0.830991 -3.76003 3.75
      vertex 0.919999 -3.75 3.75
    endloop
  endfacet
  facet normal 0 0 1
    outer loop
      vertex 3.65257 1.08942 3.75
      vertex -0.120991 -3.76003 3.75
      vertex 0.830991 -3.76003 3.75
    endloop
  endfacet
  facet normal 0 0 1
    outer loop
      vertex 0.830991 -3.76003 3.75
      vertex -0.120991 -3.76003 3.75
      vertex 0.746446 -3.78961 3.75
    endloop
  endfacet
  facet normal 0 0 1
    outer loop
      vertex 0.746446 -3.78961 3.75
      vertex 0.179971 -4.06099 3.75
      vertex 0.670604 -3.83727 3.75
    endloop
  endfacet
  facet normal -0 0 1
    outer loop
      vertex 1.93461 3.95766 3.75
      vertex 4.02467 1.62404 3.75
      vertex 1.95151 3.99773 3.75
    endloop
  endfacet
  facet normal 0 0 1
    outer loop
      vertex 4.02467 1.62404 3.75
      vertex 1.93461 3.95766 3.75
      vertex 3.9298 1.5889 3.75
    endloop
  endfacet
  facet normal -0 0 1
    outer loop
      vertex 1.91421 3.92034 3.75
      vertex 3.9298 1.5889 3.75
      vertex 1.93461 3.95766 3.75
    endloop
  endfacet
  facet normal -0 0 1
    outer loop
      vertex 1.91274 3.91766 3.75
      vertex 3.9298 1.5889 3.75
      vertex 1.91421 3.92034 3.75
    endloop
  endfacet
  facet normal -0 0 1
    outer loop
      vertex 1.91102 3.91517 3.75
      vertex 3.9298 1.5889 3.75
      vertex 1.91274 3.91766 3.75
    endloop
  endfacet
  facet normal -0 0 1
    outer loop
      vertex 1.88723 3.88074 3.75
      vertex 3.9298 1.5889 3.75
      vertex 1.91102 3.91517 3.75
    endloop
  endfacet
  facet normal 0 0 1
    outer loop
      vertex 3.9298 1.5889 3.75
      vertex 1.88723 3.88074 3.75
      vertex 3.84395 1.53539 3.75
    endloop
  endfacet
  facet normal -0 0 1
    outer loop
      vertex 1.86044 3.84975 3.75
      vertex 3.84395 1.53539 3.75
      vertex 1.88723 3.88074 3.75
    endloop
  endfacet
  facet normal -0 0 1
    outer loop
      vertex 1.85835 3.84733 3.75
      vertex 3.84395 1.53539 3.75
      vertex 1.86044 3.84975 3.75
    endloop
  endfacet
  facet normal -0 0 1
    outer loop
      vertex 1.85603 3.84518 3.75
      vertex 3.84395 1.53539 3.75
      vertex 1.85835 3.84733 3.75
    endloop
  endfacet
  facet normal -0 0 1
    outer loop
      vertex 1.82642 3.81778 3.75
      vertex 3.84395 1.53539 3.75
      vertex 1.85603 3.84518 3.75
    endloop
  endfacet
  facet normal 0 0 1
    outer loop
      vertex 3.84395 1.53539 3.75
      vertex 1.82642 3.81778 3.75
      vertex 3.77062 1.46569 3.75
    endloop
  endfacet
  facet normal -0 0 1
    outer loop
      vertex 1.79444 3.79435 3.75
      vertex 3.77062 1.46569 3.75
      vertex 1.82642 3.81778 3.75
    endloop
  endfacet
  facet normal -0 0 1
    outer loop
      vertex 1.7918 3.79242 3.75
      vertex 3.77062 1.46569 3.75
      vertex 1.79444 3.79435 3.75
    endloop
  endfacet
  facet normal -0 0 1
    outer loop
      vertex 1.75485 3.77152 3.75
      vertex 3.77062 1.46569 3.75
      vertex 1.7918 3.79242 3.75
    endloop
  endfacet
  facet normal 0 0 1
    outer loop
      vertex 3.77062 1.46569 3.75
      vertex 1.75485 3.77152 3.75
      vertex 3.71283 1.38265 3.75
    endloop
  endfacet
  facet normal -0 0 1
    outer loop
      vertex 1.75183 3.77026 3.75
      vertex 3.71283 1.38265 3.75
      vertex 1.75485 3.77152 3.75
    endloop
  endfacet
  facet normal -0 0 1
    outer loop
      vertex 1.71599 3.75531 3.75
      vertex 3.71283 1.38265 3.75
      vertex 1.75183 3.77026 3.75
    endloop
  endfacet
  facet normal -0 0 1
    outer loop
      vertex 1.67883 3.74488 3.75
      vertex 3.71283 1.38265 3.75
      vertex 1.71599 3.75531 3.75
    endloop
  endfacet
  facet normal -0 0 1
    outer loop
      vertex 1.67565 3.74398 3.75
      vertex 3.71283 1.38265 3.75
      vertex 1.67883 3.74488 3.75
    endloop
  endfacet
  facet normal 0 0 1
    outer loop
      vertex 3.71283 1.38265 3.75
      vertex 1.67565 3.74398 3.75
      vertex 3.67293 1.28968 3.75
    endloop
  endfacet
  facet normal -0 0 1
    outer loop
      vertex 1.67238 3.74348 3.75
      vertex 3.67293 1.28968 3.75
      vertex 1.67565 3.74398 3.75
    endloop
  endfacet
  facet normal -0 0 1
    outer loop
      vertex 1.63425 3.73765 3.75
      vertex 3.67293 1.28968 3.75
      vertex 1.67238 3.74348 3.75
    endloop
  endfacet
  facet normal -0 0 1
    outer loop
      vertex 1.59555 3.73647 3.75
      vertex 3.67293 1.28968 3.75
      vertex 1.63425 3.73765 3.75
    endloop
  endfacet
  facet normal -0 0 1
    outer loop
      vertex 1.59227 3.73638 3.75
      vertex 3.67293 1.28968 3.75
      vertex 1.59555 3.73647 3.75
    endloop
  endfacet
  facet normal 0 0 1
    outer loop
      vertex 3.67293 1.28968 3.75
      vertex 1.59227 3.73638 3.75
      vertex 3.65257 1.19058 3.75
    endloop
  endfacet
  facet normal 0 0 1
    outer loop
      vertex 1.58898 3.73667 3.75
      vertex 3.65257 1.19058 3.75
      vertex 1.59227 3.73638 3.75
    endloop
  endfacet
  facet normal 0 0 1
    outer loop
      vertex 1.55015 3.74018 3.75
      vertex 3.65257 1.19058 3.75
      vertex 1.58898 3.73667 3.75
    endloop
  endfacet
  facet normal 0 0 1
    outer loop
      vertex 3.65257 1.08942 3.75
      vertex 1.96099 -3.76003 3.75
      vertex 2.05 -3.75 3.75
    endloop
  endfacet
  facet normal 0 0 1
    outer loop
      vertex 3.65257 1.19058 3.75
      vertex 1.34 3.75 3.75
      vertex 3.65257 1.08942 3.75
    endloop
  endfacet
  facet normal 0 0 1
    outer loop
      vertex 1.25099 3.76003 3.75
      vertex 3.65257 1.08942 3.75
      vertex 1.34 3.75 3.75
    endloop
  endfacet
  facet normal 0 0 1
    outer loop
      vertex 3.65257 1.08942 3.75
      vertex 1.87645 -3.78961 3.75
      vertex 1.96099 -3.76003 3.75
    endloop
  endfacet
  facet normal 0 0 1
    outer loop
      vertex 1.30997 -4.06099 3.75
      vertex 1.87645 -3.78961 3.75
      vertex 3.65257 1.08942 3.75
    endloop
  endfacet
  facet normal 0 0 1
    outer loop
      vertex 1.87645 -3.78961 3.75
      vertex 1.8295 -3.81898 3.75
      vertex 1.83003 -3.81878 3.75
    endloop
  endfacet
  facet normal 0 0 1
    outer loop
      vertex 1.87645 -3.78961 3.75
      vertex 1.7922 -3.838 3.75
      vertex 1.8295 -3.81898 3.75
    endloop
  endfacet
  facet normal 0 0 1
    outer loop
      vertex 1.87645 -3.78961 3.75
      vertex 1.30997 -4.06099 3.75
      vertex 1.7922 -3.838 3.75
    endloop
  endfacet
  facet normal 0 0 1
    outer loop
      vertex 1.7922 -3.838 3.75
      vertex 1.30997 -4.06099 3.75
      vertex 1.75718 -3.86098 3.75
    endloop
  endfacet
  facet normal 0 0 1
    outer loop
      vertex 1.30997 -4.06099 3.75
      vertex 1.72482 -3.88768 3.75
      vertex 1.75718 -3.86098 3.75
    endloop
  endfacet
  facet normal 0 0 1
    outer loop
      vertex 1.30997 -4.06099 3.75
      vertex 1.69726 -3.91597 3.75
      vertex 1.72482 -3.88768 3.75
    endloop
  endfacet
  facet normal 0 0 1
    outer loop
      vertex 1.30997 -4.06099 3.75
      vertex 1.69547 -3.9178 3.75
      vertex 1.69726 -3.91597 3.75
    endloop
  endfacet
  facet normal 0 0 1
    outer loop
      vertex 1.30997 -4.06099 3.75
      vertex 1.69389 -3.91982 3.75
      vertex 1.69547 -3.9178 3.75
    endloop
  endfacet
  facet normal 0 0 1
    outer loop
      vertex 1.30997 -4.06099 3.75
      vertex 1.66946 -3.95102 3.75
      vertex 1.69389 -3.91982 3.75
    endloop
  endfacet
  facet normal 0 0 1
    outer loop
      vertex 1.30997 -4.06099 3.75
      vertex 1.64838 -3.98485 3.75
      vertex 1.66946 -3.95102 3.75
    endloop
  endfacet
  facet normal 0 0 1
    outer loop
      vertex 1.30997 -4.06099 3.75
      vertex 1.64707 -3.98696 3.75
      vertex 1.64838 -3.98485 3.75
    endloop
  endfacet
  facet normal 0 0 1
    outer loop
      vertex 1.30997 -4.06099 3.75
      vertex 1.64598 -3.98919 3.75
      vertex 1.64707 -3.98696 3.75
    endloop
  endfacet
  facet normal 0 0 1
    outer loop
      vertex 1.30997 -4.06099 3.75
      vertex 1.62854 -4.02523 3.75
      vertex 1.64598 -3.98919 3.75
    endloop
  endfacet
  facet normal 0 0 1
    outer loop
      vertex 1.60386 -4.10708 3.75
      vertex 1.32 -4.15 3.75
      vertex 1.59828 -4.14755 3.75
    endloop
  endfacet
  facet normal 0 0 1
    outer loop
      vertex 1.59828 -4.14755 3.75
      vertex 1.32 -4.15 3.75
      vertex 1.59797 -4.14975 3.75
    endloop
  endfacet
  facet normal 0 0 1
    outer loop
      vertex 3.86707 -1.2299 3.75
      vertex 3.83961 -1.31645 3.75
      vertex 3.88579 -1.24296 3.75
    endloop
  endfacet
  facet normal 0 0 1
    outer loop
      vertex 3.83769 -1.20371 3.75
      vertex 3.83961 -1.31645 3.75
      vertex 3.86707 -1.2299 3.75
    endloop
  endfacet
  facet normal 0 0 1
    outer loop
      vertex 3.83515 -1.20145 3.75
      vertex 3.83961 -1.31645 3.75
      vertex 3.83769 -1.20371 3.75
    endloop
  endfacet
  facet normal 0 0 1
    outer loop
      vertex 3.80947 -1.17226 3.75
      vertex 3.83961 -1.31645 3.75
      vertex 3.83515 -1.20145 3.75
    endloop
  endfacet
  facet normal 0 0 1
    outer loop
      vertex 3.80722 -1.1697 3.75
      vertex 3.83961 -1.31645 3.75
      vertex 3.80947 -1.17226 3.75
    endloop
  endfacet
  facet normal 0 0 1
    outer loop
      vertex 3.80531 -1.1669 3.75
      vertex 3.83961 -1.31645 3.75
      vertex 3.80722 -1.1697 3.75
    endloop
  endfacet
  facet normal 0 0 1
    outer loop
      vertex 3.83961 -1.31645 3.75
      vertex 3.80531 -1.1669 3.75
      vertex 3.81003 -1.40099 3.75
    endloop
  endfacet
  facet normal 0 0 1
    outer loop
      vertex 3.78359 -1.135 3.75
      vertex 3.81003 -1.40099 3.75
      vertex 3.80531 -1.1669 3.75
    endloop
  endfacet
  facet normal 0 0 1
    outer loop
      vertex 3.81003 -2.53099 3.75
      vertex 2.45 -4.15 3.75
      vertex 3.8 -2.62 3.75
    endloop
  endfacet
  facet normal 0 0 1
    outer loop
      vertex 3.76453 -1.09772 3.75
      vertex 3.81003 -1.40099 3.75
      vertex 3.76608 -1.10075 3.75
    endloop
  endfacet
  facet normal 0 0 1
    outer loop
      vertex 3.76608 -1.10075 3.75
      vertex 3.81003 -1.40099 3.75
      vertex 3.78359 -1.135 3.75
    endloop
  endfacet
  facet normal -0 0 1
    outer loop
      vertex 4.56039 -2.79355 3.75
      vertex 5.1 -4.1 3.75
      vertex 4.58997 -2.70901 3.75
    endloop
  endfacet
  facet normal 0 0 1
    outer loop
      vertex 5.1 -4.1 3.75
      vertex 4.58997 -3.66099 3.75
      vertex 4.6 -3.75 3.75
    endloop
  endfacet
  facet normal -0 0 1
    outer loop
      vertex 4.56039 -3.57645 3.75
      vertex 5.1 -4.1 3.75
      vertex 4.56039 -2.79355 3.75
    endloop
  endfacet
  facet normal 0 0 1
    outer loop
      vertex 5.1 -4.1 3.75
      vertex 4.56039 -3.57645 3.75
      vertex 4.58997 -3.66099 3.75
    endloop
  endfacet
  facet normal -0 0 1
    outer loop
      vertex 4.51273 -2.8694 3.75
      vertex 4.56039 -3.57645 3.75
      vertex 4.56039 -2.79355 3.75
    endloop
  endfacet
  facet normal 0 0 1
    outer loop
      vertex 4.51273 -2.8694 3.75
      vertex 4.51273 -3.5006 3.75
      vertex 4.56039 -3.57645 3.75
    endloop
  endfacet
  facet normal -0 0 1
    outer loop
      vertex 4.4494 -2.93273 3.75
      vertex 4.51273 -3.5006 3.75
      vertex 4.51273 -2.8694 3.75
    endloop
  endfacet
  facet normal 0 0 1
    outer loop
      vertex 4.4494 -2.93273 3.75
      vertex 4.4494 -3.43727 3.75
      vertex 4.51273 -3.5006 3.75
    endloop
  endfacet
  facet normal -0 0 1
    outer loop
      vertex 4.37355 -2.98039 3.75
      vertex 4.4494 -3.43727 3.75
      vertex 4.4494 -2.93273 3.75
    endloop
  endfacet
  facet normal 0 0 1
    outer loop
      vertex 4.37355 -2.98039 3.75
      vertex 4.37355 -3.38961 3.75
      vertex 4.4494 -3.43727 3.75
    endloop
  endfacet
  facet normal -0 0 1
    outer loop
      vertex 4.28901 -3.00997 3.75
      vertex 4.37355 -3.38961 3.75
      vertex 4.37355 -2.98039 3.75
    endloop
  endfacet
  facet normal 0 0 1
    outer loop
      vertex 4.28901 -3.00997 3.75
      vertex 4.28901 -3.36003 3.75
      vertex 4.37355 -3.38961 3.75
    endloop
  endfacet
  facet normal -0 0 1
    outer loop
      vertex 4.2 -3.02 3.75
      vertex 4.28901 -3.36003 3.75
      vertex 4.28901 -3.00997 3.75
    endloop
  endfacet
  facet normal 0 0 1
    outer loop
      vertex 4.2 -3.02 3.75
      vertex 4.2 -3.35 3.75
      vertex 4.28901 -3.36003 3.75
    endloop
  endfacet
  facet normal 0 0 1
    outer loop
      vertex 4.11099 -3.00997 3.75
      vertex 4.2 -3.35 3.75
      vertex 4.2 -3.02 3.75
    endloop
  endfacet
  facet normal 0 0 1
    outer loop
      vertex 4.11099 -3.00997 3.75
      vertex 4.11099 -3.36003 3.75
      vertex 4.2 -3.35 3.75
    endloop
  endfacet
  facet normal 0 0 1
    outer loop
      vertex 4.02645 -2.98039 3.75
      vertex 4.11099 -3.36003 3.75
      vertex 4.11099 -3.00997 3.75
    endloop
  endfacet
  facet normal 0 0 1
    outer loop
      vertex 4.02645 -2.98039 3.75
      vertex 4.02645 -3.38961 3.75
      vertex 4.11099 -3.36003 3.75
    endloop
  endfacet
  facet normal 0 0 1
    outer loop
      vertex 3.9506 -2.93273 3.75
      vertex 4.02645 -3.38961 3.75
      vertex 4.02645 -2.98039 3.75
    endloop
  endfacet
  facet normal 0 0 1
    outer loop
      vertex 3.9506 -2.93273 3.75
      vertex 3.9506 -3.43727 3.75
      vertex 4.02645 -3.38961 3.75
    endloop
  endfacet
  facet normal 0 0 1
    outer loop
      vertex 3.88727 -2.8694 3.75
      vertex 3.9506 -3.43727 3.75
      vertex 3.9506 -2.93273 3.75
    endloop
  endfacet
  facet normal 0 0 1
    outer loop
      vertex 3.88727 -2.8694 3.75
      vertex 3.88727 -3.5006 3.75
      vertex 3.9506 -3.43727 3.75
    endloop
  endfacet
  facet normal 0 0 1
    outer loop
      vertex 3.83961 -2.79355 3.75
      vertex 3.88727 -3.5006 3.75
      vertex 3.88727 -2.8694 3.75
    endloop
  endfacet
  facet normal 0 0 1
    outer loop
      vertex 3.83961 -2.79355 3.75
      vertex 3.83961 -3.57645 3.75
      vertex 3.88727 -3.5006 3.75
    endloop
  endfacet
  facet normal 0 0 1
    outer loop
      vertex 3.81003 -2.70901 3.75
      vertex 3.83961 -3.57645 3.75
      vertex 3.83961 -2.79355 3.75
    endloop
  endfacet
  facet normal 0 0 1
    outer loop
      vertex 3.81003 -2.70901 3.75
      vertex 3.81003 -3.66099 3.75
      vertex 3.83961 -3.57645 3.75
    endloop
  endfacet
  facet normal 0 0 1
    outer loop
      vertex 3.8 -2.62 3.75
      vertex 3.81003 -3.66099 3.75
      vertex 3.81003 -2.70901 3.75
    endloop
  endfacet
  facet normal 0 0 1
    outer loop
      vertex 3.81003 -3.66099 3.75
      vertex 3.8 -2.62 3.75
      vertex 3.8 -3.75 3.75
    endloop
  endfacet
  facet normal -0 0 1
    outer loop
      vertex 4.58997 -2.53099 3.75
      vertex 5.1 -4.1 3.75
      vertex 4.58997 -1.57901 3.75
    endloop
  endfacet
  facet normal 0 0 1
    outer loop
      vertex 5.1 -4.1 3.75
      vertex 4.58997 -2.53099 3.75
      vertex 4.6 -2.62 3.75
    endloop
  endfacet
  facet normal -0 0 1
    outer loop
      vertex 4.56039 -1.66355 3.75
      vertex 4.58997 -2.53099 3.75
      vertex 4.58997 -1.57901 3.75
    endloop
  endfacet
  facet normal 0 0 1
    outer loop
      vertex 4.56039 -1.66355 3.75
      vertex 4.56039 -2.44645 3.75
      vertex 4.58997 -2.53099 3.75
    endloop
  endfacet
  facet normal -0 0 1
    outer loop
      vertex 4.51273 -1.7394 3.75
      vertex 4.56039 -2.44645 3.75
      vertex 4.56039 -1.66355 3.75
    endloop
  endfacet
  facet normal 0 0 1
    outer loop
      vertex 4.51273 -1.7394 3.75
      vertex 4.51273 -2.3706 3.75
      vertex 4.56039 -2.44645 3.75
    endloop
  endfacet
  facet normal -0 0 1
    outer loop
      vertex 4.4494 -1.80273 3.75
      vertex 4.51273 -2.3706 3.75
      vertex 4.51273 -1.7394 3.75
    endloop
  endfacet
  facet normal 0 0 1
    outer loop
      vertex 4.4494 -1.80273 3.75
      vertex 4.4494 -2.30727 3.75
      vertex 4.51273 -2.3706 3.75
    endloop
  endfacet
  facet normal -0 0 1
    outer loop
      vertex 4.37355 -1.85039 3.75
      vertex 4.4494 -2.30727 3.75
      vertex 4.4494 -1.80273 3.75
    endloop
  endfacet
  facet normal 0 0 1
    outer loop
      vertex 4.37355 -1.85039 3.75
      vertex 4.37355 -2.25961 3.75
      vertex 4.4494 -2.30727 3.75
    endloop
  endfacet
  facet normal -0 0 1
    outer loop
      vertex 4.28901 -1.87997 3.75
      vertex 4.37355 -2.25961 3.75
      vertex 4.37355 -1.85039 3.75
    endloop
  endfacet
  facet normal 0 0 1
    outer loop
      vertex 4.28901 -1.87997 3.75
      vertex 4.28901 -2.23003 3.75
      vertex 4.37355 -2.25961 3.75
    endloop
  endfacet
  facet normal -0 0 1
    outer loop
      vertex 4.2 -1.89 3.75
      vertex 4.28901 -2.23003 3.75
      vertex 4.28901 -1.87997 3.75
    endloop
  endfacet
  facet normal 0 0 1
    outer loop
      vertex 4.2 -1.89 3.75
      vertex 4.2 -2.22 3.75
      vertex 4.28901 -2.23003 3.75
    endloop
  endfacet
  facet normal 0 0 1
    outer loop
      vertex 4.11099 -1.87997 3.75
      vertex 4.2 -2.22 3.75
      vertex 4.2 -1.89 3.75
    endloop
  endfacet
  facet normal 0 0 1
    outer loop
      vertex 4.11099 -1.87997 3.75
      vertex 4.11099 -2.23003 3.75
      vertex 4.2 -2.22 3.75
    endloop
  endfacet
  facet normal 0 0 1
    outer loop
      vertex 4.02645 -1.85039 3.75
      vertex 4.11099 -2.23003 3.75
      vertex 4.11099 -1.87997 3.75
    endloop
  endfacet
  facet normal 0 0 1
    outer loop
      vertex 4.02645 -1.85039 3.75
      vertex 4.02645 -2.25961 3.75
      vertex 4.11099 -2.23003 3.75
    endloop
  endfacet
  facet normal 0 0 1
    outer loop
      vertex 3.9506 -1.80273 3.75
      vertex 4.02645 -2.25961 3.75
      vertex 4.02645 -1.85039 3.75
    endloop
  endfacet
  facet normal 0 0 1
    outer loop
      vertex 3.9506 -1.80273 3.75
      vertex 3.9506 -2.30727 3.75
      vertex 4.02645 -2.25961 3.75
    endloop
  endfacet
  facet normal 0 0 1
    outer loop
      vertex 3.88727 -1.7394 3.75
      vertex 3.9506 -2.30727 3.75
      vertex 3.9506 -1.80273 3.75
    endloop
  endfacet
  facet normal 0 0 1
    outer loop
      vertex 3.88727 -1.7394 3.75
      vertex 3.88727 -2.3706 3.75
      vertex 3.9506 -2.30727 3.75
    endloop
  endfacet
  facet normal 0 0 1
    outer loop
      vertex 3.83961 -1.66355 3.75
      vertex 3.88727 -2.3706 3.75
      vertex 3.88727 -1.7394 3.75
    endloop
  endfacet
  facet normal 0 0 1
    outer loop
      vertex 3.83961 -1.66355 3.75
      vertex 3.83961 -2.44645 3.75
      vertex 3.88727 -2.3706 3.75
    endloop
  endfacet
  facet normal 0 0 1
    outer loop
      vertex 3.81003 -1.57901 3.75
      vertex 3.83961 -2.44645 3.75
      vertex 3.83961 -1.66355 3.75
    endloop
  endfacet
  facet normal 0 0 1
    outer loop
      vertex 3.81003 -1.57901 3.75
      vertex 3.81003 -2.53099 3.75
      vertex 3.83961 -2.44645 3.75
    endloop
  endfacet
  facet normal 0 0 1
    outer loop
      vertex 2.45 -4.15 3.75
      vertex 3.81003 -1.57901 3.75
      vertex 3.8 -1.49 3.75
    endloop
  endfacet
  facet normal 0 0 1
    outer loop
      vertex 3.81003 -1.57901 3.75
      vertex 2.45 -4.15 3.75
      vertex 3.81003 -2.53099 3.75
    endloop
  endfacet
  facet normal 0 0 1
    outer loop
      vertex 4.64158 -0.967936 3.75
      vertex 4.58997 -1.40099 3.75
      vertex 4.6 -1.49 3.75
    endloop
  endfacet
  facet normal 0 0 1
    outer loop
      vertex 4.56039 -1.31645 3.75
      vertex 4.60991 -1.04045 3.75
      vertex 4.58524 -1.08031 3.75
    endloop
  endfacet
  facet normal 0 0 1
    outer loop
      vertex 4.56039 -1.31645 3.75
      vertex 4.58524 -1.08031 3.75
      vertex 4.585 -1.0807 3.75
    endloop
  endfacet
  facet normal 0 0 1
    outer loop
      vertex 4.60991 -1.04045 3.75
      vertex 4.56039 -1.31645 3.75
      vertex 4.58997 -1.40099 3.75
    endloop
  endfacet
  facet normal -0 0 1
    outer loop
      vertex 4.55628 -1.11845 3.75
      vertex 4.56039 -1.31645 3.75
      vertex 4.585 -1.0807 3.75
    endloop
  endfacet
  facet normal -0 0 1
    outer loop
      vertex 4.55587 -1.11898 3.75
      vertex 4.56039 -1.31645 3.75
      vertex 4.55628 -1.11845 3.75
    endloop
  endfacet
  facet normal -0 0 1
    outer loop
      vertex 4.55541 -1.11948 3.75
      vertex 4.56039 -1.31645 3.75
      vertex 4.55587 -1.11898 3.75
    endloop
  endfacet
  facet normal 0 0 1
    outer loop
      vertex 4.51273 -1.2406 3.75
      vertex 4.55541 -1.11948 3.75
      vertex 4.52284 -1.15486 3.75
    endloop
  endfacet
  facet normal 0 0 1
    outer loop
      vertex 4.55541 -1.11948 3.75
      vertex 4.51273 -1.2406 3.75
      vertex 4.56039 -1.31645 3.75
    endloop
  endfacet
  facet normal -0 0 1
    outer loop
      vertex 4.48711 -1.18719 3.75
      vertex 4.51273 -1.2406 3.75
      vertex 4.52284 -1.15486 3.75
    endloop
  endfacet
  facet normal -0 0 1
    outer loop
      vertex 4.48628 -1.18794 3.75
      vertex 4.51273 -1.2406 3.75
      vertex 4.48711 -1.18719 3.75
    endloop
  endfacet
  facet normal -0 0 1
    outer loop
      vertex 4.48536 -1.18863 3.75
      vertex 4.51273 -1.2406 3.75
      vertex 4.48628 -1.18794 3.75
    endloop
  endfacet
  facet normal 0 0 1
    outer loop
      vertex 4.51273 -1.2406 3.75
      vertex 4.48536 -1.18863 3.75
      vertex 4.47134 -1.19921 3.75
    endloop
  endfacet
  facet normal -0 0 1
    outer loop
      vertex 4.63976 1.03935 3.75
      vertex 4.64158 -0.967936 3.75
      vertex 4.65 1.14 3.75
    endloop
  endfacet
  facet normal -0 0 1
    outer loop
      vertex 4.6 -0.36 3.75
      vertex 4.64158 -0.967936 3.75
      vertex 4.63976 1.03935 3.75
    endloop
  endfacet
  facet normal -0 0 1
    outer loop
      vertex 4.58997 -0.449008 3.75
      vertex 4.64158 -0.967936 3.75
      vertex 4.6 -0.36 3.75
    endloop
  endfacet
  facet normal 0 0 1
    outer loop
      vertex 4.58997 -0.270991 3.75
      vertex 4.63976 1.03935 3.75
      vertex 4.60948 0.942822 3.75
    endloop
  endfacet
  facet normal 0 0 1
    outer loop
      vertex 4.64158 -0.967936 3.75
      vertex 4.58997 -0.449008 3.75
      vertex 4.64119 -0.967144 3.75
    endloop
  endfacet
  facet normal 0 0 1
    outer loop
      vertex 4.64119 -0.967144 3.75
      vertex 4.58997 -0.449008 3.75
      vertex 4.64083 -0.966431 3.75
    endloop
  endfacet
  facet normal 0 0 1
    outer loop
      vertex 4.63976 1.03935 3.75
      vertex 4.58997 -0.270991 3.75
      vertex 4.6 -0.36 3.75
    endloop
  endfacet
  facet normal 0 0 1
    outer loop
      vertex 4.60948 0.942822 3.75
      vertex 4.56039 -0.186446 3.75
      vertex 4.58997 -0.270991 3.75
    endloop
  endfacet
  facet normal -0 0 1
    outer loop
      vertex 4.56038 0.854365 3.75
      vertex 4.56039 -0.186446 3.75
      vertex 4.60948 0.942822 3.75
    endloop
  endfacet
  facet normal 0 0 1
    outer loop
      vertex 4.56038 0.854365 3.75
      vertex 4.51273 -0.110603 3.75
      vertex 4.56039 -0.186446 3.75
    endloop
  endfacet
  facet normal -0 0 1
    outer loop
      vertex 4.49448 0.777603 3.75
      vertex 4.51273 -0.110603 3.75
      vertex 4.56038 0.854365 3.75
    endloop
  endfacet
  facet normal 0 0 1
    outer loop
      vertex 4.49448 0.777603 3.75
      vertex 4.4494 -0.047267 3.75
      vertex 4.51273 -0.110603 3.75
    endloop
  endfacet
  facet normal -0 0 1
    outer loop
      vertex 4.41448 0.715677 3.75
      vertex 4.4494 -0.047267 3.75
      vertex 4.49448 0.777603 3.75
    endloop
  endfacet
  facet normal 0 0 1
    outer loop
      vertex 4.41448 0.715677 3.75
      vertex 4.37355 0.000387192 3.75
      vertex 4.4494 -0.047267 3.75
    endloop
  endfacet
  facet normal -0 0 1
    outer loop
      vertex 4.32365 0.671124 3.75
      vertex 4.37355 0.000387192 3.75
      vertex 4.41448 0.715677 3.75
    endloop
  endfacet
  facet normal 0 0 1
    outer loop
      vertex 4.32365 0.671124 3.75
      vertex 4.28901 0.0299711 3.75
      vertex 4.37355 0.000387192 3.75
    endloop
  endfacet
  facet normal -0 0 1
    outer loop
      vertex 4.22571 0.645765 3.75
      vertex 4.28901 0.0299711 3.75
      vertex 4.32365 0.671124 3.75
    endloop
  endfacet
  facet normal 0 0 1
    outer loop
      vertex 4.22571 0.645765 3.75
      vertex 4.2 0.04 3.75
      vertex 4.28901 0.0299711 3.75
    endloop
  endfacet
  facet normal -0 0 1
    outer loop
      vertex 4.12467 0.640641 3.75
      vertex 4.2 0.04 3.75
      vertex 4.22571 0.645765 3.75
    endloop
  endfacet
  facet normal 0 0 1
    outer loop
      vertex 4.12467 0.640641 3.75
      vertex 4.11099 0.0299711 3.75
      vertex 4.2 0.04 3.75
    endloop
  endfacet
  facet normal 0 0 1
    outer loop
      vertex 4.02467 0.655961 3.75
      vertex 4.11099 0.0299711 3.75
      vertex 4.12467 0.640641 3.75
    endloop
  endfacet
  facet normal 0 0 1
    outer loop
      vertex 4.11099 0.0299711 3.75
      vertex 4.02467 0.655961 3.75
      vertex 4.02645 0.000387192 3.75
    endloop
  endfacet
  facet normal 0 0 1
    outer loop
      vertex 3.9298 0.691097 3.75
      vertex 4.02645 0.000387192 3.75
      vertex 4.02467 0.655961 3.75
    endloop
  endfacet
  facet normal 0 0 1
    outer loop
      vertex 4.02645 0.000387192 3.75
      vertex 3.9298 0.691097 3.75
      vertex 3.9506 -0.047267 3.75
    endloop
  endfacet
  facet normal 0 0 1
    outer loop
      vertex 3.84395 0.744612 3.75
      vertex 3.9506 -0.047267 3.75
      vertex 3.9298 0.691097 3.75
    endloop
  endfacet
  facet normal 0 0 1
    outer loop
      vertex 3.9506 -0.047267 3.75
      vertex 3.84395 0.744612 3.75
      vertex 3.88727 -0.110603 3.75
    endloop
  endfacet
  facet normal 0 0 1
    outer loop
      vertex 3.77062 0.814313 3.75
      vertex 3.88727 -0.110603 3.75
      vertex 3.84395 0.744612 3.75
    endloop
  endfacet
  facet normal 0 0 1
    outer loop
      vertex 3.88727 -0.110603 3.75
      vertex 3.77062 0.814313 3.75
      vertex 3.83961 -0.186446 3.75
    endloop
  endfacet
  facet normal 0 0 1
    outer loop
      vertex 3.71283 0.897348 3.75
      vertex 3.83961 -0.186446 3.75
      vertex 3.77062 0.814313 3.75
    endloop
  endfacet
  facet normal 0 0 1
    outer loop
      vertex 3.81003 -0.449008 3.75
      vertex 3.78871 -0.762287 3.75
      vertex 3.79003 -0.759582 3.75
    endloop
  endfacet
  facet normal 0 0 1
    outer loop
      vertex 3.83961 -0.186446 3.75
      vertex 3.71283 0.897348 3.75
      vertex 3.81003 -0.270991 3.75
    endloop
  endfacet
  facet normal 0 0 1
    outer loop
      vertex 3.67293 0.990318 3.75
      vertex 3.81003 -0.270991 3.75
      vertex 3.71283 0.897348 3.75
    endloop
  endfacet
  facet normal 0 0 1
    outer loop
      vertex 3.81003 -0.270991 3.75
      vertex 3.67293 0.990318 3.75
      vertex 3.8 -0.36 3.75
    endloop
  endfacet
  facet normal 0 0 1
    outer loop
      vertex 3.81003 -0.449008 3.75
      vertex 3.76961 -0.801377 3.75
      vertex 3.78871 -0.762287 3.75
    endloop
  endfacet
  facet normal 0 0 1
    outer loop
      vertex 3.81003 -0.449008 3.75
      vertex 3.75502 -0.841207 3.75
      vertex 3.76961 -0.801377 3.75
    endloop
  endfacet
  facet normal 0 0 1
    outer loop
      vertex 3.8 -0.36 3.75
      vertex 3.7539 -0.844253 3.75
      vertex 3.75502 -0.841207 3.75
    endloop
  endfacet
  facet normal 0 -0 1
    outer loop
      vertex 3.74309 -0.887739 3.75
      vertex 3.8 -0.36 3.75
      vertex 3.67293 0.990318 3.75
    endloop
  endfacet
  facet normal 0 0 1
    outer loop
      vertex 3.8 -0.36 3.75
      vertex 3.74309 -0.887739 3.75
      vertex 3.7539 -0.844253 3.75
    endloop
  endfacet
  facet normal 0 0 -1
    outer loop
      vertex 3.73728 -0.931361 3.75
      vertex 3.73653 -0.974639 3.75
      vertex 3.73722 -0.934677 3.75
    endloop
  endfacet
  facet normal 0 0 1
    outer loop
      vertex 3.74309 -0.887739 3.75
      vertex 2.05 -3.75 3.75
      vertex 3.73772 -0.928034 3.75
    endloop
  endfacet
  facet normal 0 0 1
    outer loop
      vertex 2.05 -3.75 3.75
      vertex 3.74309 -0.887739 3.75
      vertex 3.67293 0.990318 3.75
    endloop
  endfacet
  facet normal 0 0 1
    outer loop
      vertex 4.1 5.1 3.75
      vertex 5.1 4.1 3.75
      vertex 5.08982 4.24231 3.75
    endloop
  endfacet
  facet normal 0 0 1
    outer loop
      vertex 5.1 4.1 3.75
      vertex 4.65 1.14 3.75
      vertex 5.1 -4.1 3.75
    endloop
  endfacet
  facet normal 0 0 1
    outer loop
      vertex 4.1 5.1 3.75
      vertex 5.08982 4.24231 3.75
      vertex 5.05949 4.38173 3.75
    endloop
  endfacet
  facet normal -0 0 1
    outer loop
      vertex 4.64158 -0.967936 3.75
      vertex 5.1 -4.1 3.75
      vertex 4.65 1.14 3.75
    endloop
  endfacet
  facet normal 0 0 1
    outer loop
      vertex 4.1 5.1 3.75
      vertex 5.05949 4.38173 3.75
      vertex 5.00963 4.51542 3.75
    endloop
  endfacet
  facet normal -0 0 1
    outer loop
      vertex 4.6 -1.49 3.75
      vertex 5.1 -4.1 3.75
      vertex 4.64158 -0.967936 3.75
    endloop
  endfacet
  facet normal 0 0 1
    outer loop
      vertex 4.1 5.1 3.75
      vertex 5.00963 4.51542 3.75
      vertex 4.94125 4.64064 3.75
    endloop
  endfacet
  facet normal -0 0 1
    outer loop
      vertex 4.58997 -1.57901 3.75
      vertex 5.1 -4.1 3.75
      vertex 4.6 -1.49 3.75
    endloop
  endfacet
  facet normal 0 0 1
    outer loop
      vertex 4.1 5.1 3.75
      vertex 4.94125 4.64064 3.75
      vertex 4.85575 4.75486 3.75
    endloop
  endfacet
  facet normal -0 0 1
    outer loop
      vertex 4.58997 -2.70901 3.75
      vertex 5.1 -4.1 3.75
      vertex 4.6 -2.62 3.75
    endloop
  endfacet
  facet normal 0 0 1
    outer loop
      vertex 4.1 5.1 3.75
      vertex 4.85575 4.75486 3.75
      vertex 4.75486 4.85575 3.75
    endloop
  endfacet
  facet normal -0 0 1
    outer loop
      vertex 4.58997 -3.83901 3.75
      vertex 5.1 -4.1 3.75
      vertex 4.6 -3.75 3.75
    endloop
  endfacet
  facet normal -0 0 1
    outer loop
      vertex 4.51273 -3.9994 3.75
      vertex 5.1 -4.1 3.75
      vertex 4.56039 -3.92355 3.75
    endloop
  endfacet
  facet normal 0 0 1
    outer loop
      vertex 4.1 5.1 3.75
      vertex 4.75486 4.85575 3.75
      vertex 4.64064 4.94125 3.75
    endloop
  endfacet
  facet normal 0 0 1
    outer loop
      vertex 5.1 4.1 3.75
      vertex 4.63976 1.24065 3.75
      vertex 4.65 1.14 3.75
    endloop
  endfacet
  facet normal 0 0 1
    outer loop
      vertex 5.1 4.1 3.75
      vertex 4.60948 1.33718 3.75
      vertex 4.63976 1.24065 3.75
    endloop
  endfacet
  facet normal 0 0 1
    outer loop
      vertex 5.1 4.1 3.75
      vertex 4.56038 1.42563 3.75
      vertex 4.60948 1.33718 3.75
    endloop
  endfacet
  facet normal 0 0 1
    outer loop
      vertex 4.1 5.1 3.75
      vertex 4.64064 4.94125 3.75
      vertex 4.51542 5.00963 3.75
    endloop
  endfacet
  facet normal 0 0 1
    outer loop
      vertex 5.1 4.1 3.75
      vertex 4.49448 1.5024 3.75
      vertex 4.56038 1.42563 3.75
    endloop
  endfacet
  facet normal 0 0 1
    outer loop
      vertex 5.1 4.1 3.75
      vertex 4.41448 1.56432 3.75
      vertex 4.49448 1.5024 3.75
    endloop
  endfacet
  facet normal 0 0 1
    outer loop
      vertex 4.1 5.1 3.75
      vertex 4.51542 5.00963 3.75
      vertex 4.38173 5.05949 3.75
    endloop
  endfacet
  facet normal 0 0 1
    outer loop
      vertex 5.1 4.1 3.75
      vertex 4.32365 1.60888 3.75
      vertex 4.41448 1.56432 3.75
    endloop
  endfacet
  facet normal 0 0 1
    outer loop
      vertex 4.1 5.1 3.75
      vertex 4.38173 5.05949 3.75
      vertex 4.24231 5.08982 3.75
    endloop
  endfacet
  facet normal 0 0 1
    outer loop
      vertex 5.1 4.1 3.75
      vertex 4.22571 1.63423 3.75
      vertex 4.32365 1.60888 3.75
    endloop
  endfacet
  facet normal 0 0 1
    outer loop
      vertex 5.1 4.1 3.75
      vertex 4.12467 1.63936 3.75
      vertex 4.22571 1.63423 3.75
    endloop
  endfacet
  facet normal 0 0 1
    outer loop
      vertex 1.9824 4.1857 3.75
      vertex 4.1 5.1 3.75
      vertex 1.98244 4.18783 3.75
    endloop
  endfacet
  facet normal 0 0 1
    outer loop
      vertex 5.1 4.1 3.75
      vertex 4.02467 1.62404 3.75
      vertex 4.12467 1.63936 3.75
    endloop
  endfacet
  facet normal 0 0 1
    outer loop
      vertex 1.98151 4.13944 3.75
      vertex 4.1 5.1 3.75
      vertex 1.9824 4.1857 3.75
    endloop
  endfacet
  facet normal 0 0 1
    outer loop
      vertex 1.97618 4.09171 3.75
      vertex 4.1 5.1 3.75
      vertex 1.98151 4.13944 3.75
    endloop
  endfacet
  facet normal 0 0 1
    outer loop
      vertex 1.96705 4.04779 3.75
      vertex 4.1 5.1 3.75
      vertex 1.97618 4.09171 3.75
    endloop
  endfacet
  facet normal 0 0 1
    outer loop
      vertex 1.9665 4.04517 3.75
      vertex 4.1 5.1 3.75
      vertex 1.96705 4.04779 3.75
    endloop
  endfacet
  facet normal 0 0 1
    outer loop
      vertex 4.1 5.1 3.75
      vertex 1.9665 4.04517 3.75
      vertex 5.1 4.1 3.75
    endloop
  endfacet
  facet normal 0 0 1
    outer loop
      vertex 1.96571 4.04262 3.75
      vertex 5.1 4.1 3.75
      vertex 1.9665 4.04517 3.75
    endloop
  endfacet
  facet normal 0 0 1
    outer loop
      vertex 1.95151 3.99773 3.75
      vertex 5.1 4.1 3.75
      vertex 1.9526 4.00032 3.75
    endloop
  endfacet
  facet normal 0 0 1
    outer loop
      vertex 1.9526 4.00032 3.75
      vertex 5.1 4.1 3.75
      vertex 1.96571 4.04262 3.75
    endloop
  endfacet
  facet normal 0 0 1
    outer loop
      vertex 3.73728 -0.931361 3.75
      vertex 2.43997 -4.06099 3.75
      vertex 2.45 -4.15 3.75
    endloop
  endfacet
  facet normal 0 0 1
    outer loop
      vertex 3.73728 -0.931361 3.75
      vertex 2.41039 -3.97645 3.75
      vertex 2.43997 -4.06099 3.75
    endloop
  endfacet
  facet normal 0 0 1
    outer loop
      vertex 3.73728 -0.931361 3.75
      vertex 2.36273 -3.9006 3.75
      vertex 2.41039 -3.97645 3.75
    endloop
  endfacet
  facet normal 0 0 1
    outer loop
      vertex 3.73728 -0.931361 3.75
      vertex 2.2994 -3.83727 3.75
      vertex 2.36273 -3.9006 3.75
    endloop
  endfacet
  facet normal 0 0 1
    outer loop
      vertex 5.1 4.1 3.75
      vertex 1.95151 3.99773 3.75
      vertex 4.02467 1.62404 3.75
    endloop
  endfacet
  facet normal 0 0 1
    outer loop
      vertex 3.73728 -0.931361 3.75
      vertex 2.22355 -3.78961 3.75
      vertex 2.2994 -3.83727 3.75
    endloop
  endfacet
  facet normal 0 0 1
    outer loop
      vertex 3.73728 -0.931361 3.75
      vertex 2.13901 -3.76003 3.75
      vertex 2.22355 -3.78961 3.75
    endloop
  endfacet
  facet normal 0 0 1
    outer loop
      vertex 3.73728 -0.931361 3.75
      vertex 2.05 -3.75 3.75
      vertex 2.13901 -3.76003 3.75
    endloop
  endfacet
  facet normal 0 0 1
    outer loop
      vertex 4.1 5.1 3.75
      vertex 1.97897 4.23636 3.75
      vertex 1.98244 4.18783 3.75
    endloop
  endfacet
  facet normal 0 0 1
    outer loop
      vertex 4.1 5.1 3.75
      vertex 1.97113 4.28448 3.75
      vertex 1.97897 4.23636 3.75
    endloop
  endfacet
  facet normal 0 0 1
    outer loop
      vertex 4.1 5.1 3.75
      vertex 1.95937 4.33024 3.75
      vertex 1.97113 4.28448 3.75
    endloop
  endfacet
  facet normal 0 0 1
    outer loop
      vertex 4.1 5.1 3.75
      vertex 1.959 4.33169 3.75
      vertex 1.95937 4.33024 3.75
    endloop
  endfacet
  facet normal 0 0 1
    outer loop
      vertex 4.1 5.1 3.75
      vertex 1.95851 4.33308 3.75
      vertex 1.959 4.33169 3.75
    endloop
  endfacet
  facet normal 0 0 1
    outer loop
      vertex 4.1 5.1 3.75
      vertex 1.94272 4.37744 3.75
      vertex 1.95851 4.33308 3.75
    endloop
  endfacet
  facet normal 0 0 1
    outer loop
      vertex 4.1 5.1 3.75
      vertex 1.92292 4.4203 3.75
      vertex 1.94272 4.37744 3.75
    endloop
  endfacet
  facet normal 0 0 1
    outer loop
      vertex 4.1 5.1 3.75
      vertex 1.92247 4.42126 3.75
      vertex 1.92292 4.4203 3.75
    endloop
  endfacet
  facet normal 0 0 1
    outer loop
      vertex 4.1 5.1 3.75
      vertex 1.92195 4.42216 3.75
      vertex 1.92247 4.42126 3.75
    endloop
  endfacet
  facet normal 0 0 1
    outer loop
      vertex 4.1 5.1 3.75
      vertex 1.89847 4.46265 3.75
      vertex 1.92195 4.42216 3.75
    endloop
  endfacet
  facet normal 0 0 1
    outer loop
      vertex 4.1 5.1 3.75
      vertex 1.87098 4.50116 3.75
      vertex 1.89847 4.46265 3.75
    endloop
  endfacet
  facet normal 0 0 1
    outer loop
      vertex 4.1 5.1 3.75
      vertex 1.84062 4.53602 3.75
      vertex 1.87098 4.50116 3.75
    endloop
  endfacet
  facet normal 0 0 1
    outer loop
      vertex 4.1 5.1 3.75
      vertex 1.84031 4.53637 3.75
      vertex 1.84062 4.53602 3.75
    endloop
  endfacet
  facet normal 0 0 1
    outer loop
      vertex 4.1 5.1 3.75
      vertex 1.83997 4.53668 3.75
      vertex 1.84031 4.53637 3.75
    endloop
  endfacet
  facet normal 0 0 1
    outer loop
      vertex 4.1 5.1 3.75
      vertex 1.80678 4.56789 3.75
      vertex 1.83997 4.53668 3.75
    endloop
  endfacet
  facet normal 0 0 1
    outer loop
      vertex 4.1 5.1 3.75
      vertex 1.77077 4.59539 3.75
      vertex 1.80678 4.56789 3.75
    endloop
  endfacet
  facet normal 0 0 1
    outer loop
      vertex 4.1 5.1 3.75
      vertex 1.7327 4.61854 3.75
      vertex 1.77077 4.59539 3.75
    endloop
  endfacet
  facet normal 0 0 1
    outer loop
      vertex 4.1 5.1 3.75
      vertex 1.73267 4.61855 3.75
      vertex 1.7327 4.61854 3.75
    endloop
  endfacet
  facet normal 0 0 1
    outer loop
      vertex 4.1 5.1 3.75
      vertex 1.73265 4.61856 3.75
      vertex 1.73267 4.61855 3.75
    endloop
  endfacet
  facet normal 0 0 1
    outer loop
      vertex 4.1 5.1 3.75
      vertex 1.72112 4.62395 3.75
      vertex 1.73265 4.61856 3.75
    endloop
  endfacet
  facet normal 0 0 1
    outer loop
      vertex 0.209999 4.55 3.75
      vertex 1.72112 4.62395 3.75
      vertex 4.1 5.1 3.75
    endloop
  endfacet
  facet normal 0 0 1
    outer loop
      vertex 1.72112 4.62395 3.75
      vertex 0.209999 4.55 3.75
      vertex 1.71982 4.6237 3.75
    endloop
  endfacet
  facet normal 0 0 1
    outer loop
      vertex 1.71982 4.6237 3.75
      vertex 0.209999 4.55 3.75
      vertex 1.71825 4.6234 3.75
    endloop
  endfacet
  facet normal 0 0 1
    outer loop
      vertex 1.71825 4.6234 3.75
      vertex 0.209999 4.55 3.75
      vertex 1.7163 4.62303 3.75
    endloop
  endfacet
  facet normal 0 0 1
    outer loop
      vertex 1.7163 4.62303 3.75
      vertex 0.209999 4.55 3.75
      vertex 1.69861 4.61965 3.75
    endloop
  endfacet
  facet normal 0 0 1
    outer loop
      vertex 1.69861 4.61965 3.75
      vertex 0.209999 4.55 3.75
      vertex 1.6627 4.6128 3.75
    endloop
  endfacet
  facet normal 0 0 1
    outer loop
      vertex 1.6627 4.6128 3.75
      vertex 0.209999 4.55 3.75
      vertex 1.63421 4.60736 3.75
    endloop
  endfacet
  facet normal 0 0 1
    outer loop
      vertex 1.63421 4.60736 3.75
      vertex 0.209999 4.55 3.75
      vertex 1.44581 4.5714 3.75
    endloop
  endfacet
  facet normal 0 -0 1
    outer loop
      vertex 0.299008 4.53997 3.75
      vertex 1.44581 4.5714 3.75
      vertex 0.209999 4.55 3.75
    endloop
  endfacet
  facet normal 0 -0 1
    outer loop
      vertex 1.25099 4.53997 3.75
      vertex 1.44581 4.5714 3.75
      vertex 0.299008 4.53997 3.75
    endloop
  endfacet
  facet normal 0 0 1
    outer loop
      vertex 0.599971 4.06099 3.75
      vertex 0.94 4.15 3.75
      vertex 0.61 4.15 3.75
    endloop
  endfacet
  facet normal 0 0 1
    outer loop
      vertex 0.950028 4.06099 3.75
      vertex 0.599971 4.06099 3.75
      vertex 0.570387 3.97645 3.75
    endloop
  endfacet
  facet normal 0 0 1
    outer loop
      vertex 0.979612 3.97645 3.75
      vertex 0.570387 3.97645 3.75
      vertex 0.522732 3.9006 3.75
    endloop
  endfacet
  facet normal 0 0 1
    outer loop
      vertex 1.02727 3.9006 3.75
      vertex 0.522732 3.9006 3.75
      vertex 0.459395 3.83727 3.75
    endloop
  endfacet
  facet normal 0 0 1
    outer loop
      vertex 0.950028 4.23901 3.75
      vertex 0.61 4.15 3.75
      vertex 0.94 4.15 3.75
    endloop
  endfacet
  facet normal 0 0 1
    outer loop
      vertex 0.599971 4.23901 3.75
      vertex 0.950028 4.23901 3.75
      vertex 0.979612 4.32355 3.75
    endloop
  endfacet
  facet normal 0 0 1
    outer loop
      vertex 0.570387 4.32355 3.75
      vertex 0.979612 4.32355 3.75
      vertex 1.02727 4.3994 3.75
    endloop
  endfacet
  facet normal 0 0 1
    outer loop
      vertex 0.522732 4.3994 3.75
      vertex 1.02727 4.3994 3.75
      vertex 1.0906 4.46273 3.75
    endloop
  endfacet
  facet normal 0 0 1
    outer loop
      vertex 0.950028 4.23901 3.75
      vertex 0.599971 4.23901 3.75
      vertex 0.61 4.15 3.75
    endloop
  endfacet
  facet normal 0 0 1
    outer loop
      vertex 0.459395 4.46273 3.75
      vertex 1.0906 4.46273 3.75
      vertex 1.16645 4.51039 3.75
    endloop
  endfacet
  facet normal 0 0 1
    outer loop
      vertex 0.979612 4.32355 3.75
      vertex 0.570387 4.32355 3.75
      vertex 0.599971 4.23901 3.75
    endloop
  endfacet
  facet normal 0 0 1
    outer loop
      vertex 0.383554 4.51039 3.75
      vertex 1.16645 4.51039 3.75
      vertex 1.25099 4.53997 3.75
    endloop
  endfacet
  facet normal 0 0 1
    outer loop
      vertex 1.02727 4.3994 3.75
      vertex 0.522732 4.3994 3.75
      vertex 0.570387 4.32355 3.75
    endloop
  endfacet
  facet normal 0 0 1
    outer loop
      vertex 1.34512 4.55218 3.75
      vertex 1.25099 4.53997 3.75
      vertex 1.32463 4.54827 3.75
    endloop
  endfacet
  facet normal 0 0 1
    outer loop
      vertex 1.0906 4.46273 3.75
      vertex 0.459395 4.46273 3.75
      vertex 0.522732 4.3994 3.75
    endloop
  endfacet
  facet normal 0 0 1
    outer loop
      vertex 1.16645 4.51039 3.75
      vertex 0.383554 4.51039 3.75
      vertex 0.459395 4.46273 3.75
    endloop
  endfacet
  facet normal 0 0 1
    outer loop
      vertex 1.25099 4.53997 3.75
      vertex 0.299008 4.53997 3.75
      vertex 0.383554 4.51039 3.75
    endloop
  endfacet
  facet normal 0 0 1
    outer loop
      vertex 1.44581 4.5714 3.75
      vertex 1.25099 4.53997 3.75
      vertex 1.34512 4.55218 3.75
    endloop
  endfacet
  facet normal -0 0 1
    outer loop
      vertex -4.1 5.1 3.75
      vertex 0.209999 4.55 3.75
      vertex 4.1 5.1 3.75
    endloop
  endfacet
  facet normal 0 0 1
    outer loop
      vertex -0.530028 4.06099 3.75
      vertex -0.19 4.15 3.75
      vertex -0.52 4.15 3.75
    endloop
  endfacet
  facet normal 0 0 1
    outer loop
      vertex -0.179971 4.06099 3.75
      vertex -0.530028 4.06099 3.75
      vertex -0.559612 3.97645 3.75
    endloop
  endfacet
  facet normal 0 0 1
    outer loop
      vertex -0.150387 3.97645 3.75
      vertex -0.559612 3.97645 3.75
      vertex -0.607267 3.9006 3.75
    endloop
  endfacet
  facet normal 0 0 1
    outer loop
      vertex -0.102732 3.9006 3.75
      vertex -0.607267 3.9006 3.75
      vertex -0.670604 3.83727 3.75
    endloop
  endfacet
  facet normal 0 0 1
    outer loop
      vertex -0.179971 4.23901 3.75
      vertex -0.52 4.15 3.75
      vertex -0.19 4.15 3.75
    endloop
  endfacet
  facet normal 0 0 1
    outer loop
      vertex -0.530028 4.23901 3.75
      vertex -0.179971 4.23901 3.75
      vertex -0.150387 4.32355 3.75
    endloop
  endfacet
  facet normal 0 0 1
    outer loop
      vertex -0.559612 4.32355 3.75
      vertex -0.150387 4.32355 3.75
      vertex -0.102732 4.3994 3.75
    endloop
  endfacet
  facet normal 0 0 1
    outer loop
      vertex -0.607267 4.3994 3.75
      vertex -0.102732 4.3994 3.75
      vertex -0.0393953 4.46273 3.75
    endloop
  endfacet
  facet normal 0 0 1
    outer loop
      vertex -0.179971 4.23901 3.75
      vertex -0.530028 4.23901 3.75
      vertex -0.52 4.15 3.75
    endloop
  endfacet
  facet normal 0 0 1
    outer loop
      vertex -0.670604 4.46273 3.75
      vertex -0.0393953 4.46273 3.75
      vertex 0.0364456 4.51039 3.75
    endloop
  endfacet
  facet normal 0 0 1
    outer loop
      vertex -0.150387 4.32355 3.75
      vertex -0.559612 4.32355 3.75
      vertex -0.530028 4.23901 3.75
    endloop
  endfacet
  facet normal 0 0 1
    outer loop
      vertex -0.746446 4.51039 3.75
      vertex 0.0364456 4.51039 3.75
      vertex 0.120991 4.53997 3.75
    endloop
  endfacet
  facet normal 0 0 1
    outer loop
      vertex -0.102732 4.3994 3.75
      vertex -0.607267 4.3994 3.75
      vertex -0.559612 4.32355 3.75
    endloop
  endfacet
  facet normal 0 0 1
    outer loop
      vertex -0.0393953 4.46273 3.75
      vertex -0.670604 4.46273 3.75
      vertex -0.607267 4.3994 3.75
    endloop
  endfacet
  facet normal 0 -0 1
    outer loop
      vertex -0.919999 4.55 3.75
      vertex 0.209999 4.55 3.75
      vertex -4.1 5.1 3.75
    endloop
  endfacet
  facet normal 0 0 1
    outer loop
      vertex 0.0364456 4.51039 3.75
      vertex -0.746446 4.51039 3.75
      vertex -0.670604 4.46273 3.75
    endloop
  endfacet
  facet normal 0 0 1
    outer loop
      vertex 0.120991 4.53997 3.75
      vertex -0.830991 4.53997 3.75
      vertex -0.746446 4.51039 3.75
    endloop
  endfacet
  facet normal 0 0 1
    outer loop
      vertex 0.120991 4.53997 3.75
      vertex -0.919999 4.55 3.75
      vertex -0.830991 4.53997 3.75
    endloop
  endfacet
  facet normal 0 0 1
    outer loop
      vertex -1.66003 4.06099 3.75
      vertex -1.32 4.15 3.75
      vertex -1.65 4.15 3.75
    endloop
  endfacet
  facet normal 0 0 1
    outer loop
      vertex -1.30997 4.06099 3.75
      vertex -1.66003 4.06099 3.75
      vertex -1.68961 3.97645 3.75
    endloop
  endfacet
  facet normal 0 0 1
    outer loop
      vertex -1.28039 3.97645 3.75
      vertex -1.68961 3.97645 3.75
      vertex -1.73727 3.9006 3.75
    endloop
  endfacet
  facet normal 0 0 1
    outer loop
      vertex -1.23273 3.9006 3.75
      vertex -1.73727 3.9006 3.75
      vertex -1.8006 3.83727 3.75
    endloop
  endfacet
  facet normal 0 0 1
    outer loop
      vertex -1.30997 4.23901 3.75
      vertex -1.65 4.15 3.75
      vertex -1.32 4.15 3.75
    endloop
  endfacet
  facet normal 0 0 1
    outer loop
      vertex -1.66003 4.23901 3.75
      vertex -1.30997 4.23901 3.75
      vertex -1.28039 4.32355 3.75
    endloop
  endfacet
  facet normal 0 0 1
    outer loop
      vertex -1.68961 4.32355 3.75
      vertex -1.28039 4.32355 3.75
      vertex -1.23273 4.3994 3.75
    endloop
  endfacet
  facet normal 0 0 1
    outer loop
      vertex -1.73727 4.3994 3.75
      vertex -1.23273 4.3994 3.75
      vertex -1.1694 4.46273 3.75
    endloop
  endfacet
  facet normal 0 0 1
    outer loop
      vertex -1.30997 4.23901 3.75
      vertex -1.66003 4.23901 3.75
      vertex -1.65 4.15 3.75
    endloop
  endfacet
  facet normal 0 0 1
    outer loop
      vertex -1.8006 4.46273 3.75
      vertex -1.1694 4.46273 3.75
      vertex -1.09355 4.51039 3.75
    endloop
  endfacet
  facet normal 0 0 1
    outer loop
      vertex -1.28039 4.32355 3.75
      vertex -1.68961 4.32355 3.75
      vertex -1.66003 4.23901 3.75
    endloop
  endfacet
  facet normal 0 0 1
    outer loop
      vertex -1.87645 4.51039 3.75
      vertex -1.09355 4.51039 3.75
      vertex -1.00901 4.53997 3.75
    endloop
  endfacet
  facet normal 0 0 1
    outer loop
      vertex -1.23273 4.3994 3.75
      vertex -1.73727 4.3994 3.75
      vertex -1.68961 4.32355 3.75
    endloop
  endfacet
  facet normal 0 0 1
    outer loop
      vertex -1.1694 4.46273 3.75
      vertex -1.8006 4.46273 3.75
      vertex -1.73727 4.3994 3.75
    endloop
  endfacet
  facet normal 0 0 1
    outer loop
      vertex -1.96099 4.53997 3.75
      vertex -1.00901 4.53997 3.75
      vertex -0.919999 4.55 3.75
    endloop
  endfacet
  facet normal 0 0 1
    outer loop
      vertex 0.209999 4.55 3.75
      vertex -0.919999 4.55 3.75
      vertex 0.120991 4.53997 3.75
    endloop
  endfacet
  facet normal 0 0 1
    outer loop
      vertex -1.09355 4.51039 3.75
      vertex -1.87645 4.51039 3.75
      vertex -1.8006 4.46273 3.75
    endloop
  endfacet
  facet normal 0 0 1
    outer loop
      vertex -1.00901 4.53997 3.75
      vertex -1.96099 4.53997 3.75
      vertex -1.87645 4.51039 3.75
    endloop
  endfacet
  facet normal 0 -0 1
    outer loop
      vertex -2.05 4.55 3.75
      vertex -0.919999 4.55 3.75
      vertex -4.1 5.1 3.75
    endloop
  endfacet
  facet normal 0 0 1
    outer loop
      vertex -3.83961 3.92355 3.75
      vertex -2.45 4.15 3.75
      vertex -2.43997 4.23901 3.75
    endloop
  endfacet
  facet normal 0 0 1
    outer loop
      vertex -2.45 4.15 3.75
      vertex -3.66023 -1.03935 3.75
      vertex -3.65 -1.14 3.75
    endloop
  endfacet
  facet normal 0 0 1
    outer loop
      vertex -2.45 4.15 3.75
      vertex -3.69052 -0.942822 3.75
      vertex -3.66023 -1.03935 3.75
    endloop
  endfacet
  facet normal 0 0 1
    outer loop
      vertex -2.45 4.15 3.75
      vertex -3.73962 -0.854365 3.75
      vertex -3.69052 -0.942822 3.75
    endloop
  endfacet
  facet normal 0 0 1
    outer loop
      vertex -3.81003 3.66099 3.75
      vertex -2.45 4.15 3.75
      vertex -3.8 3.75 3.75
    endloop
  endfacet
  facet normal 0 0 1
    outer loop
      vertex -3.88727 3.9994 3.75
      vertex -2.43997 4.23901 3.75
      vertex -2.41039 4.32355 3.75
    endloop
  endfacet
  facet normal 0 0 1
    outer loop
      vertex -4.1 5.1 3.75
      vertex -2.41039 4.32355 3.75
      vertex -2.36273 4.3994 3.75
    endloop
  endfacet
  facet normal 0 0 1
    outer loop
      vertex -4.1 5.1 3.75
      vertex -2.36273 4.3994 3.75
      vertex -2.2994 4.46273 3.75
    endloop
  endfacet
  facet normal 0 0 1
    outer loop
      vertex -4.1 5.1 3.75
      vertex -2.2994 4.46273 3.75
      vertex -2.22355 4.51039 3.75
    endloop
  endfacet
  facet normal 0 0 1
    outer loop
      vertex -2.45 4.15 3.75
      vertex -3.81003 3.83901 3.75
      vertex -3.8 3.75 3.75
    endloop
  endfacet
  facet normal 0 0 1
    outer loop
      vertex -2.45 4.15 3.75
      vertex -3.83961 3.92355 3.75
      vertex -3.81003 3.83901 3.75
    endloop
  endfacet
  facet normal 0 0 1
    outer loop
      vertex -2.43997 4.23901 3.75
      vertex -3.88727 3.9994 3.75
      vertex -3.83961 3.92355 3.75
    endloop
  endfacet
  facet normal 0 0 1
    outer loop
      vertex -4.1 5.1 3.75
      vertex -2.22355 4.51039 3.75
      vertex -2.13901 4.53997 3.75
    endloop
  endfacet
  facet normal 0 0 1
    outer loop
      vertex -2.41039 4.32355 3.75
      vertex -4.1 5.1 3.75
      vertex -3.88727 3.9994 3.75
    endloop
  endfacet
  facet normal 0 0 1
    outer loop
      vertex -3.88727 3.9994 3.75
      vertex -4.1 5.1 3.75
      vertex -3.9506 4.06273 3.75
    endloop
  endfacet
  facet normal 0 0 1
    outer loop
      vertex -0.919999 4.55 3.75
      vertex -2.05 4.55 3.75
      vertex -1.96099 4.53997 3.75
    endloop
  endfacet
  facet normal 0 0 1
    outer loop
      vertex -4.1 5.1 3.75
      vertex -2.13901 4.53997 3.75
      vertex -2.05 4.55 3.75
    endloop
  endfacet
  facet normal 0 0 1
    outer loop
      vertex -3.9506 4.06273 3.75
      vertex -4.1 5.1 3.75
      vertex -4.02645 4.11039 3.75
    endloop
  endfacet
  facet normal 0 0 1
    outer loop
      vertex -4.1 5.1 3.75
      vertex -4.11099 4.13997 3.75
      vertex -4.02645 4.11039 3.75
    endloop
  endfacet
  facet normal 0 0 1
    outer loop
      vertex -4.1 5.1 3.75
      vertex -4.2 4.15 3.75
      vertex -4.11099 4.13997 3.75
    endloop
  endfacet
  facet normal -0 0 1
    outer loop
      vertex -4.24231 5.08982 3.75
      vertex -4.2 4.15 3.75
      vertex -4.1 5.1 3.75
    endloop
  endfacet
  facet normal -0 0 1
    outer loop
      vertex -4.38173 5.05949 3.75
      vertex -4.2 4.15 3.75
      vertex -4.24231 5.08982 3.75
    endloop
  endfacet
  facet normal -0 0 1
    outer loop
      vertex -4.51542 5.00963 3.75
      vertex -4.2 4.15 3.75
      vertex -4.38173 5.05949 3.75
    endloop
  endfacet
  facet normal 0 0 1
    outer loop
      vertex -4.2 4.15 3.75
      vertex -4.51542 5.00963 3.75
      vertex -4.28901 4.13997 3.75
    endloop
  endfacet
  facet normal -0 0 1
    outer loop
      vertex -4.64064 4.94125 3.75
      vertex -4.28901 4.13997 3.75
      vertex -4.51542 5.00963 3.75
    endloop
  endfacet
  facet normal -0 0 1
    outer loop
      vertex -4.75486 4.85575 3.75
      vertex -4.28901 4.13997 3.75
      vertex -4.64064 4.94125 3.75
    endloop
  endfacet
  facet normal 0 0 1
    outer loop
      vertex -4.28901 4.13997 3.75
      vertex -4.75486 4.85575 3.75
      vertex -4.37355 4.11039 3.75
    endloop
  endfacet
  facet normal -0 0 1
    outer loop
      vertex -4.85575 4.75486 3.75
      vertex -4.37355 4.11039 3.75
      vertex -4.75486 4.85575 3.75
    endloop
  endfacet
  facet normal -0 0 1
    outer loop
      vertex -4.94125 4.64064 3.75
      vertex -4.37355 4.11039 3.75
      vertex -4.85575 4.75486 3.75
    endloop
  endfacet
  facet normal 0 0 1
    outer loop
      vertex -4.37355 4.11039 3.75
      vertex -4.94125 4.64064 3.75
      vertex -4.4494 4.06273 3.75
    endloop
  endfacet
  facet normal 0 0 1
    outer loop
      vertex -4.58997 2.70901 3.75
      vertex -5.1 4.1 3.75
      vertex -4.6 2.62 3.75
    endloop
  endfacet
  facet normal 0 0 1
    outer loop
      vertex -4.58997 1.57901 3.75
      vertex -5.1 4.1 3.75
      vertex -4.6 1.49 3.75
    endloop
  endfacet
  facet normal 0 0 1
    outer loop
      vertex -4.6 1.49 3.75
      vertex -5.1 4.1 3.75
      vertex -4.6 0.36 3.75
    endloop
  endfacet
  facet normal -0 0 1
    outer loop
      vertex -5.00963 4.51542 3.75
      vertex -4.4494 4.06273 3.75
      vertex -4.94125 4.64064 3.75
    endloop
  endfacet
  facet normal -0 0 1
    outer loop
      vertex -5.05949 4.38173 3.75
      vertex -4.4494 4.06273 3.75
      vertex -5.00963 4.51542 3.75
    endloop
  endfacet
  facet normal 0 -0 1
    outer loop
      vertex -4.64743 -1.08942 3.75
      vertex -4.6 0.36 3.75
      vertex -5.1 4.1 3.75
    endloop
  endfacet
  facet normal 0 0 1
    outer loop
      vertex -4.58997 0.270991 3.75
      vertex -4.64743 -1.08942 3.75
      vertex -4.62707 -0.990318 3.75
    endloop
  endfacet
  facet normal 0 0 1
    outer loop
      vertex -4.4494 4.06273 3.75
      vertex -5.05949 4.38173 3.75
      vertex -4.51273 3.9994 3.75
    endloop
  endfacet
  facet normal 0 0 1
    outer loop
      vertex 5.1 -4.1 3.75
      vertex 4.51273 -3.9994 3.75
      vertex 5.08982 -4.24231 3.75
    endloop
  endfacet
  facet normal 0 0 1
    outer loop
      vertex 5.08982 -4.24231 3.75
      vertex 4.51273 -3.9994 3.75
      vertex 5.05949 -4.38173 3.75
    endloop
  endfacet
  facet normal 0 0 1
    outer loop
      vertex 4.58997 -1.40099 3.75
      vertex 4.64158 -0.967936 3.75
      vertex 4.63037 -0.998553 3.75
    endloop
  endfacet
  facet normal 0 0 1
    outer loop
      vertex 4.58997 -1.40099 3.75
      vertex 4.63037 -0.998553 3.75
      vertex 4.63033 -0.998651 3.75
    endloop
  endfacet
  facet normal 0 0 1
    outer loop
      vertex 4.58997 -1.40099 3.75
      vertex 4.63033 -0.998651 3.75
      vertex 4.63029 -0.998748 3.75
    endloop
  endfacet
  facet normal 0 0 1
    outer loop
      vertex 4.58997 -1.40099 3.75
      vertex 4.63029 -0.998748 3.75
      vertex 4.60991 -1.04045 3.75
    endloop
  endfacet
  facet normal -0 0 1
    outer loop
      vertex 4.56039 -3.92355 3.75
      vertex 5.1 -4.1 3.75
      vertex 4.58997 -3.83901 3.75
    endloop
  endfacet
  facet normal -0 0 1
    outer loop
      vertex 4.4494 -4.06273 3.75
      vertex 5.05949 -4.38173 3.75
      vertex 4.51273 -3.9994 3.75
    endloop
  endfacet
  facet normal 0 0 1
    outer loop
      vertex 5.05949 -4.38173 3.75
      vertex 4.4494 -4.06273 3.75
      vertex 5.00963 -4.51542 3.75
    endloop
  endfacet
  facet normal 0 0 1
    outer loop
      vertex 5.00963 -4.51542 3.75
      vertex 4.4494 -4.06273 3.75
      vertex 4.94125 -4.64064 3.75
    endloop
  endfacet
  facet normal -0 0 1
    outer loop
      vertex 4.37355 -4.11039 3.75
      vertex 4.94125 -4.64064 3.75
      vertex 4.4494 -4.06273 3.75
    endloop
  endfacet
  facet normal 0 0 1
    outer loop
      vertex 4.94125 -4.64064 3.75
      vertex 4.37355 -4.11039 3.75
      vertex 4.85575 -4.75486 3.75
    endloop
  endfacet
  facet normal 0 0 1
    outer loop
      vertex 4.85575 -4.75486 3.75
      vertex 4.37355 -4.11039 3.75
      vertex 4.75486 -4.85575 3.75
    endloop
  endfacet
  facet normal -0 0 1
    outer loop
      vertex 4.28901 -4.13997 3.75
      vertex 4.75486 -4.85575 3.75
      vertex 4.37355 -4.11039 3.75
    endloop
  endfacet
  facet normal 0 0 1
    outer loop
      vertex 4.75486 -4.85575 3.75
      vertex 4.28901 -4.13997 3.75
      vertex 4.64064 -4.94125 3.75
    endloop
  endfacet
  facet normal 0 0 1
    outer loop
      vertex 4.64064 -4.94125 3.75
      vertex 4.28901 -4.13997 3.75
      vertex 4.51542 -5.00963 3.75
    endloop
  endfacet
  facet normal -0 0 1
    outer loop
      vertex 4.2 -4.15 3.75
      vertex 4.51542 -5.00963 3.75
      vertex 4.28901 -4.13997 3.75
    endloop
  endfacet
  facet normal 0 0 1
    outer loop
      vertex 4.51542 -5.00963 3.75
      vertex 4.2 -4.15 3.75
      vertex 4.38173 -5.05949 3.75
    endloop
  endfacet
  facet normal 0 0 1
    outer loop
      vertex 4.38173 -5.05949 3.75
      vertex 4.2 -4.15 3.75
      vertex 4.24231 -5.08982 3.75
    endloop
  endfacet
  facet normal 0 0 1
    outer loop
      vertex 4.1 -5.1 3.75
      vertex 4.2 -4.15 3.75
      vertex 4.11099 -4.13997 3.75
    endloop
  endfacet
  facet normal 0 0 1
    outer loop
      vertex 4.2 -4.15 3.75
      vertex 4.1 -5.1 3.75
      vertex 4.24231 -5.08982 3.75
    endloop
  endfacet
  facet normal 0 0 1
    outer loop
      vertex 4.02645 -4.11039 3.75
      vertex 4.1 -5.1 3.75
      vertex 4.11099 -4.13997 3.75
    endloop
  endfacet
  facet normal 0 0 1
    outer loop
      vertex 3.9506 -4.06273 3.75
      vertex 4.1 -5.1 3.75
      vertex 4.02645 -4.11039 3.75
    endloop
  endfacet
  facet normal 0 0 1
    outer loop
      vertex 3.88727 -3.9994 3.75
      vertex 4.1 -5.1 3.75
      vertex 3.9506 -4.06273 3.75
    endloop
  endfacet
  facet normal 0 0 1
    outer loop
      vertex 2.43997 -4.23901 3.75
      vertex 3.88727 -3.9994 3.75
      vertex 3.83961 -3.92355 3.75
    endloop
  endfacet
  facet normal 0 0 1
    outer loop
      vertex 2.45 -4.15 3.75
      vertex 3.83961 -3.92355 3.75
      vertex 3.81003 -3.83901 3.75
    endloop
  endfacet
  facet normal 0 0 1
    outer loop
      vertex 3.81003 -1.40099 3.75
      vertex 3.76453 -1.09772 3.75
      vertex 3.8 -1.49 3.75
    endloop
  endfacet
  facet normal 0 0 1
    outer loop
      vertex 3.75024 -1.05828 3.75
      vertex 3.8 -1.49 3.75
      vertex 3.76453 -1.09772 3.75
    endloop
  endfacet
  facet normal 0 0 1
    outer loop
      vertex 3.74162 -1.02039 3.75
      vertex 3.8 -1.49 3.75
      vertex 3.75024 -1.05828 3.75
    endloop
  endfacet
  facet normal 0 0 1
    outer loop
      vertex 3.74087 -1.0171 3.75
      vertex 3.8 -1.49 3.75
      vertex 3.74162 -1.02039 3.75
    endloop
  endfacet
  facet normal 0 0 1
    outer loop
      vertex 3.8 -1.49 3.75
      vertex 3.74087 -1.0171 3.75
      vertex 2.45 -4.15 3.75
    endloop
  endfacet
  facet normal 0 0 1
    outer loop
      vertex 2.45 -4.15 3.75
      vertex 3.74087 -1.0171 3.75
      vertex 3.74052 -1.01371 3.75
    endloop
  endfacet
  facet normal 0 0 1
    outer loop
      vertex 2.45 -4.15 3.75
      vertex 3.74052 -1.01371 3.75
      vertex 3.73653 -0.974639 3.75
    endloop
  endfacet
  facet normal 0 0 1
    outer loop
      vertex 2.05 -3.75 3.75
      vertex 3.67293 0.990318 3.75
      vertex 3.65257 1.08942 3.75
    endloop
  endfacet
  facet normal 0 0 1
    outer loop
      vertex 3.73772 -0.928034 3.75
      vertex 2.05 -3.75 3.75
      vertex 3.73728 -0.931361 3.75
    endloop
  endfacet
  facet normal 0 0 1
    outer loop
      vertex 3.73728 -0.931361 3.75
      vertex 2.45 -4.15 3.75
      vertex 3.73653 -0.974639 3.75
    endloop
  endfacet
  facet normal 0 0 1
    outer loop
      vertex 3.8 -2.62 3.75
      vertex 2.45 -4.15 3.75
      vertex 3.8 -3.75 3.75
    endloop
  endfacet
  facet normal 0 0 1
    outer loop
      vertex 2.45 -4.15 3.75
      vertex 3.81003 -3.83901 3.75
      vertex 3.8 -3.75 3.75
    endloop
  endfacet
  facet normal 0 0 1
    outer loop
      vertex 3.83961 -3.92355 3.75
      vertex 2.45 -4.15 3.75
      vertex 2.43997 -4.23901 3.75
    endloop
  endfacet
  facet normal 0 0 1
    outer loop
      vertex 3.88727 -3.9994 3.75
      vertex 2.43997 -4.23901 3.75
      vertex 2.41039 -4.32355 3.75
    endloop
  endfacet
  facet normal 0 0 1
    outer loop
      vertex 3.88727 -3.9994 3.75
      vertex 2.41039 -4.32355 3.75
      vertex 4.1 -5.1 3.75
    endloop
  endfacet
  facet normal -0 0 1
    outer loop
      vertex 2.36273 -4.3994 3.75
      vertex 4.1 -5.1 3.75
      vertex 2.41039 -4.32355 3.75
    endloop
  endfacet
  facet normal 0 0 1
    outer loop
      vertex 2.35287 -4.41293 3.75
      vertex 2.36273 -4.3994 3.75
      vertex 2.35632 -4.4058 3.75
    endloop
  endfacet
  facet normal 0 0 1
    outer loop
      vertex 2.33048 -4.44887 3.75
      vertex 2.36273 -4.3994 3.75
      vertex 2.35287 -4.41293 3.75
    endloop
  endfacet
  facet normal 0 0 1
    outer loop
      vertex 2.36273 -4.3994 3.75
      vertex 2.33048 -4.44887 3.75
      vertex 4.1 -5.1 3.75
    endloop
  endfacet
  facet normal -0 0 1
    outer loop
      vertex 2.30447 -4.48208 3.75
      vertex 4.1 -5.1 3.75
      vertex 2.33048 -4.44887 3.75
    endloop
  endfacet
  facet normal -0 0 1
    outer loop
      vertex 2.30396 -4.4826 3.75
      vertex 4.1 -5.1 3.75
      vertex 2.30447 -4.48208 3.75
    endloop
  endfacet
  facet normal -0 0 1
    outer loop
      vertex 2.27512 -4.5122 3.75
      vertex 4.1 -5.1 3.75
      vertex 2.30396 -4.4826 3.75
    endloop
  endfacet
  facet normal -0 0 1
    outer loop
      vertex 2.24276 -4.5389 3.75
      vertex 4.1 -5.1 3.75
      vertex 2.27512 -4.5122 3.75
    endloop
  endfacet
  facet normal -0 0 1
    outer loop
      vertex 2.20829 -4.56152 3.75
      vertex 4.1 -5.1 3.75
      vertex 2.24276 -4.5389 3.75
    endloop
  endfacet
  facet normal -0 0 1
    outer loop
      vertex 2.20774 -4.56189 3.75
      vertex 4.1 -5.1 3.75
      vertex 2.20829 -4.56152 3.75
    endloop
  endfacet
  facet normal -0 0 1
    outer loop
      vertex 2.20715 -4.56219 3.75
      vertex 4.1 -5.1 3.75
      vertex 2.20774 -4.56189 3.75
    endloop
  endfacet
  facet normal -0 0 1
    outer loop
      vertex 2.17044 -4.58091 3.75
      vertex 4.1 -5.1 3.75
      vertex 2.20715 -4.56219 3.75
    endloop
  endfacet
  facet normal -0 0 1
    outer loop
      vertex 2.1319 -4.59552 3.75
      vertex 4.1 -5.1 3.75
      vertex 2.17044 -4.58091 3.75
    endloop
  endfacet
  facet normal -0 0 1
    outer loop
      vertex 2.13127 -4.59575 3.75
      vertex 4.1 -5.1 3.75
      vertex 2.1319 -4.59552 3.75
    endloop
  endfacet
  facet normal -0 0 1
    outer loop
      vertex 2.13062 -4.59592 3.75
      vertex 4.1 -5.1 3.75
      vertex 2.13127 -4.59575 3.75
    endloop
  endfacet
  facet normal -0 0 1
    outer loop
      vertex 2.09067 -4.60626 3.75
      vertex 4.1 -5.1 3.75
      vertex 2.13062 -4.59592 3.75
    endloop
  endfacet
  facet normal -0 0 1
    outer loop
      vertex 2.04979 -4.61222 3.75
      vertex 4.1 -5.1 3.75
      vertex 2.09067 -4.60626 3.75
    endloop
  endfacet
  facet normal -0 0 1
    outer loop
      vertex 2.04907 -4.61232 3.75
      vertex 4.1 -5.1 3.75
      vertex 2.04979 -4.61222 3.75
    endloop
  endfacet
  facet normal -0 0 1
    outer loop
      vertex 2.00693 -4.61386 3.75
      vertex 4.1 -5.1 3.75
      vertex 2.04907 -4.61232 3.75
    endloop
  endfacet
  facet normal 0 0 1
    outer loop
      vertex 1.96472 -4.61087 3.75
      vertex 4.1 -5.1 3.75
      vertex 2.00693 -4.61386 3.75
    endloop
  endfacet
  facet normal 0 0 1
    outer loop
      vertex 0.919999 -4.55 3.75
      vertex 1.96472 -4.61087 3.75
      vertex 1.92289 -4.60337 3.75
    endloop
  endfacet
  facet normal 0 0 1
    outer loop
      vertex 1.09355 -4.51039 3.75
      vertex 1.84129 -4.57475 3.75
      vertex 1.80426 -4.55493 3.75
    endloop
  endfacet
  facet normal 0 0 1
    outer loop
      vertex 1.23273 -4.3994 3.75
      vertex 1.65328 -4.3994 3.75
      vertex 1.6342 -4.36194 3.75
    endloop
  endfacet
  facet normal -0 0 1
    outer loop
      vertex 1.28039 -4.32355 3.75
      vertex 1.63357 -4.3603 3.75
      vertex 1.61839 -4.32123 3.75
    endloop
  endfacet
  facet normal 0 0 1
    outer loop
      vertex 1.30997 -4.23901 3.75
      vertex 1.59977 -4.23831 3.75
      vertex 1.59943 -4.23629 3.75
    endloop
  endfacet
  facet normal 0 0 1
    outer loop
      vertex 1.30997 -4.23901 3.75
      vertex 1.59929 -4.23423 3.75
      vertex 1.59649 -4.19298 3.75
    endloop
  endfacet
  facet normal 0 0 1
    outer loop
      vertex 1.59797 -4.14975 3.75
      vertex 1.32 -4.15 3.75
      vertex 1.5979 -4.15198 3.75
    endloop
  endfacet
  facet normal -0 0 1
    outer loop
      vertex 1.30997 -4.06099 3.75
      vertex 1.61409 -4.06541 3.75
      vertex 1.62854 -4.02523 3.75
    endloop
  endfacet
  facet normal 0 0 1
    outer loop
      vertex 3.65257 1.19058 3.75
      vertex 1.55015 3.74018 3.75
      vertex 1.34 3.75 3.75
    endloop
  endfacet
  facet normal 0 0 1
    outer loop
      vertex 1.34 3.75 3.75
      vertex 1.55015 3.74018 3.75
      vertex 1.54693 3.74086 3.75
    endloop
  endfacet
  facet normal 0 0 1
    outer loop
      vertex 1.34 3.75 3.75
      vertex 1.54693 3.74086 3.75
      vertex 1.50835 3.74903 3.75
    endloop
  endfacet
  facet normal -0 0 1
    outer loop
      vertex 1.42901 3.76003 3.75
      vertex 1.50835 3.74903 3.75
      vertex 1.47037 3.7618 3.75
    endloop
  endfacet
  facet normal 0 0 1
    outer loop
      vertex 1.42901 3.76003 3.75
      vertex 1.47037 3.7618 3.75
      vertex 1.46735 3.76282 3.75
    endloop
  endfacet
  facet normal 0 0 1
    outer loop
      vertex 1.42901 3.76003 3.75
      vertex 1.46735 3.76282 3.75
      vertex 1.45434 3.76889 3.75
    endloop
  endfacet
  facet normal 0 0 1
    outer loop
      vertex 1.50835 3.74903 3.75
      vertex 1.42901 3.76003 3.75
      vertex 1.34 3.75 3.75
    endloop
  endfacet
  facet normal 0 0 1
    outer loop
      vertex 1.30997 -4.06099 3.75
      vertex 1.60386 -4.10708 3.75
      vertex 1.61409 -4.06541 3.75
    endloop
  endfacet
  facet normal 0 0 1
    outer loop
      vertex 1.5979 -4.15198 3.75
      vertex 1.32 -4.15 3.75
      vertex 1.59649 -4.19298 3.75
    endloop
  endfacet
  facet normal 0 0 1
    outer loop
      vertex 1.30997 -4.23901 3.75
      vertex 1.59649 -4.19298 3.75
      vertex 1.32 -4.15 3.75
    endloop
  endfacet
  facet normal 0 0 1
    outer loop
      vertex 1.59929 -4.23423 3.75
      vertex 1.30997 -4.23901 3.75
      vertex 1.59943 -4.23629 3.75
    endloop
  endfacet
  facet normal 0 0 1
    outer loop
      vertex 1.59977 -4.23831 3.75
      vertex 1.30997 -4.23901 3.75
      vertex 1.60676 -4.27919 3.75
    endloop
  endfacet
  facet normal 0 0 1
    outer loop
      vertex 1.28039 -4.32355 3.75
      vertex 1.60676 -4.27919 3.75
      vertex 1.30997 -4.23901 3.75
    endloop
  endfacet
  facet normal 0 0 1
    outer loop
      vertex 1.60676 -4.27919 3.75
      vertex 1.28039 -4.32355 3.75
      vertex 1.61839 -4.32123 3.75
    endloop
  endfacet
  facet normal 0 0 1
    outer loop
      vertex 1.63357 -4.3603 3.75
      vertex 1.28039 -4.32355 3.75
      vertex 1.6342 -4.36194 3.75
    endloop
  endfacet
  facet normal 0 0 1
    outer loop
      vertex 1.23273 -4.3994 3.75
      vertex 1.6342 -4.36194 3.75
      vertex 1.28039 -4.32355 3.75
    endloop
  endfacet
  facet normal 0 0 1
    outer loop
      vertex 1.65328 -4.3994 3.75
      vertex 1.23273 -4.3994 3.75
      vertex 1.65403 -4.40088 3.75
    endloop
  endfacet
  facet normal 0 0 1
    outer loop
      vertex 1.65403 -4.40088 3.75
      vertex 1.23273 -4.3994 3.75
      vertex 1.67764 -4.43761 3.75
    endloop
  endfacet
  facet normal 0 0 1
    outer loop
      vertex 1.67764 -4.43761 3.75
      vertex 1.23273 -4.3994 3.75
      vertex 1.67859 -4.43881 3.75
    endloop
  endfacet
  facet normal 0 0 1
    outer loop
      vertex 1.67859 -4.43881 3.75
      vertex 1.23273 -4.3994 3.75
      vertex 1.70478 -4.47174 3.75
    endloop
  endfacet
  facet normal -0 0 1
    outer loop
      vertex 1.1694 -4.46273 3.75
      vertex 1.70478 -4.47174 3.75
      vertex 1.23273 -4.3994 3.75
    endloop
  endfacet
  facet normal 0 0 1
    outer loop
      vertex 1.70478 -4.47174 3.75
      vertex 1.1694 -4.46273 3.75
      vertex 1.73516 -4.50289 3.75
    endloop
  endfacet
  facet normal 0 0 1
    outer loop
      vertex 1.73516 -4.50289 3.75
      vertex 1.1694 -4.46273 3.75
      vertex 1.76844 -4.53072 3.75
    endloop
  endfacet
  facet normal -0 0 1
    outer loop
      vertex 1.09355 -4.51039 3.75
      vertex 1.76844 -4.53072 3.75
      vertex 1.1694 -4.46273 3.75
    endloop
  endfacet
  facet normal 0 0 1
    outer loop
      vertex 1.76844 -4.53072 3.75
      vertex 1.09355 -4.51039 3.75
      vertex 1.80426 -4.55493 3.75
    endloop
  endfacet
  facet normal 0 0 1
    outer loop
      vertex 1.84129 -4.57475 3.75
      vertex 1.09355 -4.51039 3.75
      vertex 1.84222 -4.57525 3.75
    endloop
  endfacet
  facet normal -0 0 1
    outer loop
      vertex 1.00901 -4.53997 3.75
      vertex 1.84222 -4.57525 3.75
      vertex 1.09355 -4.51039 3.75
    endloop
  endfacet
  facet normal 0 0 1
    outer loop
      vertex 1.84222 -4.57525 3.75
      vertex 1.00901 -4.53997 3.75
      vertex 1.88191 -4.59145 3.75
    endloop
  endfacet
  facet normal 0 0 1
    outer loop
      vertex 1.88191 -4.59145 3.75
      vertex 1.00901 -4.53997 3.75
      vertex 1.92289 -4.60337 3.75
    endloop
  endfacet
  facet normal -0 0 1
    outer loop
      vertex 0.919999 -4.55 3.75
      vertex 1.92289 -4.60337 3.75
      vertex 1.00901 -4.53997 3.75
    endloop
  endfacet
  facet normal 0 0 1
    outer loop
      vertex 1.96472 -4.61087 3.75
      vertex 0.919999 -4.55 3.75
      vertex 4.1 -5.1 3.75
    endloop
  endfacet
  facet normal 0 0 1
    outer loop
      vertex -0.209999 -4.55 3.75
      vertex 0.919999 -4.55 3.75
      vertex 0.830991 -4.53997 3.75
    endloop
  endfacet
  facet normal 0 0 1
    outer loop
      vertex 0.179971 -4.06099 3.75
      vertex 0.607267 -3.9006 3.75
      vertex 0.670604 -3.83727 3.75
    endloop
  endfacet
  facet normal 0 0 1
    outer loop
      vertex 0.179971 -4.06099 3.75
      vertex 0.559612 -3.97645 3.75
      vertex 0.607267 -3.9006 3.75
    endloop
  endfacet
  facet normal 0 0 1
    outer loop
      vertex 0.179971 -4.06099 3.75
      vertex 0.530028 -4.06099 3.75
      vertex 0.559612 -3.97645 3.75
    endloop
  endfacet
  facet normal 0 0 1
    outer loop
      vertex 0.530028 -4.06099 3.75
      vertex 0.19 -4.15 3.75
      vertex 0.52 -4.15 3.75
    endloop
  endfacet
  facet normal -0 0 1
    outer loop
      vertex 0.19 -4.15 3.75
      vertex 0.530028 -4.23901 3.75
      vertex 0.52 -4.15 3.75
    endloop
  endfacet
  facet normal 0 0 1
    outer loop
      vertex 0.179971 -4.23901 3.75
      vertex 0.530028 -4.23901 3.75
      vertex 0.19 -4.15 3.75
    endloop
  endfacet
  facet normal 0 0 1
    outer loop
      vertex 0.530028 -4.23901 3.75
      vertex 0.179971 -4.23901 3.75
      vertex 0.559612 -4.32355 3.75
    endloop
  endfacet
  facet normal 0 0 1
    outer loop
      vertex 0.150387 -4.32355 3.75
      vertex 0.559612 -4.32355 3.75
      vertex 0.179971 -4.23901 3.75
    endloop
  endfacet
  facet normal 0 0 1
    outer loop
      vertex 0.559612 -4.32355 3.75
      vertex 0.150387 -4.32355 3.75
      vertex 0.607267 -4.3994 3.75
    endloop
  endfacet
  facet normal 0 0 1
    outer loop
      vertex 0.102732 -4.3994 3.75
      vertex 0.607267 -4.3994 3.75
      vertex 0.150387 -4.32355 3.75
    endloop
  endfacet
  facet normal 0 0 1
    outer loop
      vertex 0.607267 -4.3994 3.75
      vertex 0.102732 -4.3994 3.75
      vertex 0.670604 -4.46273 3.75
    endloop
  endfacet
  facet normal 0 0 1
    outer loop
      vertex 0.0393953 -4.46273 3.75
      vertex 0.670604 -4.46273 3.75
      vertex 0.102732 -4.3994 3.75
    endloop
  endfacet
  facet normal 0 0 1
    outer loop
      vertex 0.670604 -4.46273 3.75
      vertex 0.0393953 -4.46273 3.75
      vertex 0.746446 -4.51039 3.75
    endloop
  endfacet
  facet normal 0 0 1
    outer loop
      vertex -0.0364456 -4.51039 3.75
      vertex 0.746446 -4.51039 3.75
      vertex 0.0393953 -4.46273 3.75
    endloop
  endfacet
  facet normal 0 0 1
    outer loop
      vertex 0.746446 -4.51039 3.75
      vertex -0.0364456 -4.51039 3.75
      vertex 0.830991 -4.53997 3.75
    endloop
  endfacet
  facet normal 0 0 1
    outer loop
      vertex -0.120991 -4.53997 3.75
      vertex 0.830991 -4.53997 3.75
      vertex -0.0364456 -4.51039 3.75
    endloop
  endfacet
  facet normal 0 0 1
    outer loop
      vertex -0.209999 -4.55 3.75
      vertex 0.830991 -4.53997 3.75
      vertex -0.120991 -4.53997 3.75
    endloop
  endfacet
  facet normal 0 0 1
    outer loop
      vertex 0.919999 -4.55 3.75
      vertex -0.209999 -4.55 3.75
      vertex 4.1 -5.1 3.75
    endloop
  endfacet
  facet normal 0 0 1
    outer loop
      vertex -1.34 -4.55 3.75
      vertex -0.209999 -4.55 3.75
      vertex -0.299008 -4.53997 3.75
    endloop
  endfacet
  facet normal 0 0 1
    outer loop
      vertex -0.950028 -4.06099 3.75
      vertex -0.522732 -3.9006 3.75
      vertex -0.459395 -3.83727 3.75
    endloop
  endfacet
  facet normal 0 0 1
    outer loop
      vertex -0.950028 -4.06099 3.75
      vertex -0.570387 -3.97645 3.75
      vertex -0.522732 -3.9006 3.75
    endloop
  endfacet
  facet normal 0 0 1
    outer loop
      vertex -0.950028 -4.06099 3.75
      vertex -0.599971 -4.06099 3.75
      vertex -0.570387 -3.97645 3.75
    endloop
  endfacet
  facet normal 0 0 1
    outer loop
      vertex -0.599971 -4.06099 3.75
      vertex -0.94 -4.15 3.75
      vertex -0.61 -4.15 3.75
    endloop
  endfacet
  facet normal -0 0 1
    outer loop
      vertex -0.94 -4.15 3.75
      vertex -0.599971 -4.23901 3.75
      vertex -0.61 -4.15 3.75
    endloop
  endfacet
  facet normal 0 0 1
    outer loop
      vertex -0.950028 -4.23901 3.75
      vertex -0.599971 -4.23901 3.75
      vertex -0.94 -4.15 3.75
    endloop
  endfacet
  facet normal 0 0 1
    outer loop
      vertex -0.599971 -4.23901 3.75
      vertex -0.950028 -4.23901 3.75
      vertex -0.570387 -4.32355 3.75
    endloop
  endfacet
  facet normal 0 0 1
    outer loop
      vertex -0.979612 -4.32355 3.75
      vertex -0.570387 -4.32355 3.75
      vertex -0.950028 -4.23901 3.75
    endloop
  endfacet
  facet normal 0 0 1
    outer loop
      vertex -0.570387 -4.32355 3.75
      vertex -0.979612 -4.32355 3.75
      vertex -0.522732 -4.3994 3.75
    endloop
  endfacet
  facet normal 0 0 1
    outer loop
      vertex -1.02727 -4.3994 3.75
      vertex -0.522732 -4.3994 3.75
      vertex -0.979612 -4.32355 3.75
    endloop
  endfacet
  facet normal 0 0 1
    outer loop
      vertex -0.522732 -4.3994 3.75
      vertex -1.02727 -4.3994 3.75
      vertex -0.459395 -4.46273 3.75
    endloop
  endfacet
  facet normal 0 0 1
    outer loop
      vertex -1.0906 -4.46273 3.75
      vertex -0.459395 -4.46273 3.75
      vertex -1.02727 -4.3994 3.75
    endloop
  endfacet
  facet normal 0 0 1
    outer loop
      vertex -0.459395 -4.46273 3.75
      vertex -1.0906 -4.46273 3.75
      vertex -0.383554 -4.51039 3.75
    endloop
  endfacet
  facet normal 0 0 1
    outer loop
      vertex -1.16645 -4.51039 3.75
      vertex -0.383554 -4.51039 3.75
      vertex -1.0906 -4.46273 3.75
    endloop
  endfacet
  facet normal 0 0 1
    outer loop
      vertex -0.383554 -4.51039 3.75
      vertex -1.16645 -4.51039 3.75
      vertex -0.299008 -4.53997 3.75
    endloop
  endfacet
  facet normal 0 0 1
    outer loop
      vertex -1.25099 -4.53997 3.75
      vertex -0.299008 -4.53997 3.75
      vertex -1.16645 -4.51039 3.75
    endloop
  endfacet
  facet normal 0 0 1
    outer loop
      vertex -1.34 -4.55 3.75
      vertex -0.299008 -4.53997 3.75
      vertex -1.25099 -4.53997 3.75
    endloop
  endfacet
  facet normal 0 0 1
    outer loop
      vertex -0.209999 -4.55 3.75
      vertex -1.34 -4.55 3.75
      vertex -4.1 -5.1 3.75
    endloop
  endfacet
  facet normal 0 0 1
    outer loop
      vertex -1.09355 3.78961 3.75
      vertex -1.87645 3.78961 3.75
      vertex -1.96099 3.76003 3.75
    endloop
  endfacet
  facet normal 0 0 1
    outer loop
      vertex -1.00901 3.76003 3.75
      vertex -1.96099 3.76003 3.75
      vertex -3.65 -1.14 3.75
    endloop
  endfacet
  facet normal 0 0 1
    outer loop
      vertex -3.65 -1.14 3.75
      vertex -1.96099 3.76003 3.75
      vertex -2.05 3.75 3.75
    endloop
  endfacet
  facet normal 0 0 1
    outer loop
      vertex -3.65 -1.14 3.75
      vertex -2.05 3.75 3.75
      vertex -2.13901 3.76003 3.75
    endloop
  endfacet
  facet normal 0 0 1
    outer loop
      vertex -3.65 -1.14 3.75
      vertex -2.13901 3.76003 3.75
      vertex -2.22355 3.78961 3.75
    endloop
  endfacet
  facet normal 0 0 1
    outer loop
      vertex -3.65 -1.14 3.75
      vertex -2.22355 3.78961 3.75
      vertex -2.2994 3.83727 3.75
    endloop
  endfacet
  facet normal 0 0 1
    outer loop
      vertex -3.65 -1.14 3.75
      vertex -2.2994 3.83727 3.75
      vertex -2.36273 3.9006 3.75
    endloop
  endfacet
  facet normal 0 0 1
    outer loop
      vertex -3.65 -1.14 3.75
      vertex -2.36273 3.9006 3.75
      vertex -2.41039 3.97645 3.75
    endloop
  endfacet
  facet normal 0 0 1
    outer loop
      vertex -3.65 -1.14 3.75
      vertex -2.41039 3.97645 3.75
      vertex -2.43997 4.06099 3.75
    endloop
  endfacet
  facet normal 0 0 1
    outer loop
      vertex -3.65 -1.14 3.75
      vertex -2.43997 4.06099 3.75
      vertex -2.45 4.15 3.75
    endloop
  endfacet
  facet normal -0 0 1
    outer loop
      vertex -3.80552 -1.5024 3.75
      vertex -1.5894 -3.83727 3.75
      vertex -3.73962 -1.42563 3.75
    endloop
  endfacet
  facet normal 0 0 1
    outer loop
      vertex -1.5894 -3.83727 3.75
      vertex -3.80552 -1.5024 3.75
      vertex -1.65273 -3.9006 3.75
    endloop
  endfacet
  facet normal -0 0 1
    outer loop
      vertex -3.88552 -1.56432 3.75
      vertex -1.65273 -3.9006 3.75
      vertex -3.80552 -1.5024 3.75
    endloop
  endfacet
  facet normal 0 0 1
    outer loop
      vertex -1.65273 -3.9006 3.75
      vertex -3.88552 -1.56432 3.75
      vertex -1.70039 -3.97645 3.75
    endloop
  endfacet
  facet normal -0 0 1
    outer loop
      vertex -3.97635 -1.60888 3.75
      vertex -1.70039 -3.97645 3.75
      vertex -3.88552 -1.56432 3.75
    endloop
  endfacet
  facet normal 0 0 1
    outer loop
      vertex -5.1 -4.1 3.75
      vertex -1.70039 -3.97645 3.75
      vertex -3.97635 -1.60888 3.75
    endloop
  endfacet
  facet normal 0 0 1
    outer loop
      vertex -1.70039 -3.97645 3.75
      vertex -5.1 -4.1 3.75
      vertex -1.72997 -4.06099 3.75
    endloop
  endfacet
  facet normal 0 -0 1
    outer loop
      vertex -4.1 -5.1 3.75
      vertex -1.72997 -4.06099 3.75
      vertex -5.1 -4.1 3.75
    endloop
  endfacet
  facet normal 0 0 1
    outer loop
      vertex -1.74 -4.15 3.75
      vertex -4.1 -5.1 3.75
      vertex -1.72997 -4.23901 3.75
    endloop
  endfacet
  facet normal 0 0 1
    outer loop
      vertex -1.72997 -4.23901 3.75
      vertex -4.1 -5.1 3.75
      vertex -1.70039 -4.32355 3.75
    endloop
  endfacet
  facet normal 0 0 1
    outer loop
      vertex -5.1 -4.1 3.75
      vertex -3.97635 -1.60888 3.75
      vertex -4.07429 -1.63423 3.75
    endloop
  endfacet
  facet normal 0 0 1
    outer loop
      vertex -0.209999 -4.55 3.75
      vertex -4.1 -5.1 3.75
      vertex 4.1 -5.1 3.75
    endloop
  endfacet
  facet normal 0 0 1
    outer loop
      vertex -1.42901 -4.53997 3.75
      vertex -4.1 -5.1 3.75
      vertex -1.34 -4.55 3.75
    endloop
  endfacet
  facet normal 0 0 1
    outer loop
      vertex -1.51355 -4.51039 3.75
      vertex -4.1 -5.1 3.75
      vertex -1.42901 -4.53997 3.75
    endloop
  endfacet
  facet normal 0 0 1
    outer loop
      vertex -1.5894 -4.46273 3.75
      vertex -4.1 -5.1 3.75
      vertex -1.51355 -4.51039 3.75
    endloop
  endfacet
  facet normal 0 0 1
    outer loop
      vertex -1.65273 -4.3994 3.75
      vertex -4.1 -5.1 3.75
      vertex -1.5894 -4.46273 3.75
    endloop
  endfacet
  facet normal 0 0 1
    outer loop
      vertex -1.70039 -4.32355 3.75
      vertex -4.1 -5.1 3.75
      vertex -1.65273 -4.3994 3.75
    endloop
  endfacet
  facet normal 0 0 1
    outer loop
      vertex -5.1 -4.1 3.75
      vertex -4.07429 -1.63423 3.75
      vertex -4.17532 -1.63936 3.75
    endloop
  endfacet
  facet normal 0 0 1
    outer loop
      vertex -1.72997 -4.06099 3.75
      vertex -4.1 -5.1 3.75
      vertex -1.74 -4.15 3.75
    endloop
  endfacet
  facet normal 0 0 1
    outer loop
      vertex -5.1 -4.1 3.75
      vertex -4.17532 -1.63936 3.75
      vertex -4.27533 -1.62404 3.75
    endloop
  endfacet
  facet normal 0 0 1
    outer loop
      vertex -5.1 -4.1 3.75
      vertex -4.27533 -1.62404 3.75
      vertex -4.3702 -1.5889 3.75
    endloop
  endfacet
  facet normal 0 0 1
    outer loop
      vertex -4.1 -5.1 3.75
      vertex -5.1 -4.1 3.75
      vertex -4.24231 -5.08982 3.75
    endloop
  endfacet
  facet normal 0 0 1
    outer loop
      vertex -5.1 -4.1 3.75
      vertex -4.3702 -1.5889 3.75
      vertex -4.45605 -1.53539 3.75
    endloop
  endfacet
  facet normal 0 0 1
    outer loop
      vertex -4.24231 -5.08982 3.75
      vertex -5.1 -4.1 3.75
      vertex -4.38173 -5.05949 3.75
    endloop
  endfacet
  facet normal 0 0 1
    outer loop
      vertex -5.1 -4.1 3.75
      vertex -4.45605 -1.53539 3.75
      vertex -4.52938 -1.46569 3.75
    endloop
  endfacet
  facet normal 0 0 1
    outer loop
      vertex -5.1 -4.1 3.75
      vertex -4.52938 -1.46569 3.75
      vertex -4.58717 -1.38265 3.75
    endloop
  endfacet
  facet normal 0 0 1
    outer loop
      vertex -5.1 -4.1 3.75
      vertex -4.58717 -1.38265 3.75
      vertex -4.62707 -1.28968 3.75
    endloop
  endfacet
  facet normal 0 0 1
    outer loop
      vertex -4.38173 -5.05949 3.75
      vertex -5.1 -4.1 3.75
      vertex -4.51542 -5.00963 3.75
    endloop
  endfacet
  facet normal 0 0 1
    outer loop
      vertex -5.1 -4.1 3.75
      vertex -4.62707 -1.28968 3.75
      vertex -4.64743 -1.19058 3.75
    endloop
  endfacet
  facet normal 0 0 1
    outer loop
      vertex -5.1 -4.1 3.75
      vertex -4.64743 -1.08942 3.75
      vertex -5.1 4.1 3.75
    endloop
  endfacet
  facet normal 0 0 1
    outer loop
      vertex -4.64743 -1.08942 3.75
      vertex -5.1 -4.1 3.75
      vertex -4.64743 -1.19058 3.75
    endloop
  endfacet
  facet normal -0 0 1
    outer loop
      vertex -5.08982 4.24231 3.75
      vertex -4.51273 3.9994 3.75
      vertex -5.05949 4.38173 3.75
    endloop
  endfacet
  facet normal 0 0 1
    outer loop
      vertex -4.51542 -5.00963 3.75
      vertex -5.1 -4.1 3.75
      vertex -4.64064 -4.94125 3.75
    endloop
  endfacet
  facet normal -0 0 1
    outer loop
      vertex -5.1 4.1 3.75
      vertex -4.51273 3.9994 3.75
      vertex -5.08982 4.24231 3.75
    endloop
  endfacet
  facet normal 0 0 1
    outer loop
      vertex -4.64064 -4.94125 3.75
      vertex -5.1 -4.1 3.75
      vertex -4.75486 -4.85575 3.75
    endloop
  endfacet
  facet normal 0 0 1
    outer loop
      vertex -4.51273 3.9994 3.75
      vertex -5.1 4.1 3.75
      vertex -4.56039 3.92355 3.75
    endloop
  endfacet
  facet normal 0 0 1
    outer loop
      vertex -4.75486 -4.85575 3.75
      vertex -5.1 -4.1 3.75
      vertex -4.85575 -4.75486 3.75
    endloop
  endfacet
  facet normal 0 0 1
    outer loop
      vertex -4.56039 3.92355 3.75
      vertex -5.1 4.1 3.75
      vertex -4.58997 3.83901 3.75
    endloop
  endfacet
  facet normal 0 0 1
    outer loop
      vertex -4.85575 -4.75486 3.75
      vertex -5.1 -4.1 3.75
      vertex -4.94125 -4.64064 3.75
    endloop
  endfacet
  facet normal 0 0 1
    outer loop
      vertex -4.58997 3.83901 3.75
      vertex -5.1 4.1 3.75
      vertex -4.6 3.75 3.75
    endloop
  endfacet
  facet normal 0 0 1
    outer loop
      vertex -4.94125 -4.64064 3.75
      vertex -5.1 -4.1 3.75
      vertex -5.00963 -4.51542 3.75
    endloop
  endfacet
  facet normal 0 0 1
    outer loop
      vertex -5.00963 -4.51542 3.75
      vertex -5.1 -4.1 3.75
      vertex -5.05949 -4.38173 3.75
    endloop
  endfacet
  facet normal 0 0 1
    outer loop
      vertex -5.05949 -4.38173 3.75
      vertex -5.1 -4.1 3.75
      vertex -5.08982 -4.24231 3.75
    endloop
  endfacet
  facet normal 0 0 1
    outer loop
      vertex 4.64083 -0.966431 3.75
      vertex 4.58997 -0.449008 3.75
      vertex 4.60877 -0.902307 3.75
    endloop
  endfacet
  facet normal -0 0 1
    outer loop
      vertex 4.56039 -0.533553 3.75
      vertex 4.60877 -0.902307 3.75
      vertex 4.58997 -0.449008 3.75
    endloop
  endfacet
  facet normal -0 0 1
    outer loop
      vertex 4.51273 -0.609395 3.75
      vertex 4.60877 -0.902307 3.75
      vertex 4.56039 -0.533553 3.75
    endloop
  endfacet
  facet normal 0 0 1
    outer loop
      vertex 4.60877 -0.902307 3.75
      vertex 4.51273 -0.609395 3.75
      vertex 4.47912 -0.643009 3.75
    endloop
  endfacet
  facet normal 0 0 1
    outer loop
      vertex 3.88727 -0.609395 3.75
      vertex 3.87899 -0.643455 3.75
      vertex 3.90122 -0.623345 3.75
    endloop
  endfacet
  facet normal 0 0 1
    outer loop
      vertex 3.88727 -0.609395 3.75
      vertex 3.8771 -0.645169 3.75
      vertex 3.87899 -0.643455 3.75
    endloop
  endfacet
  facet normal 0 0 1
    outer loop
      vertex 3.88727 -0.609395 3.75
      vertex 3.87537 -0.647045 3.75
      vertex 3.8771 -0.645169 3.75
    endloop
  endfacet
  facet normal 0 0 1
    outer loop
      vertex 3.83961 -0.533553 3.75
      vertex 3.87537 -0.647045 3.75
      vertex 3.88727 -0.609395 3.75
    endloop
  endfacet
  facet normal 0 0 1
    outer loop
      vertex 3.87537 -0.647045 3.75
      vertex 3.83961 -0.533553 3.75
      vertex 3.84407 -0.681048 3.75
    endloop
  endfacet
  facet normal 0 0 1
    outer loop
      vertex 3.83961 -0.533553 3.75
      vertex 3.8167 -0.717014 3.75
      vertex 3.84407 -0.681048 3.75
    endloop
  endfacet
  facet normal 0 0 1
    outer loop
      vertex 3.83961 -0.533553 3.75
      vertex 3.81494 -0.719325 3.75
      vertex 3.8167 -0.717014 3.75
    endloop
  endfacet
  facet normal 0 0 1
    outer loop
      vertex 3.83961 -0.533553 3.75
      vertex 3.81342 -0.721774 3.75
      vertex 3.81494 -0.719325 3.75
    endloop
  endfacet
  facet normal 0 0 1
    outer loop
      vertex 3.79003 -0.759582 3.75
      vertex 3.83961 -0.533553 3.75
      vertex 3.81003 -0.449008 3.75
    endloop
  endfacet
  facet normal 0 0 1
    outer loop
      vertex 3.75502 -0.841207 3.75
      vertex 3.81003 -0.449008 3.75
      vertex 3.8 -0.36 3.75
    endloop
  endfacet
  facet normal 0 0 1
    outer loop
      vertex 3.83961 -0.533553 3.75
      vertex 3.79003 -0.759582 3.75
      vertex 3.81342 -0.721774 3.75
    endloop
  endfacet
  facet normal -0.0713517 -0.997451 0
    outer loop
      vertex 4.1 5.1 3.75
      vertex 4.24231 5.08982 4.25
      vertex 4.1 5.1 4.25
    endloop
  endfacet
  facet normal -0.0713517 -0.997451 -0
    outer loop
      vertex 4.24231 5.08982 4.25
      vertex 4.1 5.1 3.75
      vertex 4.24231 5.08982 3.75
    endloop
  endfacet
  facet normal -0.212572 -0.977145 0
    outer loop
      vertex 4.24231 5.08982 3.75
      vertex 4.38173 5.05949 4.25
      vertex 4.24231 5.08982 4.25
    endloop
  endfacet
  facet normal -0.212572 -0.977145 -0
    outer loop
      vertex 4.38173 5.05949 4.25
      vertex 4.24231 5.08982 3.75
      vertex 4.38173 5.05949 3.75
    endloop
  endfacet
  facet normal -0.349441 -0.936958 0
    outer loop
      vertex 4.38173 5.05949 3.75
      vertex 4.51542 5.00963 4.25
      vertex 4.38173 5.05949 4.25
    endloop
  endfacet
  facet normal -0.349441 -0.936958 -0
    outer loop
      vertex 4.51542 5.00963 4.25
      vertex 4.38173 5.05949 3.75
      vertex 4.51542 5.00963 3.75
    endloop
  endfacet
  facet normal -0.479274 -0.877665 0
    outer loop
      vertex 4.51542 5.00963 3.75
      vertex 4.64064 4.94125 4.25
      vertex 4.51542 5.00963 4.25
    endloop
  endfacet
  facet normal -0.479274 -0.877665 -0
    outer loop
      vertex 4.64064 4.94125 4.25
      vertex 4.51542 5.00963 3.75
      vertex 4.64064 4.94125 3.75
    endloop
  endfacet
  facet normal -0.59926 -0.800555 0
    outer loop
      vertex 4.64064 4.94125 3.75
      vertex 4.75486 4.85575 4.25
      vertex 4.64064 4.94125 4.25
    endloop
  endfacet
  facet normal -0.59926 -0.800555 -0
    outer loop
      vertex 4.75486 4.85575 4.25
      vertex 4.64064 4.94125 3.75
      vertex 4.75486 4.85575 3.75
    endloop
  endfacet
  facet normal -0.707107 -0.707107 0
    outer loop
      vertex 4.85575 4.75486 3.75
      vertex 4.75486 4.85575 4.25
      vertex 4.75486 4.85575 3.75
    endloop
  endfacet
  facet normal -0.707107 -0.707107 0
    outer loop
      vertex 4.75486 4.85575 4.25
      vertex 4.85575 4.75486 3.75
      vertex 4.85575 4.75486 4.25
    endloop
  endfacet
  facet normal -0.800555 -0.59926 0
    outer loop
      vertex 4.94125 4.64064 3.75
      vertex 4.85575 4.75486 4.25
      vertex 4.85575 4.75486 3.75
    endloop
  endfacet
  facet normal -0.800555 -0.59926 0
    outer loop
      vertex 4.85575 4.75486 4.25
      vertex 4.94125 4.64064 3.75
      vertex 4.94125 4.64064 4.25
    endloop
  endfacet
  facet normal -0.877665 -0.479274 0
    outer loop
      vertex 5.00963 4.51542 3.75
      vertex 4.94125 4.64064 4.25
      vertex 4.94125 4.64064 3.75
    endloop
  endfacet
  facet normal -0.877665 -0.479274 0
    outer loop
      vertex 4.94125 4.64064 4.25
      vertex 5.00963 4.51542 3.75
      vertex 5.00963 4.51542 4.25
    endloop
  endfacet
  facet normal -0.936958 -0.349441 0
    outer loop
      vertex 5.05949 4.38173 3.75
      vertex 5.00963 4.51542 4.25
      vertex 5.00963 4.51542 3.75
    endloop
  endfacet
  facet normal -0.936958 -0.349441 0
    outer loop
      vertex 5.00963 4.51542 4.25
      vertex 5.05949 4.38173 3.75
      vertex 5.05949 4.38173 4.25
    endloop
  endfacet
  facet normal -0.977145 -0.212572 0
    outer loop
      vertex 5.08982 4.24231 3.75
      vertex 5.05949 4.38173 4.25
      vertex 5.05949 4.38173 3.75
    endloop
  endfacet
  facet normal -0.977145 -0.212572 0
    outer loop
      vertex 5.05949 4.38173 4.25
      vertex 5.08982 4.24231 3.75
      vertex 5.08982 4.24231 4.25
    endloop
  endfacet
  facet normal -0.997451 -0.0713517 0
    outer loop
      vertex 5.1 4.1 3.75
      vertex 5.08982 4.24231 4.25
      vertex 5.08982 4.24231 3.75
    endloop
  endfacet
  facet normal -0.997451 -0.0713517 0
    outer loop
      vertex 5.08982 4.24231 4.25
      vertex 5.1 4.1 3.75
      vertex 5.1 4.1 4.25
    endloop
  endfacet
  facet normal -1 0 0
    outer loop
      vertex 5.1 -4.1 3.75
      vertex 5.1 4.1 4.25
      vertex 5.1 4.1 3.75
    endloop
  endfacet
  facet normal -1 -0 0
    outer loop
      vertex 5.1 4.1 4.25
      vertex 5.1 -4.1 3.75
      vertex 5.1 -4.1 4.25
    endloop
  endfacet
  facet normal -0.997451 0.0713517 0
    outer loop
      vertex 5.08982 -4.24231 3.75
      vertex 5.1 -4.1 4.25
      vertex 5.1 -4.1 3.75
    endloop
  endfacet
  facet normal -0.997451 0.0713517 0
    outer loop
      vertex 5.1 -4.1 4.25
      vertex 5.08982 -4.24231 3.75
      vertex 5.08982 -4.24231 4.25
    endloop
  endfacet
  facet normal -0.977145 0.212572 0
    outer loop
      vertex 5.05949 -4.38173 3.75
      vertex 5.08982 -4.24231 4.25
      vertex 5.08982 -4.24231 3.75
    endloop
  endfacet
  facet normal -0.977145 0.212572 0
    outer loop
      vertex 5.08982 -4.24231 4.25
      vertex 5.05949 -4.38173 3.75
      vertex 5.05949 -4.38173 4.25
    endloop
  endfacet
  facet normal -0.936958 0.349441 0
    outer loop
      vertex 5.00963 -4.51542 3.75
      vertex 5.05949 -4.38173 4.25
      vertex 5.05949 -4.38173 3.75
    endloop
  endfacet
  facet normal -0.936958 0.349441 0
    outer loop
      vertex 5.05949 -4.38173 4.25
      vertex 5.00963 -4.51542 3.75
      vertex 5.00963 -4.51542 4.25
    endloop
  endfacet
  facet normal -0.877665 0.479274 0
    outer loop
      vertex 4.94125 -4.64064 3.75
      vertex 5.00963 -4.51542 4.25
      vertex 5.00963 -4.51542 3.75
    endloop
  endfacet
  facet normal -0.877665 0.479274 0
    outer loop
      vertex 5.00963 -4.51542 4.25
      vertex 4.94125 -4.64064 3.75
      vertex 4.94125 -4.64064 4.25
    endloop
  endfacet
  facet normal -0.800555 0.59926 0
    outer loop
      vertex 4.85575 -4.75486 3.75
      vertex 4.94125 -4.64064 4.25
      vertex 4.94125 -4.64064 3.75
    endloop
  endfacet
  facet normal -0.800555 0.59926 0
    outer loop
      vertex 4.94125 -4.64064 4.25
      vertex 4.85575 -4.75486 3.75
      vertex 4.85575 -4.75486 4.25
    endloop
  endfacet
  facet normal -0.707107 0.707107 0
    outer loop
      vertex 4.75486 -4.85575 3.75
      vertex 4.85575 -4.75486 4.25
      vertex 4.85575 -4.75486 3.75
    endloop
  endfacet
  facet normal -0.707107 0.707107 0
    outer loop
      vertex 4.85575 -4.75486 4.25
      vertex 4.75486 -4.85575 3.75
      vertex 4.75486 -4.85575 4.25
    endloop
  endfacet
  facet normal -0.59926 0.800555 0
    outer loop
      vertex 4.75486 -4.85575 3.75
      vertex 4.64064 -4.94125 4.25
      vertex 4.75486 -4.85575 4.25
    endloop
  endfacet
  facet normal -0.59926 0.800555 0
    outer loop
      vertex 4.64064 -4.94125 4.25
      vertex 4.75486 -4.85575 3.75
      vertex 4.64064 -4.94125 3.75
    endloop
  endfacet
  facet normal -0.479274 0.877665 0
    outer loop
      vertex 4.64064 -4.94125 3.75
      vertex 4.51542 -5.00963 4.25
      vertex 4.64064 -4.94125 4.25
    endloop
  endfacet
  facet normal -0.479274 0.877665 0
    outer loop
      vertex 4.51542 -5.00963 4.25
      vertex 4.64064 -4.94125 3.75
      vertex 4.51542 -5.00963 3.75
    endloop
  endfacet
  facet normal -0.349441 0.936958 0
    outer loop
      vertex 4.51542 -5.00963 3.75
      vertex 4.38173 -5.05949 4.25
      vertex 4.51542 -5.00963 4.25
    endloop
  endfacet
  facet normal -0.349441 0.936958 0
    outer loop
      vertex 4.38173 -5.05949 4.25
      vertex 4.51542 -5.00963 3.75
      vertex 4.38173 -5.05949 3.75
    endloop
  endfacet
  facet normal -0.212572 0.977145 0
    outer loop
      vertex 4.38173 -5.05949 3.75
      vertex 4.24231 -5.08982 4.25
      vertex 4.38173 -5.05949 4.25
    endloop
  endfacet
  facet normal -0.212572 0.977145 0
    outer loop
      vertex 4.24231 -5.08982 4.25
      vertex 4.38173 -5.05949 3.75
      vertex 4.24231 -5.08982 3.75
    endloop
  endfacet
  facet normal -0.0713517 0.997451 0
    outer loop
      vertex 4.24231 -5.08982 3.75
      vertex 4.1 -5.1 4.25
      vertex 4.24231 -5.08982 4.25
    endloop
  endfacet
  facet normal -0.0713517 0.997451 0
    outer loop
      vertex 4.1 -5.1 4.25
      vertex 4.24231 -5.08982 3.75
      vertex 4.1 -5.1 3.75
    endloop
  endfacet
  facet normal 0 1 -0
    outer loop
      vertex 4.1 -5.1 3.75
      vertex -4.1 -5.1 4.25
      vertex 4.1 -5.1 4.25
    endloop
  endfacet
  facet normal 0 1 0
    outer loop
      vertex -4.1 -5.1 4.25
      vertex 4.1 -5.1 3.75
      vertex -4.1 -5.1 3.75
    endloop
  endfacet
  facet normal 0 -1 0
    outer loop
      vertex -4.1 5.1 3.75
      vertex 4.1 5.1 4.25
      vertex -4.1 5.1 4.25
    endloop
  endfacet
  facet normal 0 -1 -0
    outer loop
      vertex 4.1 5.1 4.25
      vertex -4.1 5.1 3.75
      vertex 4.1 5.1 3.75
    endloop
  endfacet
  facet normal 0.997451 -0.0713517 0
    outer loop
      vertex -5.1 4.1 4.25
      vertex -5.08982 4.24231 3.75
      vertex -5.08982 4.24231 4.25
    endloop
  endfacet
  facet normal 0.997451 -0.0713517 0
    outer loop
      vertex -5.08982 4.24231 3.75
      vertex -5.1 4.1 4.25
      vertex -5.1 4.1 3.75
    endloop
  endfacet
  facet normal 0.977145 -0.212572 0
    outer loop
      vertex -5.08982 4.24231 4.25
      vertex -5.05949 4.38173 3.75
      vertex -5.05949 4.38173 4.25
    endloop
  endfacet
  facet normal 0.977145 -0.212572 0
    outer loop
      vertex -5.05949 4.38173 3.75
      vertex -5.08982 4.24231 4.25
      vertex -5.08982 4.24231 3.75
    endloop
  endfacet
  facet normal 0.936958 -0.349441 0
    outer loop
      vertex -5.05949 4.38173 4.25
      vertex -5.00963 4.51542 3.75
      vertex -5.00963 4.51542 4.25
    endloop
  endfacet
  facet normal 0.936958 -0.349441 0
    outer loop
      vertex -5.00963 4.51542 3.75
      vertex -5.05949 4.38173 4.25
      vertex -5.05949 4.38173 3.75
    endloop
  endfacet
  facet normal 0.877665 -0.479274 0
    outer loop
      vertex -5.00963 4.51542 4.25
      vertex -4.94125 4.64064 3.75
      vertex -4.94125 4.64064 4.25
    endloop
  endfacet
  facet normal 0.877665 -0.479274 0
    outer loop
      vertex -4.94125 4.64064 3.75
      vertex -5.00963 4.51542 4.25
      vertex -5.00963 4.51542 3.75
    endloop
  endfacet
  facet normal 0.800555 -0.59926 0
    outer loop
      vertex -4.94125 4.64064 4.25
      vertex -4.85575 4.75486 3.75
      vertex -4.85575 4.75486 4.25
    endloop
  endfacet
  facet normal 0.800555 -0.59926 0
    outer loop
      vertex -4.85575 4.75486 3.75
      vertex -4.94125 4.64064 4.25
      vertex -4.94125 4.64064 3.75
    endloop
  endfacet
  facet normal 0.707107 -0.707107 0
    outer loop
      vertex -4.85575 4.75486 4.25
      vertex -4.75486 4.85575 3.75
      vertex -4.75486 4.85575 4.25
    endloop
  endfacet
  facet normal 0.707107 -0.707107 0
    outer loop
      vertex -4.75486 4.85575 3.75
      vertex -4.85575 4.75486 4.25
      vertex -4.85575 4.75486 3.75
    endloop
  endfacet
  facet normal 0.59926 -0.800555 0
    outer loop
      vertex -4.75486 4.85575 3.75
      vertex -4.64064 4.94125 4.25
      vertex -4.75486 4.85575 4.25
    endloop
  endfacet
  facet normal 0.59926 -0.800555 0
    outer loop
      vertex -4.64064 4.94125 4.25
      vertex -4.75486 4.85575 3.75
      vertex -4.64064 4.94125 3.75
    endloop
  endfacet
  facet normal 0.479274 -0.877665 0
    outer loop
      vertex -4.64064 4.94125 3.75
      vertex -4.51542 5.00963 4.25
      vertex -4.64064 4.94125 4.25
    endloop
  endfacet
  facet normal 0.479274 -0.877665 0
    outer loop
      vertex -4.51542 5.00963 4.25
      vertex -4.64064 4.94125 3.75
      vertex -4.51542 5.00963 3.75
    endloop
  endfacet
  facet normal 0.349441 -0.936958 0
    outer loop
      vertex -4.51542 5.00963 3.75
      vertex -4.38173 5.05949 4.25
      vertex -4.51542 5.00963 4.25
    endloop
  endfacet
  facet normal 0.349441 -0.936958 0
    outer loop
      vertex -4.38173 5.05949 4.25
      vertex -4.51542 5.00963 3.75
      vertex -4.38173 5.05949 3.75
    endloop
  endfacet
  facet normal 0.212572 -0.977145 0
    outer loop
      vertex -4.38173 5.05949 3.75
      vertex -4.24231 5.08982 4.25
      vertex -4.38173 5.05949 4.25
    endloop
  endfacet
  facet normal 0.212572 -0.977145 0
    outer loop
      vertex -4.24231 5.08982 4.25
      vertex -4.38173 5.05949 3.75
      vertex -4.24231 5.08982 3.75
    endloop
  endfacet
  facet normal 0.0713517 -0.997451 0
    outer loop
      vertex -4.24231 5.08982 3.75
      vertex -4.1 5.1 4.25
      vertex -4.24231 5.08982 4.25
    endloop
  endfacet
  facet normal 0.0713517 -0.997451 0
    outer loop
      vertex -4.1 5.1 4.25
      vertex -4.24231 5.08982 3.75
      vertex -4.1 5.1 3.75
    endloop
  endfacet
  facet normal 1 -0 0
    outer loop
      vertex -5.1 -4.1 4.25
      vertex -5.1 4.1 3.75
      vertex -5.1 4.1 4.25
    endloop
  endfacet
  facet normal 1 0 0
    outer loop
      vertex -5.1 4.1 3.75
      vertex -5.1 -4.1 4.25
      vertex -5.1 -4.1 3.75
    endloop
  endfacet
  facet normal 0.0713517 0.997451 -0
    outer loop
      vertex -4.1 -5.1 3.75
      vertex -4.24231 -5.08982 4.25
      vertex -4.1 -5.1 4.25
    endloop
  endfacet
  facet normal 0.0713517 0.997451 0
    outer loop
      vertex -4.24231 -5.08982 4.25
      vertex -4.1 -5.1 3.75
      vertex -4.24231 -5.08982 3.75
    endloop
  endfacet
  facet normal 0.212572 0.977145 -0
    outer loop
      vertex -4.24231 -5.08982 3.75
      vertex -4.38173 -5.05949 4.25
      vertex -4.24231 -5.08982 4.25
    endloop
  endfacet
  facet normal 0.212572 0.977145 0
    outer loop
      vertex -4.38173 -5.05949 4.25
      vertex -4.24231 -5.08982 3.75
      vertex -4.38173 -5.05949 3.75
    endloop
  endfacet
  facet normal 0.349441 0.936958 -0
    outer loop
      vertex -4.38173 -5.05949 3.75
      vertex -4.51542 -5.00963 4.25
      vertex -4.38173 -5.05949 4.25
    endloop
  endfacet
  facet normal 0.349441 0.936958 0
    outer loop
      vertex -4.51542 -5.00963 4.25
      vertex -4.38173 -5.05949 3.75
      vertex -4.51542 -5.00963 3.75
    endloop
  endfacet
  facet normal 0.479274 0.877665 -0
    outer loop
      vertex -4.51542 -5.00963 3.75
      vertex -4.64064 -4.94125 4.25
      vertex -4.51542 -5.00963 4.25
    endloop
  endfacet
  facet normal 0.479274 0.877665 0
    outer loop
      vertex -4.64064 -4.94125 4.25
      vertex -4.51542 -5.00963 3.75
      vertex -4.64064 -4.94125 3.75
    endloop
  endfacet
  facet normal 0.59926 0.800555 -0
    outer loop
      vertex -4.64064 -4.94125 3.75
      vertex -4.75486 -4.85575 4.25
      vertex -4.64064 -4.94125 4.25
    endloop
  endfacet
  facet normal 0.59926 0.800555 0
    outer loop
      vertex -4.75486 -4.85575 4.25
      vertex -4.64064 -4.94125 3.75
      vertex -4.75486 -4.85575 3.75
    endloop
  endfacet
  facet normal 0.707107 0.707107 0
    outer loop
      vertex -4.75486 -4.85575 4.25
      vertex -4.85575 -4.75486 3.75
      vertex -4.85575 -4.75486 4.25
    endloop
  endfacet
  facet normal 0.707107 0.707107 0
    outer loop
      vertex -4.85575 -4.75486 3.75
      vertex -4.75486 -4.85575 4.25
      vertex -4.75486 -4.85575 3.75
    endloop
  endfacet
  facet normal 0.800555 0.59926 0
    outer loop
      vertex -4.85575 -4.75486 4.25
      vertex -4.94125 -4.64064 3.75
      vertex -4.94125 -4.64064 4.25
    endloop
  endfacet
  facet normal 0.800555 0.59926 0
    outer loop
      vertex -4.94125 -4.64064 3.75
      vertex -4.85575 -4.75486 4.25
      vertex -4.85575 -4.75486 3.75
    endloop
  endfacet
  facet normal 0.877665 0.479274 0
    outer loop
      vertex -4.94125 -4.64064 4.25
      vertex -5.00963 -4.51542 3.75
      vertex -5.00963 -4.51542 4.25
    endloop
  endfacet
  facet normal 0.877665 0.479274 0
    outer loop
      vertex -5.00963 -4.51542 3.75
      vertex -4.94125 -4.64064 4.25
      vertex -4.94125 -4.64064 3.75
    endloop
  endfacet
  facet normal 0.936958 0.349441 0
    outer loop
      vertex -5.00963 -4.51542 4.25
      vertex -5.05949 -4.38173 3.75
      vertex -5.05949 -4.38173 4.25
    endloop
  endfacet
  facet normal 0.936958 0.349441 0
    outer loop
      vertex -5.05949 -4.38173 3.75
      vertex -5.00963 -4.51542 4.25
      vertex -5.00963 -4.51542 3.75
    endloop
  endfacet
  facet normal 0.977145 0.212572 0
    outer loop
      vertex -5.05949 -4.38173 4.25
      vertex -5.08982 -4.24231 3.75
      vertex -5.08982 -4.24231 4.25
    endloop
  endfacet
  facet normal 0.977145 0.212572 0
    outer loop
      vertex -5.08982 -4.24231 3.75
      vertex -5.05949 -4.38173 4.25
      vertex -5.05949 -4.38173 3.75
    endloop
  endfacet
  facet normal 0.997451 0.0713517 0
    outer loop
      vertex -5.08982 -4.24231 4.25
      vertex -5.1 -4.1 3.75
      vertex -5.1 -4.1 4.25
    endloop
  endfacet
  facet normal 0.997451 0.0713517 0
    outer loop
      vertex -5.1 -4.1 3.75
      vertex -5.08982 -4.24231 4.25
      vertex -5.08982 -4.24231 3.75
    endloop
  endfacet
  facet normal 0 1 -0
    outer loop
      vertex 4.1 5.6 0
      vertex -4.1 5.6 4.25
      vertex 4.1 5.6 4.25
    endloop
  endfacet
  facet normal 0 1 0
    outer loop
      vertex -4.1 5.6 4.25
      vertex 4.1 5.6 0
      vertex -4.1 5.6 0
    endloop
  endfacet
  facet normal 0.998427 0.0560594 0
    outer loop
      vertex 5.6 4.1 4.25
      vertex 5.59057 4.26795 0
      vertex 5.59057 4.26795 4.25
    endloop
  endfacet
  facet normal 0.998427 0.0560594 0
    outer loop
      vertex 5.59057 4.26795 0
      vertex 5.6 4.1 4.25
      vertex 5.6 4.1 0
    endloop
  endfacet
  facet normal 0.985867 0.167531 0
    outer loop
      vertex 5.59057 4.26795 4.25
      vertex 5.56239 4.43378 0
      vertex 5.56239 4.43378 4.25
    endloop
  endfacet
  facet normal 0.985867 0.167531 0
    outer loop
      vertex 5.56239 4.43378 0
      vertex 5.59057 4.26795 4.25
      vertex 5.59057 4.26795 0
    endloop
  endfacet
  facet normal 0.960914 0.276848 0
    outer loop
      vertex 5.56239 4.43378 4.25
      vertex 5.51582 4.59542 0
      vertex 5.51582 4.59542 4.25
    endloop
  endfacet
  facet normal 0.960914 0.276848 0
    outer loop
      vertex 5.51582 4.59542 0
      vertex 5.56239 4.43378 4.25
      vertex 5.56239 4.43378 0
    endloop
  endfacet
  facet normal 0.923877 0.38269 0
    outer loop
      vertex 5.51582 4.59542 4.25
      vertex 5.45145 4.75082 0
      vertex 5.45145 4.75082 4.25
    endloop
  endfacet
  facet normal 0.923877 0.38269 0
    outer loop
      vertex 5.45145 4.75082 0
      vertex 5.51582 4.59542 4.25
      vertex 5.51582 4.59542 0
    endloop
  endfacet
  facet normal 0.875251 0.483668 0
    outer loop
      vertex 5.45145 4.75082 4.25
      vertex 5.37009 4.89805 0
      vertex 5.37009 4.89805 4.25
    endloop
  endfacet
  facet normal 0.875251 0.483668 0
    outer loop
      vertex 5.37009 4.89805 0
      vertex 5.45145 4.75082 4.25
      vertex 5.45145 4.75082 0
    endloop
  endfacet
  facet normal 0.815545 0.578693 0
    outer loop
      vertex 5.37009 4.89805 4.25
      vertex 5.27275 5.03523 0
      vertex 5.27275 5.03523 4.25
    endloop
  endfacet
  facet normal 0.815545 0.578693 0
    outer loop
      vertex 5.27275 5.03523 0
      vertex 5.37009 4.89805 4.25
      vertex 5.37009 4.89805 0
    endloop
  endfacet
  facet normal 0.745645 0.666343 0
    outer loop
      vertex 5.27275 5.03523 4.25
      vertex 5.16066 5.16066 0
      vertex 5.16066 5.16066 4.25
    endloop
  endfacet
  facet normal 0.745645 0.666343 0
    outer loop
      vertex 5.16066 5.16066 0
      vertex 5.27275 5.03523 4.25
      vertex 5.27275 5.03523 0
    endloop
  endfacet
  facet normal 0.666343 0.745645 -0
    outer loop
      vertex 5.16066 5.16066 0
      vertex 5.03523 5.27275 4.25
      vertex 5.16066 5.16066 4.25
    endloop
  endfacet
  facet normal 0.666343 0.745645 0
    outer loop
      vertex 5.03523 5.27275 4.25
      vertex 5.16066 5.16066 0
      vertex 5.03523 5.27275 0
    endloop
  endfacet
  facet normal 0.578693 0.815545 -0
    outer loop
      vertex 5.03523 5.27275 0
      vertex 4.89805 5.37009 4.25
      vertex 5.03523 5.27275 4.25
    endloop
  endfacet
  facet normal 0.578693 0.815545 0
    outer loop
      vertex 4.89805 5.37009 4.25
      vertex 5.03523 5.27275 0
      vertex 4.89805 5.37009 0
    endloop
  endfacet
  facet normal 0.483668 0.875251 -0
    outer loop
      vertex 4.89805 5.37009 0
      vertex 4.75082 5.45145 4.25
      vertex 4.89805 5.37009 4.25
    endloop
  endfacet
  facet normal 0.483668 0.875251 0
    outer loop
      vertex 4.75082 5.45145 4.25
      vertex 4.89805 5.37009 0
      vertex 4.75082 5.45145 0
    endloop
  endfacet
  facet normal 0.38269 0.923877 -0
    outer loop
      vertex 4.75082 5.45145 0
      vertex 4.59542 5.51582 4.25
      vertex 4.75082 5.45145 4.25
    endloop
  endfacet
  facet normal 0.38269 0.923877 0
    outer loop
      vertex 4.59542 5.51582 4.25
      vertex 4.75082 5.45145 0
      vertex 4.59542 5.51582 0
    endloop
  endfacet
  facet normal 0.276848 0.960914 -0
    outer loop
      vertex 4.59542 5.51582 0
      vertex 4.43378 5.56239 4.25
      vertex 4.59542 5.51582 4.25
    endloop
  endfacet
  facet normal 0.276848 0.960914 0
    outer loop
      vertex 4.43378 5.56239 4.25
      vertex 4.59542 5.51582 0
      vertex 4.43378 5.56239 0
    endloop
  endfacet
  facet normal 0.167531 0.985867 -0
    outer loop
      vertex 4.43378 5.56239 0
      vertex 4.26795 5.59057 4.25
      vertex 4.43378 5.56239 4.25
    endloop
  endfacet
  facet normal 0.167531 0.985867 0
    outer loop
      vertex 4.26795 5.59057 4.25
      vertex 4.43378 5.56239 0
      vertex 4.26795 5.59057 0
    endloop
  endfacet
  facet normal 0.0560594 0.998427 -0
    outer loop
      vertex 4.26795 5.59057 0
      vertex 4.1 5.6 4.25
      vertex 4.26795 5.59057 4.25
    endloop
  endfacet
  facet normal 0.0560594 0.998427 0
    outer loop
      vertex 4.1 5.6 4.25
      vertex 4.26795 5.59057 0
      vertex 4.1 5.6 0
    endloop
  endfacet
  facet normal 1 -0 0
    outer loop
      vertex 5.6 -4.1 4.25
      vertex 5.6 4.1 0
      vertex 5.6 4.1 4.25
    endloop
  endfacet
  facet normal 1 0 0
    outer loop
      vertex 5.6 4.1 0
      vertex 5.6 -4.1 4.25
      vertex 5.6 -4.1 0
    endloop
  endfacet
  facet normal 0.0560594 -0.998427 0
    outer loop
      vertex 4.1 -5.6 0
      vertex 4.26795 -5.59057 4.25
      vertex 4.1 -5.6 4.25
    endloop
  endfacet
  facet normal 0.0560594 -0.998427 0
    outer loop
      vertex 4.26795 -5.59057 4.25
      vertex 4.1 -5.6 0
      vertex 4.26795 -5.59057 0
    endloop
  endfacet
  facet normal 0.167531 -0.985867 0
    outer loop
      vertex 4.26795 -5.59057 0
      vertex 4.43378 -5.56239 4.25
      vertex 4.26795 -5.59057 4.25
    endloop
  endfacet
  facet normal 0.167531 -0.985867 0
    outer loop
      vertex 4.43378 -5.56239 4.25
      vertex 4.26795 -5.59057 0
      vertex 4.43378 -5.56239 0
    endloop
  endfacet
  facet normal 0.276848 -0.960914 0
    outer loop
      vertex 4.43378 -5.56239 0
      vertex 4.59542 -5.51582 4.25
      vertex 4.43378 -5.56239 4.25
    endloop
  endfacet
  facet normal 0.276848 -0.960914 0
    outer loop
      vertex 4.59542 -5.51582 4.25
      vertex 4.43378 -5.56239 0
      vertex 4.59542 -5.51582 0
    endloop
  endfacet
  facet normal 0.38269 -0.923877 0
    outer loop
      vertex 4.59542 -5.51582 0
      vertex 4.75082 -5.45145 4.25
      vertex 4.59542 -5.51582 4.25
    endloop
  endfacet
  facet normal 0.38269 -0.923877 0
    outer loop
      vertex 4.75082 -5.45145 4.25
      vertex 4.59542 -5.51582 0
      vertex 4.75082 -5.45145 0
    endloop
  endfacet
  facet normal 0.483668 -0.875251 0
    outer loop
      vertex 4.75082 -5.45145 0
      vertex 4.89805 -5.37009 4.25
      vertex 4.75082 -5.45145 4.25
    endloop
  endfacet
  facet normal 0.483668 -0.875251 0
    outer loop
      vertex 4.89805 -5.37009 4.25
      vertex 4.75082 -5.45145 0
      vertex 4.89805 -5.37009 0
    endloop
  endfacet
  facet normal 0.578693 -0.815545 0
    outer loop
      vertex 4.89805 -5.37009 0
      vertex 5.03523 -5.27275 4.25
      vertex 4.89805 -5.37009 4.25
    endloop
  endfacet
  facet normal 0.578693 -0.815545 0
    outer loop
      vertex 5.03523 -5.27275 4.25
      vertex 4.89805 -5.37009 0
      vertex 5.03523 -5.27275 0
    endloop
  endfacet
  facet normal 0.666343 -0.745645 0
    outer loop
      vertex 5.03523 -5.27275 0
      vertex 5.16066 -5.16066 4.25
      vertex 5.03523 -5.27275 4.25
    endloop
  endfacet
  facet normal 0.666343 -0.745645 0
    outer loop
      vertex 5.16066 -5.16066 4.25
      vertex 5.03523 -5.27275 0
      vertex 5.16066 -5.16066 0
    endloop
  endfacet
  facet normal 0.745645 -0.666343 0
    outer loop
      vertex 5.16066 -5.16066 4.25
      vertex 5.27275 -5.03523 0
      vertex 5.27275 -5.03523 4.25
    endloop
  endfacet
  facet normal 0.745645 -0.666343 0
    outer loop
      vertex 5.27275 -5.03523 0
      vertex 5.16066 -5.16066 4.25
      vertex 5.16066 -5.16066 0
    endloop
  endfacet
  facet normal 0.815545 -0.578693 0
    outer loop
      vertex 5.27275 -5.03523 4.25
      vertex 5.37009 -4.89805 0
      vertex 5.37009 -4.89805 4.25
    endloop
  endfacet
  facet normal 0.815545 -0.578693 0
    outer loop
      vertex 5.37009 -4.89805 0
      vertex 5.27275 -5.03523 4.25
      vertex 5.27275 -5.03523 0
    endloop
  endfacet
  facet normal 0.875251 -0.483668 0
    outer loop
      vertex 5.37009 -4.89805 4.25
      vertex 5.45145 -4.75082 0
      vertex 5.45145 -4.75082 4.25
    endloop
  endfacet
  facet normal 0.875251 -0.483668 0
    outer loop
      vertex 5.45145 -4.75082 0
      vertex 5.37009 -4.89805 4.25
      vertex 5.37009 -4.89805 0
    endloop
  endfacet
  facet normal 0.923877 -0.38269 0
    outer loop
      vertex 5.45145 -4.75082 4.25
      vertex 5.51582 -4.59542 0
      vertex 5.51582 -4.59542 4.25
    endloop
  endfacet
  facet normal 0.923877 -0.38269 0
    outer loop
      vertex 5.51582 -4.59542 0
      vertex 5.45145 -4.75082 4.25
      vertex 5.45145 -4.75082 0
    endloop
  endfacet
  facet normal 0.960914 -0.276848 0
    outer loop
      vertex 5.51582 -4.59542 4.25
      vertex 5.56239 -4.43378 0
      vertex 5.56239 -4.43378 4.25
    endloop
  endfacet
  facet normal 0.960914 -0.276848 0
    outer loop
      vertex 5.56239 -4.43378 0
      vertex 5.51582 -4.59542 4.25
      vertex 5.51582 -4.59542 0
    endloop
  endfacet
  facet normal 0.985867 -0.167531 0
    outer loop
      vertex 5.56239 -4.43378 4.25
      vertex 5.59057 -4.26795 0
      vertex 5.59057 -4.26795 4.25
    endloop
  endfacet
  facet normal 0.985867 -0.167531 0
    outer loop
      vertex 5.59057 -4.26795 0
      vertex 5.56239 -4.43378 4.25
      vertex 5.56239 -4.43378 0
    endloop
  endfacet
  facet normal 0.998427 -0.0560594 0
    outer loop
      vertex 5.59057 -4.26795 4.25
      vertex 5.6 -4.1 0
      vertex 5.6 -4.1 4.25
    endloop
  endfacet
  facet normal 0.998427 -0.0560594 0
    outer loop
      vertex 5.6 -4.1 0
      vertex 5.59057 -4.26795 4.25
      vertex 5.59057 -4.26795 0
    endloop
  endfacet
  facet normal 0 -1 0
    outer loop
      vertex -4.1 -5.6 0
      vertex 4.1 -5.6 4.25
      vertex -4.1 -5.6 4.25
    endloop
  endfacet
  facet normal 0 -1 -0
    outer loop
      vertex 4.1 -5.6 4.25
      vertex -4.1 -5.6 0
      vertex 4.1 -5.6 0
    endloop
  endfacet
  facet normal -0.998427 -0.0560594 0
    outer loop
      vertex -5.59057 -4.26795 0
      vertex -5.6 -4.1 4.25
      vertex -5.6 -4.1 0
    endloop
  endfacet
  facet normal -0.998427 -0.0560594 0
    outer loop
      vertex -5.6 -4.1 4.25
      vertex -5.59057 -4.26795 0
      vertex -5.59057 -4.26795 4.25
    endloop
  endfacet
  facet normal -0.985867 -0.167531 0
    outer loop
      vertex -5.56239 -4.43378 0
      vertex -5.59057 -4.26795 4.25
      vertex -5.59057 -4.26795 0
    endloop
  endfacet
  facet normal -0.985867 -0.167531 0
    outer loop
      vertex -5.59057 -4.26795 4.25
      vertex -5.56239 -4.43378 0
      vertex -5.56239 -4.43378 4.25
    endloop
  endfacet
  facet normal -0.960914 -0.276848 0
    outer loop
      vertex -5.51582 -4.59542 0
      vertex -5.56239 -4.43378 4.25
      vertex -5.56239 -4.43378 0
    endloop
  endfacet
  facet normal -0.960914 -0.276848 0
    outer loop
      vertex -5.56239 -4.43378 4.25
      vertex -5.51582 -4.59542 0
      vertex -5.51582 -4.59542 4.25
    endloop
  endfacet
  facet normal -0.923877 -0.38269 0
    outer loop
      vertex -5.45145 -4.75082 0
      vertex -5.51582 -4.59542 4.25
      vertex -5.51582 -4.59542 0
    endloop
  endfacet
  facet normal -0.923877 -0.38269 0
    outer loop
      vertex -5.51582 -4.59542 4.25
      vertex -5.45145 -4.75082 0
      vertex -5.45145 -4.75082 4.25
    endloop
  endfacet
  facet normal -0.875251 -0.483668 0
    outer loop
      vertex -5.37009 -4.89805 0
      vertex -5.45145 -4.75082 4.25
      vertex -5.45145 -4.75082 0
    endloop
  endfacet
  facet normal -0.875251 -0.483668 0
    outer loop
      vertex -5.45145 -4.75082 4.25
      vertex -5.37009 -4.89805 0
      vertex -5.37009 -4.89805 4.25
    endloop
  endfacet
  facet normal -0.815545 -0.578693 0
    outer loop
      vertex -5.27275 -5.03523 0
      vertex -5.37009 -4.89805 4.25
      vertex -5.37009 -4.89805 0
    endloop
  endfacet
  facet normal -0.815545 -0.578693 0
    outer loop
      vertex -5.37009 -4.89805 4.25
      vertex -5.27275 -5.03523 0
      vertex -5.27275 -5.03523 4.25
    endloop
  endfacet
  facet normal -0.745645 -0.666343 0
    outer loop
      vertex -5.16066 -5.16066 0
      vertex -5.27275 -5.03523 4.25
      vertex -5.27275 -5.03523 0
    endloop
  endfacet
  facet normal -0.745645 -0.666343 0
    outer loop
      vertex -5.27275 -5.03523 4.25
      vertex -5.16066 -5.16066 0
      vertex -5.16066 -5.16066 4.25
    endloop
  endfacet
  facet normal -0.666343 -0.745645 0
    outer loop
      vertex -5.16066 -5.16066 0
      vertex -5.03523 -5.27275 4.25
      vertex -5.16066 -5.16066 4.25
    endloop
  endfacet
  facet normal -0.666343 -0.745645 -0
    outer loop
      vertex -5.03523 -5.27275 4.25
      vertex -5.16066 -5.16066 0
      vertex -5.03523 -5.27275 0
    endloop
  endfacet
  facet normal -0.578693 -0.815545 0
    outer loop
      vertex -5.03523 -5.27275 0
      vertex -4.89805 -5.37009 4.25
      vertex -5.03523 -5.27275 4.25
    endloop
  endfacet
  facet normal -0.578693 -0.815545 -0
    outer loop
      vertex -4.89805 -5.37009 4.25
      vertex -5.03523 -5.27275 0
      vertex -4.89805 -5.37009 0
    endloop
  endfacet
  facet normal -0.483668 -0.875251 0
    outer loop
      vertex -4.89805 -5.37009 0
      vertex -4.75082 -5.45145 4.25
      vertex -4.89805 -5.37009 4.25
    endloop
  endfacet
  facet normal -0.483668 -0.875251 -0
    outer loop
      vertex -4.75082 -5.45145 4.25
      vertex -4.89805 -5.37009 0
      vertex -4.75082 -5.45145 0
    endloop
  endfacet
  facet normal -0.38269 -0.923877 0
    outer loop
      vertex -4.75082 -5.45145 0
      vertex -4.59542 -5.51582 4.25
      vertex -4.75082 -5.45145 4.25
    endloop
  endfacet
  facet normal -0.38269 -0.923877 -0
    outer loop
      vertex -4.59542 -5.51582 4.25
      vertex -4.75082 -5.45145 0
      vertex -4.59542 -5.51582 0
    endloop
  endfacet
  facet normal -0.276848 -0.960914 0
    outer loop
      vertex -4.59542 -5.51582 0
      vertex -4.43378 -5.56239 4.25
      vertex -4.59542 -5.51582 4.25
    endloop
  endfacet
  facet normal -0.276848 -0.960914 -0
    outer loop
      vertex -4.43378 -5.56239 4.25
      vertex -4.59542 -5.51582 0
      vertex -4.43378 -5.56239 0
    endloop
  endfacet
  facet normal -0.167531 -0.985867 0
    outer loop
      vertex -4.43378 -5.56239 0
      vertex -4.26795 -5.59057 4.25
      vertex -4.43378 -5.56239 4.25
    endloop
  endfacet
  facet normal -0.167531 -0.985867 -0
    outer loop
      vertex -4.26795 -5.59057 4.25
      vertex -4.43378 -5.56239 0
      vertex -4.26795 -5.59057 0
    endloop
  endfacet
  facet normal -0.0560594 -0.998427 0
    outer loop
      vertex -4.26795 -5.59057 0
      vertex -4.1 -5.6 4.25
      vertex -4.26795 -5.59057 4.25
    endloop
  endfacet
  facet normal -0.0560594 -0.998427 -0
    outer loop
      vertex -4.1 -5.6 4.25
      vertex -4.26795 -5.59057 0
      vertex -4.1 -5.6 0
    endloop
  endfacet
  facet normal -1 0 0
    outer loop
      vertex -5.6 -4.1 0
      vertex -5.6 4.1 4.25
      vertex -5.6 4.1 0
    endloop
  endfacet
  facet normal -1 -0 0
    outer loop
      vertex -5.6 4.1 4.25
      vertex -5.6 -4.1 0
      vertex -5.6 -4.1 4.25
    endloop
  endfacet
  facet normal -0.0560594 0.998427 0
    outer loop
      vertex -4.1 5.6 0
      vertex -4.26795 5.59057 4.25
      vertex -4.1 5.6 4.25
    endloop
  endfacet
  facet normal -0.0560594 0.998427 0
    outer loop
      vertex -4.26795 5.59057 4.25
      vertex -4.1 5.6 0
      vertex -4.26795 5.59057 0
    endloop
  endfacet
  facet normal -0.167531 0.985867 0
    outer loop
      vertex -4.26795 5.59057 0
      vertex -4.43378 5.56239 4.25
      vertex -4.26795 5.59057 4.25
    endloop
  endfacet
  facet normal -0.167531 0.985867 0
    outer loop
      vertex -4.43378 5.56239 4.25
      vertex -4.26795 5.59057 0
      vertex -4.43378 5.56239 0
    endloop
  endfacet
  facet normal -0.276848 0.960914 0
    outer loop
      vertex -4.43378 5.56239 0
      vertex -4.59542 5.51582 4.25
      vertex -4.43378 5.56239 4.25
    endloop
  endfacet
  facet normal -0.276848 0.960914 0
    outer loop
      vertex -4.59542 5.51582 4.25
      vertex -4.43378 5.56239 0
      vertex -4.59542 5.51582 0
    endloop
  endfacet
  facet normal -0.38269 0.923877 0
    outer loop
      vertex -4.59542 5.51582 0
      vertex -4.75082 5.45145 4.25
      vertex -4.59542 5.51582 4.25
    endloop
  endfacet
  facet normal -0.38269 0.923877 0
    outer loop
      vertex -4.75082 5.45145 4.25
      vertex -4.59542 5.51582 0
      vertex -4.75082 5.45145 0
    endloop
  endfacet
  facet normal -0.483668 0.875251 0
    outer loop
      vertex -4.75082 5.45145 0
      vertex -4.89805 5.37009 4.25
      vertex -4.75082 5.45145 4.25
    endloop
  endfacet
  facet normal -0.483668 0.875251 0
    outer loop
      vertex -4.89805 5.37009 4.25
      vertex -4.75082 5.45145 0
      vertex -4.89805 5.37009 0
    endloop
  endfacet
  facet normal -0.578693 0.815545 0
    outer loop
      vertex -4.89805 5.37009 0
      vertex -5.03523 5.27275 4.25
      vertex -4.89805 5.37009 4.25
    endloop
  endfacet
  facet normal -0.578693 0.815545 0
    outer loop
      vertex -5.03523 5.27275 4.25
      vertex -4.89805 5.37009 0
      vertex -5.03523 5.27275 0
    endloop
  endfacet
  facet normal -0.666343 0.745645 0
    outer loop
      vertex -5.03523 5.27275 0
      vertex -5.16066 5.16066 4.25
      vertex -5.03523 5.27275 4.25
    endloop
  endfacet
  facet normal -0.666343 0.745645 0
    outer loop
      vertex -5.16066 5.16066 4.25
      vertex -5.03523 5.27275 0
      vertex -5.16066 5.16066 0
    endloop
  endfacet
  facet normal -0.745645 0.666343 0
    outer loop
      vertex -5.27275 5.03523 0
      vertex -5.16066 5.16066 4.25
      vertex -5.16066 5.16066 0
    endloop
  endfacet
  facet normal -0.745645 0.666343 0
    outer loop
      vertex -5.16066 5.16066 4.25
      vertex -5.27275 5.03523 0
      vertex -5.27275 5.03523 4.25
    endloop
  endfacet
  facet normal -0.815545 0.578693 0
    outer loop
      vertex -5.37009 4.89805 0
      vertex -5.27275 5.03523 4.25
      vertex -5.27275 5.03523 0
    endloop
  endfacet
  facet normal -0.815545 0.578693 0
    outer loop
      vertex -5.27275 5.03523 4.25
      vertex -5.37009 4.89805 0
      vertex -5.37009 4.89805 4.25
    endloop
  endfacet
  facet normal -0.875251 0.483668 0
    outer loop
      vertex -5.45145 4.75082 0
      vertex -5.37009 4.89805 4.25
      vertex -5.37009 4.89805 0
    endloop
  endfacet
  facet normal -0.875251 0.483668 0
    outer loop
      vertex -5.37009 4.89805 4.25
      vertex -5.45145 4.75082 0
      vertex -5.45145 4.75082 4.25
    endloop
  endfacet
  facet normal -0.923877 0.38269 0
    outer loop
      vertex -5.51582 4.59542 0
      vertex -5.45145 4.75082 4.25
      vertex -5.45145 4.75082 0
    endloop
  endfacet
  facet normal -0.923877 0.38269 0
    outer loop
      vertex -5.45145 4.75082 4.25
      vertex -5.51582 4.59542 0
      vertex -5.51582 4.59542 4.25
    endloop
  endfacet
  facet normal -0.960914 0.276848 0
    outer loop
      vertex -5.56239 4.43378 0
      vertex -5.51582 4.59542 4.25
      vertex -5.51582 4.59542 0
    endloop
  endfacet
  facet normal -0.960914 0.276848 0
    outer loop
      vertex -5.51582 4.59542 4.25
      vertex -5.56239 4.43378 0
      vertex -5.56239 4.43378 4.25
    endloop
  endfacet
  facet normal -0.985867 0.167531 0
    outer loop
      vertex -5.59057 4.26795 0
      vertex -5.56239 4.43378 4.25
      vertex -5.56239 4.43378 0
    endloop
  endfacet
  facet normal -0.985867 0.167531 0
    outer loop
      vertex -5.56239 4.43378 4.25
      vertex -5.59057 4.26795 0
      vertex -5.59057 4.26795 4.25
    endloop
  endfacet
  facet normal -0.998427 0.0560594 0
    outer loop
      vertex -5.6 4.1 0
      vertex -5.59057 4.26795 4.25
      vertex -5.59057 4.26795 0
    endloop
  endfacet
  facet normal -0.998427 0.0560594 0
    outer loop
      vertex -5.59057 4.26795 4.25
      vertex -5.6 4.1 0
      vertex -5.6 4.1 4.25
    endloop
  endfacet
  facet normal 0 0 1
    outer loop
      vertex 5.1 4.1 4.25
      vertex 5.6 4.1 4.25
      vertex 5.59057 4.26795 4.25
    endloop
  endfacet
  facet normal 0 0 1
    outer loop
      vertex 5.6 4.1 4.25
      vertex 5.1 4.1 4.25
      vertex 5.6 -4.1 4.25
    endloop
  endfacet
  facet normal 0 0 1
    outer loop
      vertex 5.08982 4.24231 4.25
      vertex 5.59057 4.26795 4.25
      vertex 5.56239 4.43378 4.25
    endloop
  endfacet
  facet normal 0 0 1
    outer loop
      vertex 5.1 -4.1 4.25
      vertex 5.6 -4.1 4.25
      vertex 5.1 4.1 4.25
    endloop
  endfacet
  facet normal 0 0 1
    outer loop
      vertex 5.05949 4.38173 4.25
      vertex 5.56239 4.43378 4.25
      vertex 5.51582 4.59542 4.25
    endloop
  endfacet
  facet normal 0 0 1
    outer loop
      vertex 5.6 -4.1 4.25
      vertex 5.1 -4.1 4.25
      vertex 5.59057 -4.26795 4.25
    endloop
  endfacet
  facet normal 0 0 1
    outer loop
      vertex 5.00963 4.51542 4.25
      vertex 5.51582 4.59542 4.25
      vertex 5.45145 4.75082 4.25
    endloop
  endfacet
  facet normal -0 0 1
    outer loop
      vertex 5.08982 -4.24231 4.25
      vertex 5.59057 -4.26795 4.25
      vertex 5.1 -4.1 4.25
    endloop
  endfacet
  facet normal 0 0 1
    outer loop
      vertex 4.94125 4.64064 4.25
      vertex 5.45145 4.75082 4.25
      vertex 5.37009 4.89805 4.25
    endloop
  endfacet
  facet normal 0 0 1
    outer loop
      vertex 5.59057 -4.26795 4.25
      vertex 5.08982 -4.24231 4.25
      vertex 5.56239 -4.43378 4.25
    endloop
  endfacet
  facet normal 0 0 1
    outer loop
      vertex 4.94125 4.64064 4.25
      vertex 5.37009 4.89805 4.25
      vertex 5.27275 5.03523 4.25
    endloop
  endfacet
  facet normal -0 0 1
    outer loop
      vertex 5.05949 -4.38173 4.25
      vertex 5.56239 -4.43378 4.25
      vertex 5.08982 -4.24231 4.25
    endloop
  endfacet
  facet normal 0 0 1
    outer loop
      vertex 4.85575 4.75486 4.25
      vertex 5.27275 5.03523 4.25
      vertex 5.16066 5.16066 4.25
    endloop
  endfacet
  facet normal 0 0 1
    outer loop
      vertex 5.56239 -4.43378 4.25
      vertex 5.05949 -4.38173 4.25
      vertex 5.51582 -4.59542 4.25
    endloop
  endfacet
  facet normal -0 0 1
    outer loop
      vertex 5.00963 -4.51542 4.25
      vertex 5.51582 -4.59542 4.25
      vertex 5.05949 -4.38173 4.25
    endloop
  endfacet
  facet normal 0 0 1
    outer loop
      vertex 5.59057 4.26795 4.25
      vertex 5.08982 4.24231 4.25
      vertex 5.1 4.1 4.25
    endloop
  endfacet
  facet normal 0 0 1
    outer loop
      vertex 5.56239 4.43378 4.25
      vertex 5.05949 4.38173 4.25
      vertex 5.08982 4.24231 4.25
    endloop
  endfacet
  facet normal 0 0 1
    outer loop
      vertex 4.75486 4.85575 4.25
      vertex 5.16066 5.16066 4.25
      vertex 5.03523 5.27275 4.25
    endloop
  endfacet
  facet normal 0 0 1
    outer loop
      vertex 5.51582 4.59542 4.25
      vertex 5.00963 4.51542 4.25
      vertex 5.05949 4.38173 4.25
    endloop
  endfacet
  facet normal 0 0 1
    outer loop
      vertex 5.45145 4.75082 4.25
      vertex 4.94125 4.64064 4.25
      vertex 5.00963 4.51542 4.25
    endloop
  endfacet
  facet normal 0 0 1
    outer loop
      vertex 4.64064 4.94125 4.25
      vertex 5.03523 5.27275 4.25
      vertex 4.89805 5.37009 4.25
    endloop
  endfacet
  facet normal 0 0 1
    outer loop
      vertex 5.27275 5.03523 4.25
      vertex 4.85575 4.75486 4.25
      vertex 4.94125 4.64064 4.25
    endloop
  endfacet
  facet normal 0 0 1
    outer loop
      vertex 5.16066 5.16066 4.25
      vertex 4.75486 4.85575 4.25
      vertex 4.85575 4.75486 4.25
    endloop
  endfacet
  facet normal 0 0 1
    outer loop
      vertex 4.64064 4.94125 4.25
      vertex 4.89805 5.37009 4.25
      vertex 4.75082 5.45145 4.25
    endloop
  endfacet
  facet normal 0 0 1
    outer loop
      vertex 5.03523 5.27275 4.25
      vertex 4.64064 4.94125 4.25
      vertex 4.75486 4.85575 4.25
    endloop
  endfacet
  facet normal 0 0 1
    outer loop
      vertex 4.51542 5.00963 4.25
      vertex 4.75082 5.45145 4.25
      vertex 4.59542 5.51582 4.25
    endloop
  endfacet
  facet normal 0 0 1
    outer loop
      vertex 4.75082 5.45145 4.25
      vertex 4.51542 5.00963 4.25
      vertex 4.64064 4.94125 4.25
    endloop
  endfacet
  facet normal 0 0 1
    outer loop
      vertex 4.38173 5.05949 4.25
      vertex 4.59542 5.51582 4.25
      vertex 4.43378 5.56239 4.25
    endloop
  endfacet
  facet normal 0 0 1
    outer loop
      vertex 4.59542 5.51582 4.25
      vertex 4.38173 5.05949 4.25
      vertex 4.51542 5.00963 4.25
    endloop
  endfacet
  facet normal 0 0 1
    outer loop
      vertex 4.24231 5.08982 4.25
      vertex 4.43378 5.56239 4.25
      vertex 4.26795 5.59057 4.25
    endloop
  endfacet
  facet normal 0 0 1
    outer loop
      vertex 4.43378 5.56239 4.25
      vertex 4.24231 5.08982 4.25
      vertex 4.38173 5.05949 4.25
    endloop
  endfacet
  facet normal 0 0 1
    outer loop
      vertex 4.1 5.1 4.25
      vertex 4.26795 5.59057 4.25
      vertex 4.1 5.6 4.25
    endloop
  endfacet
  facet normal 0 0 1
    outer loop
      vertex 4.26795 5.59057 4.25
      vertex 4.1 5.1 4.25
      vertex 4.24231 5.08982 4.25
    endloop
  endfacet
  facet normal -0 0 1
    outer loop
      vertex -4.1 5.6 4.25
      vertex 4.1 5.1 4.25
      vertex 4.1 5.6 4.25
    endloop
  endfacet
  facet normal 0 0 1
    outer loop
      vertex -4.1 5.6 4.25
      vertex -4.1 5.1 4.25
      vertex 4.1 5.1 4.25
    endloop
  endfacet
  facet normal -0 0 1
    outer loop
      vertex -4.26795 5.59057 4.25
      vertex -4.1 5.1 4.25
      vertex -4.1 5.6 4.25
    endloop
  endfacet
  facet normal 0 0 1
    outer loop
      vertex -4.1 5.1 4.25
      vertex -4.26795 5.59057 4.25
      vertex -4.24231 5.08982 4.25
    endloop
  endfacet
  facet normal -0 0 1
    outer loop
      vertex -4.43378 5.56239 4.25
      vertex -4.24231 5.08982 4.25
      vertex -4.26795 5.59057 4.25
    endloop
  endfacet
  facet normal 0 0 1
    outer loop
      vertex -4.24231 5.08982 4.25
      vertex -4.43378 5.56239 4.25
      vertex -4.38173 5.05949 4.25
    endloop
  endfacet
  facet normal -0 0 1
    outer loop
      vertex -4.59542 5.51582 4.25
      vertex -4.38173 5.05949 4.25
      vertex -4.43378 5.56239 4.25
    endloop
  endfacet
  facet normal 0 0 1
    outer loop
      vertex -4.38173 5.05949 4.25
      vertex -4.59542 5.51582 4.25
      vertex -4.51542 5.00963 4.25
    endloop
  endfacet
  facet normal -0 0 1
    outer loop
      vertex -4.75082 5.45145 4.25
      vertex -4.51542 5.00963 4.25
      vertex -4.59542 5.51582 4.25
    endloop
  endfacet
  facet normal 0 0 1
    outer loop
      vertex -4.51542 5.00963 4.25
      vertex -4.75082 5.45145 4.25
      vertex -4.64064 4.94125 4.25
    endloop
  endfacet
  facet normal -0 0 1
    outer loop
      vertex -4.89805 5.37009 4.25
      vertex -4.64064 4.94125 4.25
      vertex -4.75082 5.45145 4.25
    endloop
  endfacet
  facet normal -0 0 1
    outer loop
      vertex -5.03523 5.27275 4.25
      vertex -4.64064 4.94125 4.25
      vertex -4.89805 5.37009 4.25
    endloop
  endfacet
  facet normal 0 0 1
    outer loop
      vertex -4.64064 4.94125 4.25
      vertex -5.03523 5.27275 4.25
      vertex -4.75486 4.85575 4.25
    endloop
  endfacet
  facet normal -0 0 1
    outer loop
      vertex -5.16066 5.16066 4.25
      vertex -4.75486 4.85575 4.25
      vertex -5.03523 5.27275 4.25
    endloop
  endfacet
  facet normal 0 0 1
    outer loop
      vertex -4.75486 4.85575 4.25
      vertex -5.16066 5.16066 4.25
      vertex -4.85575 4.75486 4.25
    endloop
  endfacet
  facet normal -0 0 1
    outer loop
      vertex -5.27275 5.03523 4.25
      vertex -4.85575 4.75486 4.25
      vertex -5.16066 5.16066 4.25
    endloop
  endfacet
  facet normal 0 0 1
    outer loop
      vertex -4.85575 4.75486 4.25
      vertex -5.27275 5.03523 4.25
      vertex -4.94125 4.64064 4.25
    endloop
  endfacet
  facet normal -0 0 1
    outer loop
      vertex -5.37009 4.89805 4.25
      vertex -4.94125 4.64064 4.25
      vertex -5.27275 5.03523 4.25
    endloop
  endfacet
  facet normal -0 0 1
    outer loop
      vertex -5.45145 4.75082 4.25
      vertex -4.94125 4.64064 4.25
      vertex -5.37009 4.89805 4.25
    endloop
  endfacet
  facet normal -0 0 1
    outer loop
      vertex -5.51582 4.59542 4.25
      vertex -5.00963 4.51542 4.25
      vertex -5.45145 4.75082 4.25
    endloop
  endfacet
  facet normal 0 0 1
    outer loop
      vertex -4.94125 4.64064 4.25
      vertex -5.45145 4.75082 4.25
      vertex -5.00963 4.51542 4.25
    endloop
  endfacet
  facet normal 0 0 1
    outer loop
      vertex 5.51582 -4.59542 4.25
      vertex 5.00963 -4.51542 4.25
      vertex 5.45145 -4.75082 4.25
    endloop
  endfacet
  facet normal -0 0 1
    outer loop
      vertex 4.94125 -4.64064 4.25
      vertex 5.45145 -4.75082 4.25
      vertex 5.00963 -4.51542 4.25
    endloop
  endfacet
  facet normal 0 0 1
    outer loop
      vertex 5.45145 -4.75082 4.25
      vertex 4.94125 -4.64064 4.25
      vertex 5.37009 -4.89805 4.25
    endloop
  endfacet
  facet normal 0 0 1
    outer loop
      vertex 5.37009 -4.89805 4.25
      vertex 4.94125 -4.64064 4.25
      vertex 5.27275 -5.03523 4.25
    endloop
  endfacet
  facet normal -0 0 1
    outer loop
      vertex 4.85575 -4.75486 4.25
      vertex 5.27275 -5.03523 4.25
      vertex 4.94125 -4.64064 4.25
    endloop
  endfacet
  facet normal 0 0 1
    outer loop
      vertex 5.27275 -5.03523 4.25
      vertex 4.85575 -4.75486 4.25
      vertex 5.16066 -5.16066 4.25
    endloop
  endfacet
  facet normal -0 0 1
    outer loop
      vertex 4.75486 -4.85575 4.25
      vertex 5.16066 -5.16066 4.25
      vertex 4.85575 -4.75486 4.25
    endloop
  endfacet
  facet normal 0 0 1
    outer loop
      vertex 5.16066 -5.16066 4.25
      vertex 4.75486 -4.85575 4.25
      vertex 5.03523 -5.27275 4.25
    endloop
  endfacet
  facet normal -0 0 1
    outer loop
      vertex 4.64064 -4.94125 4.25
      vertex 5.03523 -5.27275 4.25
      vertex 4.75486 -4.85575 4.25
    endloop
  endfacet
  facet normal 0 0 1
    outer loop
      vertex 5.03523 -5.27275 4.25
      vertex 4.64064 -4.94125 4.25
      vertex 4.89805 -5.37009 4.25
    endloop
  endfacet
  facet normal 0 0 1
    outer loop
      vertex 4.89805 -5.37009 4.25
      vertex 4.64064 -4.94125 4.25
      vertex 4.75082 -5.45145 4.25
    endloop
  endfacet
  facet normal -0 0 1
    outer loop
      vertex 4.51542 -5.00963 4.25
      vertex 4.75082 -5.45145 4.25
      vertex 4.64064 -4.94125 4.25
    endloop
  endfacet
  facet normal 0 0 1
    outer loop
      vertex 4.75082 -5.45145 4.25
      vertex 4.51542 -5.00963 4.25
      vertex 4.59542 -5.51582 4.25
    endloop
  endfacet
  facet normal -0 0 1
    outer loop
      vertex 4.38173 -5.05949 4.25
      vertex 4.59542 -5.51582 4.25
      vertex 4.51542 -5.00963 4.25
    endloop
  endfacet
  facet normal 0 0 1
    outer loop
      vertex 4.59542 -5.51582 4.25
      vertex 4.38173 -5.05949 4.25
      vertex 4.43378 -5.56239 4.25
    endloop
  endfacet
  facet normal -0 0 1
    outer loop
      vertex 4.24231 -5.08982 4.25
      vertex 4.43378 -5.56239 4.25
      vertex 4.38173 -5.05949 4.25
    endloop
  endfacet
  facet normal 0 0 1
    outer loop
      vertex 4.43378 -5.56239 4.25
      vertex 4.24231 -5.08982 4.25
      vertex 4.26795 -5.59057 4.25
    endloop
  endfacet
  facet normal -0 0 1
    outer loop
      vertex 4.1 -5.1 4.25
      vertex 4.26795 -5.59057 4.25
      vertex 4.24231 -5.08982 4.25
    endloop
  endfacet
  facet normal 0 0 1
    outer loop
      vertex 4.1 -5.1 4.25
      vertex 4.1 -5.6 4.25
      vertex 4.26795 -5.59057 4.25
    endloop
  endfacet
  facet normal -0 0 1
    outer loop
      vertex -4.1 -5.1 4.25
      vertex 4.1 -5.6 4.25
      vertex 4.1 -5.1 4.25
    endloop
  endfacet
  facet normal 0 0 1
    outer loop
      vertex -4.1 -5.1 4.25
      vertex -4.1 -5.6 4.25
      vertex 4.1 -5.6 4.25
    endloop
  endfacet
  facet normal 0 0 1
    outer loop
      vertex -4.26795 -5.59057 4.25
      vertex -4.1 -5.1 4.25
      vertex -4.24231 -5.08982 4.25
    endloop
  endfacet
  facet normal 0 0 1
    outer loop
      vertex -4.1 -5.1 4.25
      vertex -4.26795 -5.59057 4.25
      vertex -4.1 -5.6 4.25
    endloop
  endfacet
  facet normal 0 0 1
    outer loop
      vertex -4.43378 -5.56239 4.25
      vertex -4.24231 -5.08982 4.25
      vertex -4.38173 -5.05949 4.25
    endloop
  endfacet
  facet normal 0 0 1
    outer loop
      vertex -4.24231 -5.08982 4.25
      vertex -4.43378 -5.56239 4.25
      vertex -4.26795 -5.59057 4.25
    endloop
  endfacet
  facet normal 0 0 1
    outer loop
      vertex -4.59542 -5.51582 4.25
      vertex -4.38173 -5.05949 4.25
      vertex -4.51542 -5.00963 4.25
    endloop
  endfacet
  facet normal 0 0 1
    outer loop
      vertex -4.38173 -5.05949 4.25
      vertex -4.59542 -5.51582 4.25
      vertex -4.43378 -5.56239 4.25
    endloop
  endfacet
  facet normal 0 0 1
    outer loop
      vertex -4.75082 -5.45145 4.25
      vertex -4.51542 -5.00963 4.25
      vertex -4.64064 -4.94125 4.25
    endloop
  endfacet
  facet normal 0 0 1
    outer loop
      vertex -4.51542 -5.00963 4.25
      vertex -4.75082 -5.45145 4.25
      vertex -4.59542 -5.51582 4.25
    endloop
  endfacet
  facet normal 0 0 1
    outer loop
      vertex -5.03523 -5.27275 4.25
      vertex -4.64064 -4.94125 4.25
      vertex -4.75486 -4.85575 4.25
    endloop
  endfacet
  facet normal 0 0 1
    outer loop
      vertex -5.16066 -5.16066 4.25
      vertex -4.75486 -4.85575 4.25
      vertex -4.85575 -4.75486 4.25
    endloop
  endfacet
  facet normal 0 0 1
    outer loop
      vertex -4.64064 -4.94125 4.25
      vertex -4.89805 -5.37009 4.25
      vertex -4.75082 -5.45145 4.25
    endloop
  endfacet
  facet normal 0 0 1
    outer loop
      vertex -5.27275 -5.03523 4.25
      vertex -4.85575 -4.75486 4.25
      vertex -4.94125 -4.64064 4.25
    endloop
  endfacet
  facet normal 0 0 1
    outer loop
      vertex -5.45145 -4.75082 4.25
      vertex -4.94125 -4.64064 4.25
      vertex -5.00963 -4.51542 4.25
    endloop
  endfacet
  facet normal 0 0 1
    outer loop
      vertex -4.64064 -4.94125 4.25
      vertex -5.03523 -5.27275 4.25
      vertex -4.89805 -5.37009 4.25
    endloop
  endfacet
  facet normal 0 0 1
    outer loop
      vertex -5.51582 -4.59542 4.25
      vertex -5.00963 -4.51542 4.25
      vertex -5.05949 -4.38173 4.25
    endloop
  endfacet
  facet normal 0 0 1
    outer loop
      vertex -5.56239 -4.43378 4.25
      vertex -5.05949 -4.38173 4.25
      vertex -5.08982 -4.24231 4.25
    endloop
  endfacet
  facet normal 0 0 1
    outer loop
      vertex -5.59057 -4.26795 4.25
      vertex -5.08982 -4.24231 4.25
      vertex -5.1 -4.1 4.25
    endloop
  endfacet
  facet normal 0 0 1
    outer loop
      vertex -4.75486 -4.85575 4.25
      vertex -5.16066 -5.16066 4.25
      vertex -5.03523 -5.27275 4.25
    endloop
  endfacet
  facet normal 0 0 1
    outer loop
      vertex -5.1 4.1 4.25
      vertex -5.6 4.1 4.25
      vertex -5.1 -4.1 4.25
    endloop
  endfacet
  facet normal 0 0 1
    outer loop
      vertex -5.00963 4.51542 4.25
      vertex -5.51582 4.59542 4.25
      vertex -5.05949 4.38173 4.25
    endloop
  endfacet
  facet normal 0 0 1
    outer loop
      vertex -5.6 -4.1 4.25
      vertex -5.1 -4.1 4.25
      vertex -5.6 4.1 4.25
    endloop
  endfacet
  facet normal -0 0 1
    outer loop
      vertex -5.56239 4.43378 4.25
      vertex -5.05949 4.38173 4.25
      vertex -5.51582 4.59542 4.25
    endloop
  endfacet
  facet normal 0 -0 1
    outer loop
      vertex -5.59057 -4.26795 4.25
      vertex -5.1 -4.1 4.25
      vertex -5.6 -4.1 4.25
    endloop
  endfacet
  facet normal 0 0 1
    outer loop
      vertex -5.05949 4.38173 4.25
      vertex -5.56239 4.43378 4.25
      vertex -5.08982 4.24231 4.25
    endloop
  endfacet
  facet normal 0 0 1
    outer loop
      vertex -4.85575 -4.75486 4.25
      vertex -5.27275 -5.03523 4.25
      vertex -5.16066 -5.16066 4.25
    endloop
  endfacet
  facet normal -0 0 1
    outer loop
      vertex -5.59057 4.26795 4.25
      vertex -5.08982 4.24231 4.25
      vertex -5.56239 4.43378 4.25
    endloop
  endfacet
  facet normal 0 0 1
    outer loop
      vertex -4.94125 -4.64064 4.25
      vertex -5.37009 -4.89805 4.25
      vertex -5.27275 -5.03523 4.25
    endloop
  endfacet
  facet normal 0 0 1
    outer loop
      vertex -5.08982 4.24231 4.25
      vertex -5.59057 4.26795 4.25
      vertex -5.1 4.1 4.25
    endloop
  endfacet
  facet normal 0 0 1
    outer loop
      vertex -4.94125 -4.64064 4.25
      vertex -5.45145 -4.75082 4.25
      vertex -5.37009 -4.89805 4.25
    endloop
  endfacet
  facet normal 0 0 1
    outer loop
      vertex -5.1 4.1 4.25
      vertex -5.59057 4.26795 4.25
      vertex -5.6 4.1 4.25
    endloop
  endfacet
  facet normal 0 0 1
    outer loop
      vertex -5.00963 -4.51542 4.25
      vertex -5.51582 -4.59542 4.25
      vertex -5.45145 -4.75082 4.25
    endloop
  endfacet
  facet normal 0 0 1
    outer loop
      vertex -5.05949 -4.38173 4.25
      vertex -5.56239 -4.43378 4.25
      vertex -5.51582 -4.59542 4.25
    endloop
  endfacet
  facet normal 0 0 1
    outer loop
      vertex -5.08982 -4.24231 4.25
      vertex -5.59057 -4.26795 4.25
      vertex -5.56239 -4.43378 4.25
    endloop
  endfacet
  facet normal 0 0 -1
    outer loop
      vertex 5.6 4.1 0
      vertex 2.4016 1.94755 0
      vertex 2.40238 1.98782 0
    endloop
  endfacet
  facet normal 0 0 -1
    outer loop
      vertex 5.6 4.1 0
      vertex 2.40144 1.93942 0
      vertex 2.4016 1.94755 0
    endloop
  endfacet
  facet normal 0 0 -1
    outer loop
      vertex 5.6 4.1 0
      vertex 2.39611 1.8917 0
      vertex 2.40144 1.93942 0
    endloop
  endfacet
  facet normal 0 0 -1
    outer loop
      vertex 5.6 4.1 0
      vertex 2.39454 1.88414 0
      vertex 2.39611 1.8917 0
    endloop
  endfacet
  facet normal 0 0 -1
    outer loop
      vertex 2.33268 1.71764 0
      vertex 2.41635 -1.76503 0
      vertex 2.39272 -1.73033 0
    endloop
  endfacet
  facet normal 0 0 -1
    outer loop
      vertex 5.6 4.1 0
      vertex 2.38644 1.84515 0
      vertex 2.39454 1.88414 0
    endloop
  endfacet
  facet normal 0 0 -1
    outer loop
      vertex 5.6 4.1 0
      vertex 2.3747 1.80729 0
      vertex 2.38644 1.84515 0
    endloop
  endfacet
  facet normal 0 0 -1
    outer loop
      vertex 5.6 4.1 0
      vertex 2.37253 1.8003 0
      vertex 2.3747 1.80729 0
    endloop
  endfacet
  facet normal 0 0 -1
    outer loop
      vertex 2.30717 1.68073 0
      vertex 2.39272 -1.73033 0
      vertex 2.37096 -1.70558 0
    endloop
  endfacet
  facet normal 0 0 -1
    outer loop
      vertex 2.30717 1.68073 0
      vertex 2.37096 -1.70558 0
      vertex 2.36479 -1.69858 0
    endloop
  endfacet
  facet normal 0 0 -1
    outer loop
      vertex 5.6 4.1 0
      vertex 2.35728 1.76413 0
      vertex 2.37253 1.8003 0
    endloop
  endfacet
  facet normal 0 0 -1
    outer loop
      vertex 5.6 4.1 0
      vertex 2.35455 1.75764 0
      vertex 2.35728 1.76413 0
    endloop
  endfacet
  facet normal 0 0 -1
    outer loop
      vertex 2.41635 -1.76503 0
      vertex 2.35124 1.7516 0
      vertex 2.35455 1.75764 0
    endloop
  endfacet
  facet normal 0 0 -1
    outer loop
      vertex 2.27829 1.64731 0
      vertex 2.36479 -1.69858 0
      vertex 2.33987 -1.67637 0
    endloop
  endfacet
  facet normal 0 0 -1
    outer loop
      vertex 2.27829 1.64731 0
      vertex 2.33987 -1.67637 0
      vertex 2.33287 -1.67013 0
    endloop
  endfacet
  facet normal 0 0 -1
    outer loop
      vertex 2.41635 -1.76503 0
      vertex 2.33268 1.71764 0
      vertex 2.35124 1.7516 0
    endloop
  endfacet
  facet normal 0 0 -1
    outer loop
      vertex 2.39272 -1.73033 0
      vertex 2.31089 1.68611 0
      vertex 2.33268 1.71764 0
    endloop
  endfacet
  facet normal 0 0 -1
    outer loop
      vertex 2.39272 -1.73033 0
      vertex 2.30717 1.68073 0
      vertex 2.31089 1.68611 0
    endloop
  endfacet
  facet normal 0 0 -1
    outer loop
      vertex 2.24636 1.61776 0
      vertex 2.33287 -1.67013 0
      vertex 2.30503 -1.6507 0
    endloop
  endfacet
  facet normal 0 0 -1
    outer loop
      vertex 2.36479 -1.69858 0
      vertex 2.30298 1.67588 0
      vertex 2.30717 1.68073 0
    endloop
  endfacet
  facet normal 0 0 -1
    outer loop
      vertex 2.24636 1.61776 0
      vertex 2.30503 -1.6507 0
      vertex 2.2973 -1.6453 0
    endloop
  endfacet
  facet normal 0 0 -1
    outer loop
      vertex 2.21173 1.5924 0
      vertex 2.2973 -1.6453 0
      vertex 2.28889 -1.64077 0
    endloop
  endfacet
  facet normal 0 0 -1
    outer loop
      vertex 2.36479 -1.69858 0
      vertex 2.27829 1.64731 0
      vertex 2.30298 1.67588 0
    endloop
  endfacet
  facet normal 0 0 -1
    outer loop
      vertex 2.21173 1.5924 0
      vertex 2.28889 -1.64077 0
      vertex 2.25846 -1.62436 0
    endloop
  endfacet
  facet normal 0 0 -1
    outer loop
      vertex 2.33287 -1.67013 0
      vertex 2.25086 1.62193 0
      vertex 2.27829 1.64731 0
    endloop
  endfacet
  facet normal 0 0 -1
    outer loop
      vertex 2.33287 -1.67013 0
      vertex 2.24636 1.61776 0
      vertex 2.25086 1.62193 0
    endloop
  endfacet
  facet normal 0 0 -1
    outer loop
      vertex 2.2973 -1.6453 0
      vertex 2.24149 1.6142 0
      vertex 2.24636 1.61776 0
    endloop
  endfacet
  facet normal 0 0 -1
    outer loop
      vertex 2.17479 1.5715 0
      vertex 2.25846 -1.62436 0
      vertex 2.22564 -1.6111 0
    endloop
  endfacet
  facet normal 0 0 -1
    outer loop
      vertex 2.17479 1.5715 0
      vertex 2.22564 -1.6111 0
      vertex 2.2168 -1.60753 0
    endloop
  endfacet
  facet normal 0 0 -1
    outer loop
      vertex 2.2973 -1.6453 0
      vertex 2.21173 1.5924 0
      vertex 2.24149 1.6142 0
    endloop
  endfacet
  facet normal 0 0 -1
    outer loop
      vertex 2.13593 1.5553 0
      vertex 2.2168 -1.60753 0
      vertex 2.18197 -1.59762 0
    endloop
  endfacet
  facet normal 0 0 -1
    outer loop
      vertex 2.25846 -1.62436 0
      vertex 2.17479 1.5715 0
      vertex 2.21173 1.5924 0
    endloop
  endfacet
  facet normal 0 0 -1
    outer loop
      vertex 2.13593 1.5553 0
      vertex 2.18197 -1.59762 0
      vertex 2.17276 -1.595 0
    endloop
  endfacet
  facet normal 0 0 -1
    outer loop
      vertex 2.09558 1.54397 0
      vertex 2.17276 -1.595 0
      vertex 2.16323 -1.59332 0
    endloop
  endfacet
  facet normal 0 0 -1
    outer loop
      vertex 2.2168 -1.60753 0
      vertex 2.14126 1.55752 0
      vertex 2.17479 1.5715 0
    endloop
  endfacet
  facet normal 0 0 -1
    outer loop
      vertex 2.2168 -1.60753 0
      vertex 2.13593 1.5553 0
      vertex 2.14126 1.55752 0
    endloop
  endfacet
  facet normal 0 0 -1
    outer loop
      vertex 2.17276 -1.595 0
      vertex 2.1304 1.55375 0
      vertex 2.13593 1.5553 0
    endloop
  endfacet
  facet normal 0 0 -1
    outer loop
      vertex 2.09558 1.54397 0
      vertex 2.16323 -1.59332 0
      vertex 2.12683 -1.58691 0
    endloop
  endfacet
  facet normal 0 0 -1
    outer loop
      vertex 2.17276 -1.595 0
      vertex 2.09558 1.54397 0
      vertex 2.1304 1.55375 0
    endloop
  endfacet
  facet normal 0 0 -1
    outer loop
      vertex 2.05419 1.53763 0
      vertex 2.12683 -1.58691 0
      vertex 2.07951 -1.58334 0
    endloop
  endfacet
  facet normal 0 0 -1
    outer loop
      vertex 2.12683 -1.58691 0
      vertex 2.05985 1.5385 0
      vertex 2.09558 1.54397 0
    endloop
  endfacet
  facet normal 0 0 -1
    outer loop
      vertex 2.12683 -1.58691 0
      vertex 2.05419 1.53763 0
      vertex 2.05985 1.5385 0
    endloop
  endfacet
  facet normal 0 0 -1
    outer loop
      vertex 2.07951 -1.58334 0
      vertex 2.04844 1.53746 0
      vertex 2.05419 1.53763 0
    endloop
  endfacet
  facet normal 0 0 -1
    outer loop
      vertex 2.0122 1.53636 0
      vertex 2.07951 -1.58334 0
      vertex 2.04083 -1.58414 0
    endloop
  endfacet
  facet normal 0 0 -1
    outer loop
      vertex 2.0122 1.53636 0
      vertex 2.04083 -1.58414 0
      vertex 2.03132 -1.58434 0
    endloop
  endfacet
  facet normal 0 0 -1
    outer loop
      vertex 2.0122 1.53636 0
      vertex 2.03132 -1.58434 0
      vertex 2.02182 -1.58543 0
    endloop
  endfacet
  facet normal 0 0 -1
    outer loop
      vertex 2.07951 -1.58334 0
      vertex 2.0122 1.53636 0
      vertex 2.04844 1.53746 0
    endloop
  endfacet
  facet normal 0 0 -1
    outer loop
      vertex 1.97591 1.53964 0
      vertex 2.02182 -1.58543 0
      vertex 1.98278 -1.58989 0
    endloop
  endfacet
  facet normal 0 0 -1
    outer loop
      vertex 2.02182 -1.58543 0
      vertex 1.97591 1.53964 0
      vertex 2.0122 1.53636 0
    endloop
  endfacet
  facet normal 0 0 -1
    outer loop
      vertex 1.98278 -1.58989 0
      vertex 1.97008 1.54017 0
      vertex 1.97591 1.53964 0
    endloop
  endfacet
  facet normal 0 0 -1
    outer loop
      vertex 1.94354 -1.59805 0
      vertex 1.97008 1.54017 0
      vertex 1.98278 -1.58989 0
    endloop
  endfacet
  facet normal 0 0 -1
    outer loop
      vertex 1.93443 -1.59994 0
      vertex 1.97008 1.54017 0
      vertex 1.94354 -1.59805 0
    endloop
  endfacet
  facet normal 0 0 -1
    outer loop
      vertex 1.93443 -1.59994 0
      vertex 1.93413 1.54778 0
      vertex 1.97008 1.54017 0
    endloop
  endfacet
  facet normal 0 0 -1
    outer loop
      vertex 1.93443 -1.59994 0
      vertex 1.92829 1.54901 0
      vertex 1.93413 1.54778 0
    endloop
  endfacet
  facet normal 0 0 -1
    outer loop
      vertex 1.92554 -1.60263 0
      vertex 1.92829 1.54901 0
      vertex 1.93443 -1.59994 0
    endloop
  endfacet
  facet normal 0 0 -1
    outer loop
      vertex 1.8868 -1.61437 0
      vertex 1.92829 1.54901 0
      vertex 1.92554 -1.60263 0
    endloop
  endfacet
  facet normal -0 0 -1
    outer loop
      vertex 1.92829 1.54901 0
      vertex 1.8868 -1.61437 0
      vertex 1.92254 1.55095 0
    endloop
  endfacet
  facet normal -0 0 -1
    outer loop
      vertex 1.92254 1.55095 0
      vertex 1.8868 -1.61437 0
      vertex 1.88728 1.5628 0
    endloop
  endfacet
  facet normal 0 0 -1
    outer loop
      vertex 1.84871 -1.62969 0
      vertex 1.88728 1.5628 0
      vertex 1.8868 -1.61437 0
    endloop
  endfacet
  facet normal 0 0 -1
    outer loop
      vertex 1.84041 -1.63303 0
      vertex 1.88728 1.5628 0
      vertex 1.84871 -1.62969 0
    endloop
  endfacet
  facet normal -0 0 -1
    outer loop
      vertex 1.88728 1.5628 0
      vertex 1.84041 -1.63303 0
      vertex 1.88162 1.56544 0
    endloop
  endfacet
  facet normal -0 0 -1
    outer loop
      vertex 1.88162 1.56544 0
      vertex 1.84041 -1.63303 0
      vertex 1.84752 1.58138 0
    endloop
  endfacet
  facet normal 0 0 -1
    outer loop
      vertex 1.79577 -1.6557 0
      vertex 1.84752 1.58138 0
      vertex 1.84041 -1.63303 0
    endloop
  endfacet
  facet normal -0 0 -1
    outer loop
      vertex 1.84752 1.58138 0
      vertex 1.79577 -1.6557 0
      vertex 1.80942 1.60454 0
    endloop
  endfacet
  facet normal 0 0 -1
    outer loop
      vertex 1.75337 -1.68215 0
      vertex 1.80942 1.60454 0
      vertex 1.79577 -1.6557 0
    endloop
  endfacet
  facet normal -0 0 -1
    outer loop
      vertex 1.80942 1.60454 0
      vertex 1.75337 -1.68215 0
      vertex 1.77341 1.63203 0
    endloop
  endfacet
  facet normal 0 0 -1
    outer loop
      vertex 1.72019 -1.70716 0
      vertex 1.77341 1.63203 0
      vertex 1.75337 -1.68215 0
    endloop
  endfacet
  facet normal 0 0 -1
    outer loop
      vertex 1.71366 -1.71208 0
      vertex 1.77341 1.63203 0
      vertex 1.72019 -1.70716 0
    endloop
  endfacet
  facet normal -0 0 -1
    outer loop
      vertex 1.77341 1.63203 0
      vertex 1.71366 -1.71208 0
      vertex 1.73988 1.66356 0
    endloop
  endfacet
  facet normal 0 0 -1
    outer loop
      vertex 1.70771 -1.71747 0
      vertex 1.73988 1.66356 0
      vertex 1.71366 -1.71208 0
    endloop
  endfacet
  facet normal 0 0 -1
    outer loop
      vertex 1.6771 -1.74517 0
      vertex 1.73988 1.66356 0
      vertex 1.70771 -1.71747 0
    endloop
  endfacet
  facet normal -0 0 -1
    outer loop
      vertex 1.73988 1.66356 0
      vertex 1.6771 -1.74517 0
      vertex 1.73515 1.66899 0
    endloop
  endfacet
  facet normal -0 0 -1
    outer loop
      vertex 1.73515 1.66899 0
      vertex 1.6771 -1.74517 0
      vertex 1.70921 1.69877 0
    endloop
  endfacet
  facet normal 0 0 -1
    outer loop
      vertex 1.6492 -1.77547 0
      vertex 1.70921 1.69877 0
      vertex 1.6771 -1.74517 0
    endloop
  endfacet
  facet normal 0 0 -1
    outer loop
      vertex 1.64407 -1.78105 0
      vertex 1.70921 1.69877 0
      vertex 1.6492 -1.77547 0
    endloop
  endfacet
  facet normal -0 0 -1
    outer loop
      vertex 1.70921 1.69877 0
      vertex 1.64407 -1.78105 0
      vertex 1.68613 1.73109 0
    endloop
  endfacet
  facet normal -0 0 -1
    outer loop
      vertex 1.68613 1.73109 0
      vertex 1.64407 -1.78105 0
      vertex 1.68172 1.73728 0
    endloop
  endfacet
  facet normal 0 0 -1
    outer loop
      vertex 1.63958 -1.78694 0
      vertex 1.68172 1.73728 0
      vertex 1.64407 -1.78105 0
    endloop
  endfacet
  facet normal 0 0 -1
    outer loop
      vertex 1.61494 -1.81933 0
      vertex 1.68172 1.73728 0
      vertex 1.63958 -1.78694 0
    endloop
  endfacet
  facet normal -0 0 -1
    outer loop
      vertex 1.68172 1.73728 0
      vertex 1.61494 -1.81933 0
      vertex 1.65772 1.77867 0
    endloop
  endfacet
  facet normal 0 0 -1
    outer loop
      vertex 1.59369 -1.85366 0
      vertex 1.65772 1.77867 0
      vertex 1.61494 -1.81933 0
    endloop
  endfacet
  facet normal 0 0 -1
    outer loop
      vertex 1.59003 -1.85958 0
      vertex 1.65772 1.77867 0
      vertex 1.59369 -1.85366 0
    endloop
  endfacet
  facet normal -0 0 -1
    outer loop
      vertex 1.65772 1.77867 0
      vertex 1.59003 -1.85958 0
      vertex 1.65435 1.78595 0
    endloop
  endfacet
  facet normal -0 0 -1
    outer loop
      vertex 1.65435 1.78595 0
      vertex 1.59003 -1.85958 0
      vertex 1.63747 1.82248 0
    endloop
  endfacet
  facet normal 0 0 -1
    outer loop
      vertex 1.57254 -1.89538 0
      vertex 1.63747 1.82248 0
      vertex 1.59003 -1.85958 0
    endloop
  endfacet
  facet normal 0 0 -1
    outer loop
      vertex 1.56961 -1.90138 0
      vertex 1.63747 1.82248 0
      vertex 1.57254 -1.89538 0
    endloop
  endfacet
  facet normal 0 0 -1
    outer loop
      vertex -5.6 4.1 0
      vertex 1.63747 1.82248 0
      vertex 1.56961 -1.90138 0
    endloop
  endfacet
  facet normal 0 0 -1
    outer loop
      vertex 1.63747 1.82248 0
      vertex -5.6 4.1 0
      vertex 1.62401 1.86031 0
    endloop
  endfacet
  facet normal 0 0 -1
    outer loop
      vertex 1.62401 1.86031 0
      vertex -5.6 4.1 0
      vertex 1.62119 1.86824 0
    endloop
  endfacet
  facet normal 0 0 -1
    outer loop
      vertex 1.62119 1.86824 0
      vertex -5.6 4.1 0
      vertex 1.61122 1.90705 0
    endloop
  endfacet
  facet normal 0 0 -1
    outer loop
      vertex 1.61122 1.90705 0
      vertex -5.6 4.1 0
      vertex 1.60906 1.91544 0
    endloop
  endfacet
  facet normal 0 0 -1
    outer loop
      vertex 4.1 -5.6 0
      vertex 5.6 -4.1 0
      vertex 5.59057 -4.26795 0
    endloop
  endfacet
  facet normal 0 0 -1
    outer loop
      vertex 5.6 -4.1 0
      vertex 2.43541 -1.80231 0
      vertex 5.6 4.1 0
    endloop
  endfacet
  facet normal 0 0 -1
    outer loop
      vertex 4.1 -5.6 0
      vertex 5.59057 -4.26795 0
      vertex 5.56239 -4.43378 0
    endloop
  endfacet
  facet normal 0 0 -1
    outer loop
      vertex 2.43118 -1.79403 0
      vertex 5.6 4.1 0
      vertex 2.43541 -1.80231 0
    endloop
  endfacet
  facet normal 0 0 -1
    outer loop
      vertex 4.1 -5.6 0
      vertex 5.56239 -4.43378 0
      vertex 5.51582 -4.59542 0
    endloop
  endfacet
  facet normal 0 0 -1
    outer loop
      vertex 2.39891 2.03634 0
      vertex 5.6 4.1 0
      vertex 2.40238 1.98782 0
    endloop
  endfacet
  facet normal 0 0 -1
    outer loop
      vertex 4.1 -5.6 0
      vertex 5.51582 -4.59542 0
      vertex 5.45145 -4.75082 0
    endloop
  endfacet
  facet normal 0 0 -1
    outer loop
      vertex 2.39106 2.08447 0
      vertex 5.6 4.1 0
      vertex 2.39891 2.03634 0
    endloop
  endfacet
  facet normal 0 0 -1
    outer loop
      vertex 4.1 -5.6 0
      vertex 5.45145 -4.75082 0
      vertex 5.37009 -4.89805 0
    endloop
  endfacet
  facet normal 0 0 -1
    outer loop
      vertex 5.6 -4.1 0
      vertex 2.4497 -1.84175 0
      vertex 2.44654 -1.83301 0
    endloop
  endfacet
  facet normal 0 0 -1
    outer loop
      vertex 4.1 -5.6 0
      vertex 5.37009 -4.89805 0
      vertex 5.27275 -5.03523 0
    endloop
  endfacet
  facet normal 0 0 -1
    outer loop
      vertex 5.6 -4.1 0
      vertex 2.44654 -1.83301 0
      vertex 2.43541 -1.80231 0
    endloop
  endfacet
  facet normal 0 0 -1
    outer loop
      vertex 4.1 -5.6 0
      vertex 5.27275 -5.03523 0
      vertex 5.16066 -5.16066 0
    endloop
  endfacet
  facet normal 0 0 -1
    outer loop
      vertex 2.38887 2.09303 0
      vertex 5.6 4.1 0
      vertex 2.39106 2.08447 0
    endloop
  endfacet
  facet normal 0 0 -1
    outer loop
      vertex 4.1 -5.6 0
      vertex 5.16066 -5.16066 0
      vertex 5.03523 -5.27275 0
    endloop
  endfacet
  facet normal 0 0 -1
    outer loop
      vertex 2.37894 2.13167 0
      vertex 5.6 4.1 0
      vertex 2.38887 2.09303 0
    endloop
  endfacet
  facet normal 0 0 -1
    outer loop
      vertex 4.1 -5.6 0
      vertex 5.03523 -5.27275 0
      vertex 4.89805 -5.37009 0
    endloop
  endfacet
  facet normal 0 0 -1
    outer loop
      vertex 2.36573 2.1688 0
      vertex 5.6 4.1 0
      vertex 2.37894 2.13167 0
    endloop
  endfacet
  facet normal 0 0 -1
    outer loop
      vertex 4.1 -5.6 0
      vertex 4.89805 -5.37009 0
      vertex 4.75082 -5.45145 0
    endloop
  endfacet
  facet normal 0 0 -1
    outer loop
      vertex 2.34241 2.22124 0
      vertex 5.6 4.1 0
      vertex 2.35881 2.18576 0
    endloop
  endfacet
  facet normal 0 0 -1
    outer loop
      vertex 4.1 -5.6 0
      vertex 4.75082 -5.45145 0
      vertex 4.59542 -5.51582 0
    endloop
  endfacet
  facet normal 0 0 -1
    outer loop
      vertex 2.32314 2.25448 0
      vertex 5.6 4.1 0
      vertex 2.34241 2.22124 0
    endloop
  endfacet
  facet normal 0 0 -1
    outer loop
      vertex 4.1 -5.6 0
      vertex 4.59542 -5.51582 0
      vertex 4.43378 -5.56239 0
    endloop
  endfacet
  facet normal 0 0 -1
    outer loop
      vertex 5.6 -4.1 0
      vertex 2.45907 -1.88293 0
      vertex 2.4497 -1.84175 0
    endloop
  endfacet
  facet normal 0 0 -1
    outer loop
      vertex 4.1 -5.6 0
      vertex 4.43378 -5.56239 0
      vertex 4.26795 -5.59057 0
    endloop
  endfacet
  facet normal 0 0 -1
    outer loop
      vertex 2.31841 2.26263 0
      vertex 5.6 4.1 0
      vertex 2.32314 2.25448 0
    endloop
  endfacet
  facet normal -0 0 -1
    outer loop
      vertex 5.6 -4.1 0
      vertex 4.1 -5.6 0
      vertex 1.89608 -3.29281 0
    endloop
  endfacet
  facet normal 0 0 -1
    outer loop
      vertex 2.29092 2.30114 0
      vertex 5.6 4.1 0
      vertex 2.31841 2.26263 0
    endloop
  endfacet
  facet normal 0 0 -1
    outer loop
      vertex 5.6 -4.1 0
      vertex 2.46341 -1.92539 0
      vertex 2.46003 -1.89228 0
    endloop
  endfacet
  facet normal 0 0 -1
    outer loop
      vertex 5.6 -4.1 0
      vertex 2.46324 -1.93485 0
      vertex 2.46341 -1.92539 0
    endloop
  endfacet
  facet normal 0 0 -1
    outer loop
      vertex 5.6 -4.1 0
      vertex 2.46266 -1.96867 0
      vertex 2.46324 -1.93485 0
    endloop
  endfacet
  facet normal 0 0 -1
    outer loop
      vertex 5.6 -4.1 0
      vertex 2.4581 -2.0029 0
      vertex 2.46266 -1.96867 0
    endloop
  endfacet
  facet normal 0 0 -1
    outer loop
      vertex 5.6 -4.1 0
      vertex 2.45685 -2.01229 0
      vertex 2.4581 -2.0029 0
    endloop
  endfacet
  facet normal 0 0 -1
    outer loop
      vertex 5.6 -4.1 0
      vertex 2.44834 -2.04653 0
      vertex 2.45685 -2.01229 0
    endloop
  endfacet
  facet normal 0 0 -1
    outer loop
      vertex 5.6 -4.1 0
      vertex 2.44604 -2.05578 0
      vertex 2.44834 -2.04653 0
    endloop
  endfacet
  facet normal 0 0 -1
    outer loop
      vertex 5.6 -4.1 0
      vertex 2.44272 -2.06484 0
      vertex 2.44604 -2.05578 0
    endloop
  endfacet
  facet normal 0 0 -1
    outer loop
      vertex 5.6 -4.1 0
      vertex 2.43033 -2.09865 0
      vertex 2.44272 -2.06484 0
    endloop
  endfacet
  facet normal 0 0 -1
    outer loop
      vertex 5.6 -4.1 0
      vertex 2.41412 -2.13184 0
      vertex 2.43033 -2.09865 0
    endloop
  endfacet
  facet normal 0 0 -1
    outer loop
      vertex 5.6 -4.1 0
      vertex 2.40991 -2.14045 0
      vertex 2.41412 -2.13184 0
    endloop
  endfacet
  facet normal 0 0 -1
    outer loop
      vertex 5.6 -4.1 0
      vertex 2.40482 -2.14868 0
      vertex 2.40991 -2.14045 0
    endloop
  endfacet
  facet normal 0 0 -1
    outer loop
      vertex 5.6 -4.1 0
      vertex 2.385 -2.1807 0
      vertex 2.40482 -2.14868 0
    endloop
  endfacet
  facet normal 0 0 -1
    outer loop
      vertex 5.6 -4.1 0
      vertex 2.37916 -2.18838 0
      vertex 2.385 -2.1807 0
    endloop
  endfacet
  facet normal 0 0 -1
    outer loop
      vertex 5.6 -4.1 0
      vertex 2.35587 -2.21898 0
      vertex 2.37916 -2.18838 0
    endloop
  endfacet
  facet normal 0 0 -1
    outer loop
      vertex 5.6 -4.1 0
      vertex 1.90197 -3.25013 0
      vertex 2.35587 -2.21898 0
    endloop
  endfacet
  facet normal 0 0 -1
    outer loop
      vertex 2.35587 -2.21898 0
      vertex 1.90197 -3.25013 0
      vertex 2.32924 -2.24791 0
    endloop
  endfacet
  facet normal 0 0 -1
    outer loop
      vertex 2.32924 -2.24791 0
      vertex 1.90197 -3.25013 0
      vertex 2.32284 -2.25486 0
    endloop
  endfacet
  facet normal 0 -0 -1
    outer loop
      vertex 1.90315 -3.21583 0
      vertex 2.32284 -2.25486 0
      vertex 1.90197 -3.25013 0
    endloop
  endfacet
  facet normal 0 -0 -1
    outer loop
      vertex 1.90345 -3.2069 0
      vertex 2.32284 -2.25486 0
      vertex 1.90315 -3.21583 0
    endloop
  endfacet
  facet normal 0 0 -1
    outer loop
      vertex 2.32284 -2.25486 0
      vertex 1.90345 -3.2069 0
      vertex 2.31583 -2.26121 0
    endloop
  endfacet
  facet normal 0 0 -1
    outer loop
      vertex 2.31583 -2.26121 0
      vertex 1.90345 -3.2069 0
      vertex 2.28628 -2.28794 0
    endloop
  endfacet
  facet normal 0 0 -1
    outer loop
      vertex 1.90285 -3.198 0
      vertex 2.28628 -2.28794 0
      vertex 1.90345 -3.2069 0
    endloop
  endfacet
  facet normal 0 0 -1
    outer loop
      vertex 1.90051 -3.1636 0
      vertex 2.28628 -2.28794 0
      vertex 1.90285 -3.198 0
    endloop
  endfacet
  facet normal 0 0 -1
    outer loop
      vertex 2.28628 -2.28794 0
      vertex 1.90051 -3.1636 0
      vertex 2.25389 -2.31236 0
    endloop
  endfacet
  facet normal 0 0 -1
    outer loop
      vertex 2.25389 -2.31236 0
      vertex 1.90051 -3.1636 0
      vertex 2.24657 -2.31788 0
    endloop
  endfacet
  facet normal 0 0 -1
    outer loop
      vertex 2.24657 -2.31788 0
      vertex 1.89319 -3.12069 0
      vertex 2.20417 -2.34432 0
    endloop
  endfacet
  facet normal 0 0 -1
    outer loop
      vertex 2.20417 -2.34432 0
      vertex 1.88155 -3.07866 0
      vertex 2.15953 -2.367 0
    endloop
  endfacet
  facet normal 0 0 -1
    outer loop
      vertex 1.86574 -3.03795 0
      vertex 2.15953 -2.367 0
      vertex 1.88155 -3.07866 0
    endloop
  endfacet
  facet normal 0 0 -1
    outer loop
      vertex 2.15953 -2.367 0
      vertex 1.86574 -3.03795 0
      vertex 2.12102 -2.38249 0
    endloop
  endfacet
  facet normal 0 0 -1
    outer loop
      vertex 2.12102 -2.38249 0
      vertex 1.86574 -3.03795 0
      vertex 2.11314 -2.38566 0
    endloop
  endfacet
  facet normal 0 0 -1
    outer loop
      vertex 2.11314 -2.38566 0
      vertex 1.84592 -2.99901 0
      vertex 2.10512 -2.38808 0
    endloop
  endfacet
  facet normal 0 0 -1
    outer loop
      vertex 2.10512 -2.38808 0
      vertex 1.84592 -2.99901 0
      vertex 2.06551 -2.40009 0
    endloop
  endfacet
  facet normal 0 0 -1
    outer loop
      vertex 1.82684 -2.96934 0
      vertex 2.06551 -2.40009 0
      vertex 1.84592 -2.99901 0
    endloop
  endfacet
  facet normal 0 0 -1
    outer loop
      vertex 1.86185 -3.03031 0
      vertex 2.11314 -2.38566 0
      vertex 1.86574 -3.03795 0
    endloop
  endfacet
  facet normal 0 0 -1
    outer loop
      vertex 1.88155 -3.07866 0
      vertex 2.20417 -2.34432 0
      vertex 1.89319 -3.12069 0
    endloop
  endfacet
  facet normal 0 0 -1
    outer loop
      vertex 1.89319 -3.12069 0
      vertex 2.24657 -2.31788 0
      vertex 1.90051 -3.1636 0
    endloop
  endfacet
  facet normal 0 0 -1
    outer loop
      vertex 5.6 -4.1 0
      vertex 1.89732 -3.28386 0
      vertex 1.90197 -3.25013 0
    endloop
  endfacet
  facet normal 0 0 -1
    outer loop
      vertex 5.6 -4.1 0
      vertex 1.89608 -3.29281 0
      vertex 1.89732 -3.28386 0
    endloop
  endfacet
  facet normal 0 0 -1
    outer loop
      vertex 4.1 -5.6 0
      vertex 1.88586 -3.33447 0
      vertex 1.89608 -3.29281 0
    endloop
  endfacet
  facet normal 0 0 -1
    outer loop
      vertex 4.1 -5.6 0
      vertex 1.88279 -3.343 0
      vertex 1.88586 -3.33447 0
    endloop
  endfacet
  facet normal 0 0 -1
    outer loop
      vertex 4.1 -5.6 0
      vertex 1.8714 -3.37466 0
      vertex 1.88279 -3.343 0
    endloop
  endfacet
  facet normal 0 0 -1
    outer loop
      vertex 4.1 -5.6 0
      vertex 1.85288 -3.41293 0
      vertex 1.8714 -3.37466 0
    endloop
  endfacet
  facet normal 0 0 -1
    outer loop
      vertex 4.1 -5.6 0
      vertex 1.83049 -3.44887 0
      vertex 1.85288 -3.41293 0
    endloop
  endfacet
  facet normal 0 0 -1
    outer loop
      vertex 4.1 -5.6 0
      vertex 1.80447 -3.48208 0
      vertex 1.83049 -3.44887 0
    endloop
  endfacet
  facet normal 0 0 -1
    outer loop
      vertex 4.1 -5.6 0
      vertex 1.78152 -3.50564 0
      vertex 1.80447 -3.48208 0
    endloop
  endfacet
  facet normal 0 0 -1
    outer loop
      vertex 4.1 -5.6 0
      vertex 1.77513 -3.5122 0
      vertex 1.78152 -3.50564 0
    endloop
  endfacet
  facet normal 0 0 -1
    outer loop
      vertex 4.1 -5.6 0
      vertex 1.74276 -3.5389 0
      vertex 1.77513 -3.5122 0
    endloop
  endfacet
  facet normal 0 0 -1
    outer loop
      vertex 4.1 -5.6 0
      vertex 1.7351 -3.54393 0
      vertex 1.74276 -3.5389 0
    endloop
  endfacet
  facet normal 0 0 -1
    outer loop
      vertex 4.1 -5.6 0
      vertex 1.70774 -3.56189 0
      vertex 1.7351 -3.54393 0
    endloop
  endfacet
  facet normal 0 0 -1
    outer loop
      vertex 4.1 -5.6 0
      vertex 1.6786 -3.57675 0
      vertex 1.70774 -3.56189 0
    endloop
  endfacet
  facet normal 0 0 -1
    outer loop
      vertex 4.1 -5.6 0
      vertex 1.67044 -3.58091 0
      vertex 1.6786 -3.57675 0
    endloop
  endfacet
  facet normal 0 0 -1
    outer loop
      vertex 4.1 -5.6 0
      vertex 1.66187 -3.58416 0
      vertex 1.67044 -3.58091 0
    endloop
  endfacet
  facet normal 0 0 -1
    outer loop
      vertex 4.1 -5.6 0
      vertex 1.63127 -3.59576 0
      vertex 1.66187 -3.58416 0
    endloop
  endfacet
  facet normal 0 0 -1
    outer loop
      vertex 4.1 -5.6 0
      vertex 1.59953 -3.60397 0
      vertex 1.63127 -3.59576 0
    endloop
  endfacet
  facet normal 0 0 -1
    outer loop
      vertex 4.1 -5.6 0
      vertex 1.59067 -3.60627 0
      vertex 1.59953 -3.60397 0
    endloop
  endfacet
  facet normal 0 0 -1
    outer loop
      vertex 4.1 -5.6 0
      vertex 1.5816 -3.60759 0
      vertex 1.59067 -3.60627 0
    endloop
  endfacet
  facet normal 0 0 -1
    outer loop
      vertex 4.1 -5.6 0
      vertex 1.54907 -3.61232 0
      vertex 1.5816 -3.60759 0
    endloop
  endfacet
  facet normal 0 0 -1
    outer loop
      vertex 4.1 -5.6 0
      vertex 1.50693 -3.61386 0
      vertex 1.54907 -3.61232 0
    endloop
  endfacet
  facet normal 0 0 -1
    outer loop
      vertex 4.1 -5.6 0
      vertex 1.46472 -3.61087 0
      vertex 1.50693 -3.61386 0
    endloop
  endfacet
  facet normal 0 0 -1
    outer loop
      vertex 4.1 -5.6 0
      vertex 1.42289 -3.60337 0
      vertex 1.46472 -3.61087 0
    endloop
  endfacet
  facet normal 0 0 -1
    outer loop
      vertex 4.1 -5.6 0
      vertex 1.38191 -3.59145 0
      vertex 1.42289 -3.60337 0
    endloop
  endfacet
  facet normal 0 0 -1
    outer loop
      vertex -4.1 -5.6 0
      vertex 1.38191 -3.59145 0
      vertex 4.1 -5.6 0
    endloop
  endfacet
  facet normal -0 0 -1
    outer loop
      vertex 1.38191 -3.59145 0
      vertex -4.1 -5.6 0
      vertex 1.34222 -3.57525 0
    endloop
  endfacet
  facet normal -0 0 -1
    outer loop
      vertex 1.34222 -3.57525 0
      vertex -4.1 -5.6 0
      vertex 1.31219 -3.55917 0
    endloop
  endfacet
  facet normal -0 0 -1
    outer loop
      vertex 1.31219 -3.55917 0
      vertex -4.1 -5.6 0
      vertex 1.30426 -3.55493 0
    endloop
  endfacet
  facet normal 0 0 -1
    outer loop
      vertex 1.13421 -3.36194 0
      vertex 1.11839 -3.32123 0
      vertex 1.12144 -3.32907 0
    endloop
  endfacet
  facet normal -0 0 -1
    outer loop
      vertex 1.09704 -3.20102 0
      vertex -4.1 -5.6 0
      vertex 1.09649 -3.19299 0
    endloop
  endfacet
  facet normal -0 0 -1
    outer loop
      vertex 1.09943 -3.23629 0
      vertex -4.1 -5.6 0
      vertex 1.09704 -3.20102 0
    endloop
  endfacet
  facet normal -0 0 -1
    outer loop
      vertex 1.10537 -3.27108 0
      vertex -4.1 -5.6 0
      vertex 1.09943 -3.23629 0
    endloop
  endfacet
  facet normal -0 0 -1
    outer loop
      vertex 1.10676 -3.2792 0
      vertex -4.1 -5.6 0
      vertex 1.10537 -3.27108 0
    endloop
  endfacet
  facet normal -0 0 -1
    outer loop
      vertex 1.11839 -3.32123 0
      vertex -4.1 -5.6 0
      vertex 1.10676 -3.2792 0
    endloop
  endfacet
  facet normal -0 0 -1
    outer loop
      vertex 1.13421 -3.36194 0
      vertex -4.1 -5.6 0
      vertex 1.11839 -3.32123 0
    endloop
  endfacet
  facet normal -0 0 -1
    outer loop
      vertex 1.13807 -3.36954 0
      vertex -4.1 -5.6 0
      vertex 1.13421 -3.36194 0
    endloop
  endfacet
  facet normal -0 0 -1
    outer loop
      vertex 1.15403 -3.40088 0
      vertex -4.1 -5.6 0
      vertex 1.13807 -3.36954 0
    endloop
  endfacet
  facet normal -0 0 -1
    outer loop
      vertex 1.17764 -3.43761 0
      vertex -4.1 -5.6 0
      vertex 1.15403 -3.40088 0
    endloop
  endfacet
  facet normal -0 0 -1
    outer loop
      vertex 1.19932 -3.46487 0
      vertex -4.1 -5.6 0
      vertex 1.17764 -3.43761 0
    endloop
  endfacet
  facet normal -0 0 -1
    outer loop
      vertex 1.20479 -3.47174 0
      vertex -4.1 -5.6 0
      vertex 1.19932 -3.46487 0
    endloop
  endfacet
  facet normal -0 0 -1
    outer loop
      vertex 1.23516 -3.50289 0
      vertex -4.1 -5.6 0
      vertex 1.20479 -3.47174 0
    endloop
  endfacet
  facet normal -0 0 -1
    outer loop
      vertex 1.26844 -3.53072 0
      vertex -4.1 -5.6 0
      vertex 1.23516 -3.50289 0
    endloop
  endfacet
  facet normal -0 0 -1
    outer loop
      vertex 1.30426 -3.55493 0
      vertex -4.1 -5.6 0
      vertex 1.26844 -3.53072 0
    endloop
  endfacet
  facet normal 0 0 -1
    outer loop
      vertex 5.6 -4.1 0
      vertex 2.46003 -1.89228 0
      vertex 2.45907 -1.88293 0
    endloop
  endfacet
  facet normal 0 0 -1
    outer loop
      vertex 2.28471 2.30827 0
      vertex 5.6 4.1 0
      vertex 2.29092 2.30114 0
    endloop
  endfacet
  facet normal 0 0 -1
    outer loop
      vertex 2.26024 2.33635 0
      vertex 5.6 4.1 0
      vertex 2.28471 2.30827 0
    endloop
  endfacet
  facet normal 0 0 -1
    outer loop
      vertex 2.35881 2.18576 0
      vertex 5.6 4.1 0
      vertex 2.36266 2.17743 0
    endloop
  endfacet
  facet normal 0 0 -1
    outer loop
      vertex 2.36266 2.17743 0
      vertex 5.6 4.1 0
      vertex 2.36573 2.1688 0
    endloop
  endfacet
  facet normal 0 0 -1
    outer loop
      vertex 2.41635 -1.76503 0
      vertex 5.6 4.1 0
      vertex 2.43118 -1.79403 0
    endloop
  endfacet
  facet normal 0 0 -1
    outer loop
      vertex 2.35455 1.75764 0
      vertex 5.6 4.1 0
      vertex 2.41635 -1.76503 0
    endloop
  endfacet
  facet normal 0 -0 -1
    outer loop
      vertex 4.1 5.6 0
      vertex 5.6 4.1 0
      vertex 2.26024 2.33635 0
    endloop
  endfacet
  facet normal 0 0 -1
    outer loop
      vertex 5.6 4.1 0
      vertex 4.1 5.6 0
      vertex 5.59057 4.26795 0
    endloop
  endfacet
  facet normal 0 0 -1
    outer loop
      vertex 5.51582 4.59542 0
      vertex 4.1 5.6 0
      vertex 5.45145 4.75082 0
    endloop
  endfacet
  facet normal 0 0 -1
    outer loop
      vertex 5.45145 4.75082 0
      vertex 4.1 5.6 0
      vertex 5.37009 4.89805 0
    endloop
  endfacet
  facet normal 0 0 -1
    outer loop
      vertex 5.37009 4.89805 0
      vertex 4.1 5.6 0
      vertex 5.27275 5.03523 0
    endloop
  endfacet
  facet normal 0 0 -1
    outer loop
      vertex 5.27275 5.03523 0
      vertex 4.1 5.6 0
      vertex 5.16066 5.16066 0
    endloop
  endfacet
  facet normal 0 0 -1
    outer loop
      vertex 5.16066 5.16066 0
      vertex 4.1 5.6 0
      vertex 5.03523 5.27275 0
    endloop
  endfacet
  facet normal 0 0 -1
    outer loop
      vertex 5.03523 5.27275 0
      vertex 4.1 5.6 0
      vertex 4.89805 5.37009 0
    endloop
  endfacet
  facet normal 0 0 -1
    outer loop
      vertex 4.75082 5.45145 0
      vertex 4.1 5.6 0
      vertex 4.59542 5.51582 0
    endloop
  endfacet
  facet normal 0 0 -1
    outer loop
      vertex 4.59542 5.51582 0
      vertex 4.1 5.6 0
      vertex 4.43378 5.56239 0
    endloop
  endfacet
  facet normal 0 0 -1
    outer loop
      vertex 4.43378 5.56239 0
      vertex 4.1 5.6 0
      vertex 4.26795 5.59057 0
    endloop
  endfacet
  facet normal 0 0 -1
    outer loop
      vertex 4.89805 5.37009 0
      vertex 4.1 5.6 0
      vertex 4.75082 5.45145 0
    endloop
  endfacet
  facet normal 0 0 -1
    outer loop
      vertex 5.56239 4.43378 0
      vertex 4.1 5.6 0
      vertex 5.51582 4.59542 0
    endloop
  endfacet
  facet normal 0 0 -1
    outer loop
      vertex 5.59057 4.26795 0
      vertex 4.1 5.6 0
      vertex 5.56239 4.43378 0
    endloop
  endfacet
  facet normal 0 0 -1
    outer loop
      vertex 2.2337 2.36131 0
      vertex 4.1 5.6 0
      vertex 2.26024 2.33635 0
    endloop
  endfacet
  facet normal 0 0 -1
    outer loop
      vertex 2.22672 2.36788 0
      vertex 4.1 5.6 0
      vertex 2.2337 2.36131 0
    endloop
  endfacet
  facet normal 0 0 -1
    outer loop
      vertex 2.19071 2.39537 0
      vertex 4.1 5.6 0
      vertex 2.22672 2.36788 0
    endloop
  endfacet
  facet normal 0 0 -1
    outer loop
      vertex 2.18261 2.4003 0
      vertex 4.1 5.6 0
      vertex 2.19071 2.39537 0
    endloop
  endfacet
  facet normal 0 0 -1
    outer loop
      vertex 2.15261 2.41854 0
      vertex 4.1 5.6 0
      vertex 2.18261 2.4003 0
    endloop
  endfacet
  facet normal 0 0 -1
    outer loop
      vertex 2.12146 2.43309 0
      vertex 4.1 5.6 0
      vertex 2.15261 2.41854 0
    endloop
  endfacet
  facet normal 0 0 -1
    outer loop
      vertex 2.11284 2.43711 0
      vertex 4.1 5.6 0
      vertex 2.12146 2.43309 0
    endloop
  endfacet
  facet normal 0 0 -1
    outer loop
      vertex 2.0808 2.44788 0
      vertex 4.1 5.6 0
      vertex 2.11284 2.43711 0
    endloop
  endfacet
  facet normal 0 0 -1
    outer loop
      vertex 2.07184 2.4509 0
      vertex 4.1 5.6 0
      vertex 2.0808 2.44788 0
    endloop
  endfacet
  facet normal 0 0 -1
    outer loop
      vertex 2.03004 2.45974 0
      vertex 4.1 5.6 0
      vertex 2.07184 2.4509 0
    endloop
  endfacet
  facet normal 0 0 -1
    outer loop
      vertex 2.02074 2.46059 0
      vertex 4.1 5.6 0
      vertex 2.03004 2.45974 0
    endloop
  endfacet
  facet normal 0 0 -1
    outer loop
      vertex 1.98792 2.46355 0
      vertex 4.1 5.6 0
      vertex 2.02074 2.46059 0
    endloop
  endfacet
  facet normal 0 0 -1
    outer loop
      vertex 1.95527 2.46256 0
      vertex 4.1 5.6 0
      vertex 1.98792 2.46355 0
    endloop
  endfacet
  facet normal 0 0 -1
    outer loop
      vertex 1.94594 2.46228 0
      vertex 4.1 5.6 0
      vertex 1.95527 2.46256 0
    endloop
  endfacet
  facet normal 0 0 -1
    outer loop
      vertex 1.93673 2.46087 0
      vertex 4.1 5.6 0
      vertex 1.94594 2.46228 0
    endloop
  endfacet
  facet normal 0 0 -1
    outer loop
      vertex 1.90454 2.45595 0
      vertex 4.1 5.6 0
      vertex 1.93673 2.46087 0
    endloop
  endfacet
  facet normal 0 0 -1
    outer loop
      vertex 1.86419 2.44461 0
      vertex 4.1 5.6 0
      vertex 1.90454 2.45595 0
    endloop
  endfacet
  facet normal 0 0 -1
    outer loop
      vertex 1.82534 2.42841 0
      vertex 4.1 5.6 0
      vertex 1.86419 2.44461 0
    endloop
  endfacet
  facet normal 0 0 -1
    outer loop
      vertex -4.1 5.6 0
      vertex 1.82534 2.42841 0
      vertex 1.79653 2.41212 0
    endloop
  endfacet
  facet normal 0 0 -1
    outer loop
      vertex -4.1 5.6 0
      vertex 1.79653 2.41212 0
      vertex 1.78839 2.40751 0
    endloop
  endfacet
  facet normal 0 0 -1
    outer loop
      vertex -4.1 5.6 0
      vertex 1.78839 2.40751 0
      vertex 1.75377 2.38215 0
    endloop
  endfacet
  facet normal 0 0 -1
    outer loop
      vertex -4.1 5.6 0
      vertex 1.75377 2.38215 0
      vertex 1.72184 2.3526 0
    endloop
  endfacet
  facet normal 0 0 -1
    outer loop
      vertex -4.1 5.6 0
      vertex 1.72184 2.3526 0
      vertex 1.71561 2.34539 0
    endloop
  endfacet
  facet normal 0 0 -1
    outer loop
      vertex -4.1 5.6 0
      vertex 1.71561 2.34539 0
      vertex 1.69296 2.31918 0
    endloop
  endfacet
  facet normal 0 0 -1
    outer loop
      vertex 1.59868 2.06049 0
      vertex 1.60401 2.10822 0
      vertex 1.60297 2.09889 0
    endloop
  endfacet
  facet normal 0 0 1
    outer loop
      vertex 1.59775 2.0121 0
      vertex 1.59868 2.06049 0
      vertex 1.5985 2.05124 0
    endloop
  endfacet
  facet normal 0 0 -1
    outer loop
      vertex 1.60906 1.91544 0
      vertex -5.6 4.1 0
      vertex 1.60265 1.95479 0
    endloop
  endfacet
  facet normal 0 0 -1
    outer loop
      vertex 1.60265 1.95479 0
      vertex -5.6 4.1 0
      vertex 1.60122 1.96357 0
    endloop
  endfacet
  facet normal 0 0 -1
    outer loop
      vertex 1.60122 1.96357 0
      vertex -5.6 4.1 0
      vertex 1.60058 1.9725 0
    endloop
  endfacet
  facet normal 0 0 -1
    outer loop
      vertex -5.6 -4.1 0
      vertex 1.56961 -1.90138 0
      vertex 1.56737 -1.90749 0
    endloop
  endfacet
  facet normal 0 0 -1
    outer loop
      vertex -5.6 -4.1 0
      vertex 1.56737 -1.90749 0
      vertex 1.5539 -1.94425 0
    endloop
  endfacet
  facet normal 0 0 -1
    outer loop
      vertex -5.6 -4.1 0
      vertex 1.5539 -1.94425 0
      vertex 1.54309 -1.98774 0
    endloop
  endfacet
  facet normal 0 0 -1
    outer loop
      vertex 1.16946 -2.95102 0
      vertex 1.54309 -1.98774 0
      vertex 1.54229 -1.9937 0
    endloop
  endfacet
  facet normal 0 0 -1
    outer loop
      vertex 1.16946 -2.95102 0
      vertex 1.54229 -1.9937 0
      vertex 1.53728 -2.03136 0
    endloop
  endfacet
  facet normal 0 0 -1
    outer loop
      vertex 1.19547 -2.91781 0
      vertex 1.53728 -2.03136 0
      vertex 1.53663 -2.06889 0
    endloop
  endfacet
  facet normal 0 0 -1
    outer loop
      vertex 1.19547 -2.91781 0
      vertex 1.53663 -2.06889 0
      vertex 1.53653 -2.07464 0
    endloop
  endfacet
  facet normal -0 0 -1
    outer loop
      vertex 1.58359 -2.235 0
      vertex 1.36867 -2.80413 0
      vertex 1.58112 -2.23016 0
    endloop
  endfacet
  facet normal 0 0 -1
    outer loop
      vertex 1.3295 -2.81898 0
      vertex 1.58112 -2.23016 0
      vertex 1.36867 -2.80413 0
    endloop
  endfacet
  facet normal -0 0 -1
    outer loop
      vertex 1.58112 -2.23016 0
      vertex 1.3295 -2.81898 0
      vertex 1.56453 -2.19772 0
    endloop
  endfacet
  facet normal 0 0 -1
    outer loop
      vertex 1.2922 -2.838 0
      vertex 1.56453 -2.19772 0
      vertex 1.3295 -2.81898 0
    endloop
  endfacet
  facet normal -0 0 -1
    outer loop
      vertex 1.56453 -2.19772 0
      vertex 1.2922 -2.838 0
      vertex 1.55024 -2.15828 0
    endloop
  endfacet
  facet normal 0 0 -1
    outer loop
      vertex 1.25718 -2.86099 0
      vertex 1.55024 -2.15828 0
      vertex 1.2922 -2.838 0
    endloop
  endfacet
  facet normal -0 0 -1
    outer loop
      vertex 1.55024 -2.15828 0
      vertex 1.25718 -2.86099 0
      vertex 1.54901 -2.15291 0
    endloop
  endfacet
  facet normal -0 0 -1
    outer loop
      vertex 1.54901 -2.15291 0
      vertex 1.25718 -2.86099 0
      vertex 1.54087 -2.1171 0
    endloop
  endfacet
  facet normal 0 0 -1
    outer loop
      vertex 1.22482 -2.88769 0
      vertex 1.54087 -2.1171 0
      vertex 1.25718 -2.86099 0
    endloop
  endfacet
  facet normal -0 0 -1
    outer loop
      vertex 1.54087 -2.1171 0
      vertex 1.22482 -2.88769 0
      vertex 1.53711 -2.08027 0
    endloop
  endfacet
  facet normal -0 0 -1
    outer loop
      vertex 1.53711 -2.08027 0
      vertex 1.22482 -2.88769 0
      vertex 1.53653 -2.07464 0
    endloop
  endfacet
  facet normal 0 0 -1
    outer loop
      vertex 1.21974 -2.8929 0
      vertex 1.53653 -2.07464 0
      vertex 1.22482 -2.88769 0
    endloop
  endfacet
  facet normal 0 0 -1
    outer loop
      vertex 1.19547 -2.91781 0
      vertex 1.53653 -2.07464 0
      vertex 1.21974 -2.8929 0
    endloop
  endfacet
  facet normal 0 0 -1
    outer loop
      vertex 1.53728 -2.03136 0
      vertex 1.19547 -2.91781 0
      vertex 1.174 -2.94522 0
    endloop
  endfacet
  facet normal 0 0 -1
    outer loop
      vertex 1.53728 -2.03136 0
      vertex 1.174 -2.94522 0
      vertex 1.16946 -2.95102 0
    endloop
  endfacet
  facet normal 0 0 -1
    outer loop
      vertex 1.54309 -1.98774 0
      vertex 1.16946 -2.95102 0
      vertex 1.16554 -2.95731 0
    endloop
  endfacet
  facet normal -0 0 -1
    outer loop
      vertex 1.56961 -1.90138 0
      vertex -5.6 -4.1 0
      vertex -5.6 4.1 0
    endloop
  endfacet
  facet normal 0 0 -1
    outer loop
      vertex 1.54309 -1.98774 0
      vertex 1.16554 -2.95731 0
      vertex 1.14707 -2.98696 0
    endloop
  endfacet
  facet normal 0 0 -1
    outer loop
      vertex 1.54309 -1.98774 0
      vertex 1.14707 -2.98696 0
      vertex -5.6 -4.1 0
    endloop
  endfacet
  facet normal 0 0 -1
    outer loop
      vertex -5.6 -4.1 0
      vertex 1.14707 -2.98696 0
      vertex 1.13183 -3.01845 0
    endloop
  endfacet
  facet normal 0 0 -1
    outer loop
      vertex -5.6 -4.1 0
      vertex 1.13183 -3.01845 0
      vertex 1.12854 -3.02523 0
    endloop
  endfacet
  facet normal 0 0 -1
    outer loop
      vertex -5.6 -4.1 0
      vertex 1.12854 -3.02523 0
      vertex 1.11409 -3.06542 0
    endloop
  endfacet
  facet normal 0 0 -1
    outer loop
      vertex -5.6 -4.1 0
      vertex 1.11409 -3.06542 0
      vertex 1.10386 -3.10708 0
    endloop
  endfacet
  facet normal 0 0 -1
    outer loop
      vertex -4.1 -5.6 0
      vertex 1.10386 -3.10708 0
      vertex 1.10279 -3.11482 0
    endloop
  endfacet
  facet normal 0 0 -1
    outer loop
      vertex -4.1 -5.6 0
      vertex 1.10279 -3.11482 0
      vertex 1.09798 -3.14976 0
    endloop
  endfacet
  facet normal 0 0 -1
    outer loop
      vertex -4.1 -5.6 0
      vertex 1.09677 -3.185 0
      vertex 1.09649 -3.19299 0
    endloop
  endfacet
  facet normal 0 0 -1
    outer loop
      vertex -4.1 -5.6 0
      vertex 1.09798 -3.14976 0
      vertex 1.09677 -3.185 0
    endloop
  endfacet
  facet normal 0 0 -1
    outer loop
      vertex 1.10386 -3.10708 0
      vertex -4.1 -5.6 0
      vertex -5.6 -4.1 0
    endloop
  endfacet
  facet normal 0 0 -1
    outer loop
      vertex 1.60058 1.9725 0
      vertex -5.6 4.1 0
      vertex 1.59775 2.0121 0
    endloop
  endfacet
  facet normal 0 0 -1
    outer loop
      vertex 1.59775 2.0121 0
      vertex -5.6 4.1 0
      vertex 1.59868 2.06049 0
    endloop
  endfacet
  facet normal 0 -0 -1
    outer loop
      vertex -4.1 5.6 0
      vertex 1.59868 2.06049 0
      vertex -5.6 4.1 0
    endloop
  endfacet
  facet normal 0 0 -1
    outer loop
      vertex 1.59868 2.06049 0
      vertex -4.1 5.6 0
      vertex 1.60401 2.10822 0
    endloop
  endfacet
  facet normal 0 0 -1
    outer loop
      vertex 1.60401 2.10822 0
      vertex -4.1 5.6 0
      vertex 1.60592 2.11739 0
    endloop
  endfacet
  facet normal 0 0 -1
    outer loop
      vertex 1.60592 2.11739 0
      vertex -4.1 5.6 0
      vertex 1.61368 2.15476 0
    endloop
  endfacet
  facet normal 0 0 -1
    outer loop
      vertex 1.61368 2.15476 0
      vertex -4.1 5.6 0
      vertex 1.62476 2.19049 0
    endloop
  endfacet
  facet normal 0 0 -1
    outer loop
      vertex 1.62476 2.19049 0
      vertex -4.1 5.6 0
      vertex 1.62759 2.19961 0
    endloop
  endfacet
  facet normal 0 0 -1
    outer loop
      vertex 1.62759 2.19961 0
      vertex -4.1 5.6 0
      vertex 1.64558 2.24227 0
    endloop
  endfacet
  facet normal 0 0 -1
    outer loop
      vertex 1.82534 2.42841 0
      vertex -4.1 5.6 0
      vertex 4.1 5.6 0
    endloop
  endfacet
  facet normal 0 0 -1
    outer loop
      vertex 1.64558 2.24227 0
      vertex -4.1 5.6 0
      vertex 1.66745 2.28227 0
    endloop
  endfacet
  facet normal 0 0 -1
    outer loop
      vertex -5.6 -4.1 0
      vertex -4.1 -5.6 0
      vertex -4.26795 -5.59057 0
    endloop
  endfacet
  facet normal 0 0 -1
    outer loop
      vertex 1.66745 2.28227 0
      vertex -4.1 5.6 0
      vertex 1.67284 2.29008 0
    endloop
  endfacet
  facet normal 0 0 -1
    outer loop
      vertex -5.6 -4.1 0
      vertex -4.26795 -5.59057 0
      vertex -4.43378 -5.56239 0
    endloop
  endfacet
  facet normal 0 0 -1
    outer loop
      vertex 1.67284 2.29008 0
      vertex -4.1 5.6 0
      vertex 1.69296 2.31918 0
    endloop
  endfacet
  facet normal 0 0 -1
    outer loop
      vertex -5.6 -4.1 0
      vertex -4.43378 -5.56239 0
      vertex -4.59542 -5.51582 0
    endloop
  endfacet
  facet normal 0 0 -1
    outer loop
      vertex -4.1 5.6 0
      vertex -5.6 4.1 0
      vertex -4.26795 5.59057 0
    endloop
  endfacet
  facet normal 0 0 -1
    outer loop
      vertex -5.6 -4.1 0
      vertex -4.59542 -5.51582 0
      vertex -4.75082 -5.45145 0
    endloop
  endfacet
  facet normal 0 0 -1
    outer loop
      vertex -4.26795 5.59057 0
      vertex -5.6 4.1 0
      vertex -4.43378 5.56239 0
    endloop
  endfacet
  facet normal 0 0 -1
    outer loop
      vertex -5.6 -4.1 0
      vertex -4.75082 -5.45145 0
      vertex -4.89805 -5.37009 0
    endloop
  endfacet
  facet normal 0 0 -1
    outer loop
      vertex -4.43378 5.56239 0
      vertex -5.6 4.1 0
      vertex -4.59542 5.51582 0
    endloop
  endfacet
  facet normal 0 0 -1
    outer loop
      vertex -5.6 -4.1 0
      vertex -4.89805 -5.37009 0
      vertex -5.03523 -5.27275 0
    endloop
  endfacet
  facet normal 0 0 -1
    outer loop
      vertex -4.59542 5.51582 0
      vertex -5.6 4.1 0
      vertex -4.75082 5.45145 0
    endloop
  endfacet
  facet normal 0 0 -1
    outer loop
      vertex -5.6 -4.1 0
      vertex -5.03523 -5.27275 0
      vertex -5.16066 -5.16066 0
    endloop
  endfacet
  facet normal 0 0 -1
    outer loop
      vertex -4.75082 5.45145 0
      vertex -5.6 4.1 0
      vertex -4.89805 5.37009 0
    endloop
  endfacet
  facet normal 0 0 -1
    outer loop
      vertex -5.6 -4.1 0
      vertex -5.16066 -5.16066 0
      vertex -5.27275 -5.03523 0
    endloop
  endfacet
  facet normal 0 0 -1
    outer loop
      vertex -4.89805 5.37009 0
      vertex -5.6 4.1 0
      vertex -5.03523 5.27275 0
    endloop
  endfacet
  facet normal 0 0 -1
    outer loop
      vertex -5.6 -4.1 0
      vertex -5.27275 -5.03523 0
      vertex -5.37009 -4.89805 0
    endloop
  endfacet
  facet normal 0 0 -1
    outer loop
      vertex -5.03523 5.27275 0
      vertex -5.6 4.1 0
      vertex -5.16066 5.16066 0
    endloop
  endfacet
  facet normal 0 0 -1
    outer loop
      vertex -5.6 -4.1 0
      vertex -5.37009 -4.89805 0
      vertex -5.45145 -4.75082 0
    endloop
  endfacet
  facet normal 0 0 -1
    outer loop
      vertex -5.16066 5.16066 0
      vertex -5.6 4.1 0
      vertex -5.27275 5.03523 0
    endloop
  endfacet
  facet normal 0 0 -1
    outer loop
      vertex -5.6 -4.1 0
      vertex -5.45145 -4.75082 0
      vertex -5.51582 -4.59542 0
    endloop
  endfacet
  facet normal 0 0 -1
    outer loop
      vertex -5.27275 5.03523 0
      vertex -5.6 4.1 0
      vertex -5.37009 4.89805 0
    endloop
  endfacet
  facet normal 0 0 -1
    outer loop
      vertex -5.6 -4.1 0
      vertex -5.51582 -4.59542 0
      vertex -5.56239 -4.43378 0
    endloop
  endfacet
  facet normal 0 0 -1
    outer loop
      vertex -5.37009 4.89805 0
      vertex -5.6 4.1 0
      vertex -5.45145 4.75082 0
    endloop
  endfacet
  facet normal 0 0 -1
    outer loop
      vertex -5.6 -4.1 0
      vertex -5.56239 -4.43378 0
      vertex -5.59057 -4.26795 0
    endloop
  endfacet
  facet normal 0 0 -1
    outer loop
      vertex -5.45145 4.75082 0
      vertex -5.6 4.1 0
      vertex -5.51582 4.59542 0
    endloop
  endfacet
  facet normal 0 0 -1
    outer loop
      vertex -5.51582 4.59542 0
      vertex -5.6 4.1 0
      vertex -5.56239 4.43378 0
    endloop
  endfacet
  facet normal 0 0 -1
    outer loop
      vertex -5.56239 4.43378 0
      vertex -5.6 4.1 0
      vertex -5.59057 4.26795 0
    endloop
  endfacet
  facet normal 0 0 -1
    outer loop
      vertex 1.84592 -2.99901 0
      vertex 2.11314 -2.38566 0
      vertex 1.86185 -3.03031 0
    endloop
  endfacet
  facet normal 0 0 -1
    outer loop
      vertex 1.8223 -2.96228 0
      vertex 2.06551 -2.40009 0
      vertex 1.82684 -2.96934 0
    endloop
  endfacet
  facet normal 0 0 -1
    outer loop
      vertex 2.06551 -2.40009 0
      vertex 1.8223 -2.96228 0
      vertex 2.02492 -2.40852 0
    endloop
  endfacet
  facet normal 0 0 -1
    outer loop
      vertex 2.02492 -2.40852 0
      vertex 1.8223 -2.96228 0
      vertex 2.01716 -2.41013 0
    endloop
  endfacet
  facet normal 0 0 -1
    outer loop
      vertex 1.79516 -2.92815 0
      vertex 2.01716 -2.41013 0
      vertex 1.8223 -2.96228 0
    endloop
  endfacet
  facet normal 0 0 -1
    outer loop
      vertex 2.01716 -2.41013 0
      vertex 1.79516 -2.92815 0
      vertex 2.00944 -2.41102 0
    endloop
  endfacet
  facet normal 0 0 -1
    outer loop
      vertex 2.00944 -2.41102 0
      vertex 1.79516 -2.92815 0
      vertex 1.96862 -2.41569 0
    endloop
  endfacet
  facet normal 0 0 -1
    outer loop
      vertex 1.76478 -2.897 0
      vertex 1.96862 -2.41569 0
      vertex 1.79516 -2.92815 0
    endloop
  endfacet
  facet normal 0 0 -1
    outer loop
      vertex 1.96862 -2.41569 0
      vertex 1.76478 -2.897 0
      vertex 1.92774 -2.41654 0
    endloop
  endfacet
  facet normal 0 0 -1
    outer loop
      vertex 1.92774 -2.41654 0
      vertex 1.76478 -2.897 0
      vertex 1.92043 -2.41669 0
    endloop
  endfacet
  facet normal 0 0 -1
    outer loop
      vertex 1.73767 -2.87432 0
      vertex 1.92043 -2.41669 0
      vertex 1.76478 -2.897 0
    endloop
  endfacet
  facet normal 0 0 -1
    outer loop
      vertex 1.7315 -2.86917 0
      vertex 1.92043 -2.41669 0
      vertex 1.73767 -2.87432 0
    endloop
  endfacet
  facet normal -0 0 -1
    outer loop
      vertex 1.92043 -2.41669 0
      vertex 1.7315 -2.86917 0
      vertex 1.91331 -2.41615 0
    endloop
  endfacet
  facet normal -0 0 -1
    outer loop
      vertex 1.91331 -2.41615 0
      vertex 1.7315 -2.86917 0
      vertex 1.87311 -2.41312 0
    endloop
  endfacet
  facet normal 0 0 -1
    outer loop
      vertex 1.7249 -2.8647 0
      vertex 1.87311 -2.41312 0
      vertex 1.7315 -2.86917 0
    endloop
  endfacet
  facet normal 0 0 -1
    outer loop
      vertex 1.69569 -2.84496 0
      vertex 1.87311 -2.41312 0
      vertex 1.7249 -2.8647 0
    endloop
  endfacet
  facet normal -0 0 -1
    outer loop
      vertex 1.87311 -2.41312 0
      vertex 1.69569 -2.84496 0
      vertex 1.82718 -2.40503 0
    endloop
  endfacet
  facet normal 0 0 -1
    outer loop
      vertex 1.65772 -2.82464 0
      vertex 1.82718 -2.40503 0
      vertex 1.69569 -2.84496 0
    endloop
  endfacet
  facet normal -0 0 -1
    outer loop
      vertex 1.82718 -2.40503 0
      vertex 1.65772 -2.82464 0
      vertex 1.78314 -2.3925 0
    endloop
  endfacet
  facet normal 0 0 -1
    outer loop
      vertex 1.65056 -2.82172 0
      vertex 1.78314 -2.3925 0
      vertex 1.65772 -2.82464 0
    endloop
  endfacet
  facet normal 0 0 -1
    outer loop
      vertex 1.61804 -2.80844 0
      vertex 1.78314 -2.3925 0
      vertex 1.65056 -2.82172 0
    endloop
  endfacet
  facet normal -0 0 -1
    outer loop
      vertex 1.78314 -2.3925 0
      vertex 1.61804 -2.80844 0
      vertex 1.74722 -2.37799 0
    endloop
  endfacet
  facet normal 0 0 -1
    outer loop
      vertex 1.58433 -2.79863 0
      vertex 1.74722 -2.37799 0
      vertex 1.61804 -2.80844 0
    endloop
  endfacet
  facet normal -0 0 -1
    outer loop
      vertex 1.74722 -2.37799 0
      vertex 1.58433 -2.79863 0
      vertex 1.74148 -2.37567 0
    endloop
  endfacet
  facet normal 0 0 -1
    outer loop
      vertex 1.57705 -2.79652 0
      vertex 1.74148 -2.37567 0
      vertex 1.58433 -2.79863 0
    endloop
  endfacet
  facet normal -0 0 -1
    outer loop
      vertex 1.74148 -2.37567 0
      vertex 1.57705 -2.79652 0
      vertex 1.73615 -2.3728 0
    endloop
  endfacet
  facet normal 0 0 -1
    outer loop
      vertex 1.56965 -2.79519 0
      vertex 1.73615 -2.3728 0
      vertex 1.57705 -2.79652 0
    endloop
  endfacet
  facet normal -0 0 -1
    outer loop
      vertex 1.73615 -2.3728 0
      vertex 1.56965 -2.79519 0
      vertex 1.70264 -2.35473 0
    endloop
  endfacet
  facet normal 0 0 -1
    outer loop
      vertex 1.53523 -2.78902 0
      vertex 1.70264 -2.35473 0
      vertex 1.56965 -2.79519 0
    endloop
  endfacet
  facet normal -0 0 -1
    outer loop
      vertex 1.70264 -2.35473 0
      vertex 1.53523 -2.78902 0
      vertex 1.67181 -2.3332 0
    endloop
  endfacet
  facet normal 0 0 -1
    outer loop
      vertex 1.5004 -2.78655 0
      vertex 1.67181 -2.3332 0
      vertex 1.53523 -2.78902 0
    endloop
  endfacet
  facet normal -0 0 -1
    outer loop
      vertex 1.67181 -2.3332 0
      vertex 1.5004 -2.78655 0
      vertex 1.66707 -2.3299 0
    endloop
  endfacet
  facet normal 0 0 -1
    outer loop
      vertex 1.49301 -2.78603 0
      vertex 1.66707 -2.3299 0
      vertex 1.5004 -2.78655 0
    endloop
  endfacet
  facet normal -0 0 -1
    outer loop
      vertex 1.66707 -2.3299 0
      vertex 1.49301 -2.78603 0
      vertex 1.66283 -2.32612 0
    endloop
  endfacet
  facet normal -0 0 -1
    outer loop
      vertex 1.66283 -2.32612 0
      vertex 1.49301 -2.78603 0
      vertex 1.63515 -2.30145 0
    endloop
  endfacet
  facet normal 0 0 -1
    outer loop
      vertex 1.4582 -2.7873 0
      vertex 1.63515 -2.30145 0
      vertex 1.49301 -2.78603 0
    endloop
  endfacet
  facet normal 0 0 -1
    outer loop
      vertex 1.45088 -2.78757 0
      vertex 1.63515 -2.30145 0
      vertex 1.4582 -2.7873 0
    endloop
  endfacet
  facet normal -0 0 -1
    outer loop
      vertex 1.63515 -2.30145 0
      vertex 1.45088 -2.78757 0
      vertex 1.63148 -2.29728 0
    endloop
  endfacet
  facet normal 0 0 -1
    outer loop
      vertex 1.44365 -2.78862 0
      vertex 1.63148 -2.29728 0
      vertex 1.45088 -2.78757 0
    endloop
  endfacet
  facet normal -0 0 -1
    outer loop
      vertex 1.63148 -2.29728 0
      vertex 1.44365 -2.78862 0
      vertex 1.60722 -2.2697 0
    endloop
  endfacet
  facet normal 0 0 -1
    outer loop
      vertex 1.40928 -2.79362 0
      vertex 1.60722 -2.2697 0
      vertex 1.44365 -2.78862 0
    endloop
  endfacet
  facet normal -0 0 -1
    outer loop
      vertex 1.60722 -2.2697 0
      vertex 1.40928 -2.79362 0
      vertex 1.58666 -2.23951 0
    endloop
  endfacet
  facet normal 0 0 -1
    outer loop
      vertex 1.36867 -2.80413 0
      vertex 1.58666 -2.23951 0
      vertex 1.40928 -2.79362 0
    endloop
  endfacet
  facet normal -0 0 -1
    outer loop
      vertex 1.58666 -2.23951 0
      vertex 1.36867 -2.80413 0
      vertex 1.58359 -2.235 0
    endloop
  endfacet
  facet normal -0.995029 -0.0711467 -0.0696875
    outer loop
      vertex 2.39891 2.03634 0
      vertex 1.98244 4.18783 3.75
      vertex 1.97897 4.23636 3.75
    endloop
  endfacet
  facet normal -0.995028 -0.0711613 -0.0696791
    outer loop
      vertex 1.98244 4.18783 3.75
      vertex 2.39891 2.03634 0
      vertex 2.40238 1.98782 0
    endloop
  endfacet
  facet normal -0.475028 -0.78118 0.4051
    outer loop
      vertex 2.18261 2.4003 0
      vertex 1.77077 4.59539 3.75
      vertex 1.7327 4.61854 3.75
    endloop
  endfacet
  facet normal -0.475371 -0.781035 0.404978
    outer loop
      vertex 1.77077 4.59539 3.75
      vertex 2.18261 2.4003 0
      vertex 2.19071 2.39537 0
    endloop
  endfacet
  facet normal -0.181262 -0.85696 0.482457
    outer loop
      vertex 1.72209 4.07309 2.75
      vertex 2.03004 2.45974 0
      vertex 1.73112 4.07118 2.75
    endloop
  endfacet
  facet normal -0.181515 -0.856933 0.482409
    outer loop
      vertex 1.66289 4.38323 3.27864
      vertex 1.65384 4.64072 3.73263
      vertex 1.61287 4.6453 3.72535
    endloop
  endfacet
  facet normal -0.181557 -0.856926 0.482405
    outer loop
      vertex 1.70039 4.32355 3.18674
      vertex 1.65384 4.64072 3.73263
      vertex 1.66289 4.38323 3.27864
    endloop
  endfacet
  facet normal -0.181057 -0.856988 0.482483
    outer loop
      vertex 1.72997 4.23901 3.04768
      vertex 1.65384 4.64072 3.73263
      vertex 1.70039 4.32355 3.18674
    endloop
  endfacet
  facet normal -0.181233 -0.856963 0.482462
    outer loop
      vertex 2.07184 2.4509 0
      vertex 1.73112 4.07118 2.75
      vertex 2.03004 2.45974 0
    endloop
  endfacet
  facet normal -0.181444 -0.85694 0.482422
    outer loop
      vertex 1.73112 4.07118 2.75
      vertex 2.07184 2.4509 0
      vertex 1.74 4.15 2.89335
    endloop
  endfacet
  facet normal -0.192527 -0.855645 0.480421
    outer loop
      vertex 1.72997 4.23901 3.04768
      vertex 2.07184 2.4509 0
      vertex 1.65384 4.64072 3.73263
    endloop
  endfacet
  facet normal -0.180919 -0.856998 0.482517
    outer loop
      vertex 1.74 4.15 2.89335
      vertex 2.07184 2.4509 0
      vertex 1.72997 4.23901 3.04768
    endloop
  endfacet
  facet normal -0.919694 0.284925 -0.270149
    outer loop
      vertex 2.38644 1.84515 0
      vertex 1.96571 4.04262 3.75
      vertex 1.9665 4.04517 3.75
    endloop
  endfacet
  facet normal -0.919587 0.285155 -0.270271
    outer loop
      vertex 1.96571 4.04262 3.75
      vertex 2.38644 1.84515 0
      vertex 2.3747 1.80729 0
    endloop
  endfacet
  facet normal -0.939364 -0.331143 0.0891087
    outer loop
      vertex 2.36573 2.1688 0
      vertex 1.959 4.33169 3.75
      vertex 1.95851 4.33308 3.75
    endloop
  endfacet
  facet normal -0.93826 -0.333811 0.0907676
    outer loop
      vertex 1.959 4.33169 3.75
      vertex 2.36573 2.1688 0
      vertex 2.37894 2.13167 0
    endloop
  endfacet
  facet normal 0.0961137 -0.503675 -0.85853
    outer loop
      vertex 1.32463 4.54827 3.75
      vertex 1.37092 4.59462 3.72799
      vertex 1.34512 4.55218 3.75
    endloop
  endfacet
  facet normal 0.0964579 -0.50393 -0.858342
    outer loop
      vertex 1.37092 4.59462 3.72799
      vertex 1.32463 4.54827 3.75
      vertex 1.3101 4.54663 3.74933
    endloop
  endfacet
  facet normal 0.685181 -0.592096 0.424204
    outer loop
      vertex 1.30319 4.54585 3.73847
      vertex 1.30232 4.55041 3.74624
      vertex 1.29618 4.54506 3.74869
    endloop
  endfacet
  facet normal 0.685006 -0.592305 0.424195
    outer loop
      vertex 1.39108 3.93956 2.75
      vertex 1.72184 2.3526 0
      vertex 1.41389 3.96594 2.75
    endloop
  endfacet
  facet normal 0.685239 -0.5921 0.424105
    outer loop
      vertex 1.72184 2.3526 0
      vertex 1.39108 3.93956 2.75
      vertex 1.71561 2.34539 0
    endloop
  endfacet
  facet normal -0.722129 -0.628911 0.288098
    outer loop
      vertex 2.28471 2.30827 0
      vertex 1.87098 4.50116 3.75
      vertex 1.84062 4.53602 3.75
    endloop
  endfacet
  facet normal -0.722106 -0.628931 0.288112
    outer loop
      vertex 1.87098 4.50116 3.75
      vertex 2.28471 2.30827 0
      vertex 2.29092 2.30114 0
    endloop
  endfacet
  facet normal -0.789657 -0.563689 0.242272
    outer loop
      vertex 2.29092 2.30114 0
      vertex 1.89847 4.46265 3.75
      vertex 1.87098 4.50116 3.75
    endloop
  endfacet
  facet normal -0.789657 -0.563689 0.242272
    outer loop
      vertex 1.89847 4.46265 3.75
      vertex 2.29092 2.30114 0
      vertex 2.31841 2.26263 0
    endloop
  endfacet
  facet normal 0.0966638 -0.502652 -0.859068
    outer loop
      vertex 1.71982 4.6237 3.75
      vertex 1.6938 4.63242 3.74197
      vertex 1.72112 4.62395 3.75
    endloop
  endfacet
  facet normal 0.0958422 -0.504299 -0.858194
    outer loop
      vertex 1.6938 4.63242 3.74197
      vertex 1.71982 4.6237 3.75
      vertex 1.65384 4.64072 3.73263
    endloop
  endfacet
  facet normal -0.756991 0.523056 -0.391633
    outer loop
      vertex 2.31089 1.68611 0
      vertex 1.88723 3.88074 3.75
      vertex 1.91102 3.91517 3.75
    endloop
  endfacet
  facet normal -0.756783 0.523278 -0.391739
    outer loop
      vertex 1.88723 3.88074 3.75
      vertex 2.31089 1.68611 0
      vertex 2.30717 1.68073 0
    endloop
  endfacet
  facet normal 0.789693 0.56365 -0.242246
    outer loop
      vertex 1.68613 1.73109 0
      vertex 1.2966 3.75489 3.43908
      vertex 1.31489 3.75283 3.49391
    endloop
  endfacet
  facet normal 0.790274 0.563022 -0.241812
    outer loop
      vertex 1.2966 3.75489 3.43908
      vertex 1.68613 1.73109 0
      vertex 1.68172 1.73728 0
    endloop
  endfacet
  facet normal -0.28043 -0.841291 0.462156
    outer loop
      vertex 2.15261 2.41854 0
      vertex 1.7327 4.61854 3.75
      vertex 1.73267 4.61855 3.75
    endloop
  endfacet
  facet normal -0.474972 -0.781204 0.405121
    outer loop
      vertex 1.7327 4.61854 3.75
      vertex 2.15261 2.41854 0
      vertex 2.18261 2.4003 0
    endloop
  endfacet
  facet normal 0.0961669 -0.503639 -0.858545
    outer loop
      vertex 1.6627 4.6128 3.75
      vertex 1.63421 4.60736 3.75
      vertex 1.57132 4.6461 3.72023
    endloop
  endfacet
  facet normal -0.986857 -0.160785 -0.0161821
    outer loop
      vertex 2.39106 2.08447 0
      vertex 1.97897 4.23636 3.75
      vertex 1.97113 4.28448 3.75
    endloop
  endfacet
  facet normal -0.986831 -0.160952 -0.0160832
    outer loop
      vertex 1.97897 4.23636 3.75
      vertex 2.39106 2.08447 0
      vertex 2.39891 2.03634 0
    endloop
  endfacet
  facet normal 0.0961455 -0.503689 -0.858518
    outer loop
      vertex 1.37092 4.59462 3.72799
      vertex 1.44581 4.5714 3.75
      vertex 1.34512 4.55218 3.75
    endloop
  endfacet
  facet normal 0.0961366 -0.503674 -0.858528
    outer loop
      vertex 1.44581 4.5714 3.75
      vertex 1.57132 4.6461 3.72023
      vertex 1.63421 4.60736 3.75
    endloop
  endfacet
  facet normal 0.0961462 -0.503687 -0.858519
    outer loop
      vertex 1.57132 4.6461 3.72023
      vertex 1.44581 4.5714 3.75
      vertex 1.37092 4.59462 3.72799
    endloop
  endfacet
  facet normal -0.849609 -0.490885 0.192861
    outer loop
      vertex 2.32314 2.25448 0
      vertex 1.92247 4.42126 3.75
      vertex 1.92195 4.42216 3.75
    endloop
  endfacet
  facet normal -0.848763 -0.492048 0.193623
    outer loop
      vertex 1.92247 4.42126 3.75
      vertex 2.32314 2.25448 0
      vertex 2.34241 2.22124 0
    endloop
  endfacet
  facet normal 0.992283 -0.019357 0.122476
    outer loop
      vertex 1.59775 2.0121 0
      vertex 1.26639 3.75829 2.9606
      vertex 1.26439 3.75852 2.97684
    endloop
  endfacet
  facet normal 0.992314 -0.0190147 0.122278
    outer loop
      vertex 1.26639 3.75829 2.9606
      vertex 1.59775 2.0121 0
      vertex 1.5985 2.05124 0
    endloop
  endfacet
  facet normal 0.685489 -0.59188 0.424007
    outer loop
      vertex 1.38501 3.93253 2.75
      vertex 1.71561 2.34539 0
      vertex 1.39108 3.93956 2.75
    endloop
  endfacet
  facet normal 0.685202 -0.592133 0.424119
    outer loop
      vertex 1.71561 2.34539 0
      vertex 1.38501 3.93253 2.75
      vertex 1.69296 2.31918 0
    endloop
  endfacet
  facet normal -0.403974 -0.807948 0.428981
    outer loop
      vertex 2.12146 2.43309 0
      vertex 1.73267 4.61855 3.75
      vertex 1.73265 4.61856 3.75
    endloop
  endfacet
  facet normal -0.380909 -0.815486 0.435765
    outer loop
      vertex 1.73267 4.61855 3.75
      vertex 2.12146 2.43309 0
      vertex 2.15261 2.41854 0
    endloop
  endfacet
  facet normal -0.992348 0.0186356 -0.12206
    outer loop
      vertex 2.40238 1.98782 0
      vertex 1.9824 4.1857 3.75
      vertex 1.98244 4.18783 3.75
    endloop
  endfacet
  facet normal -0.992295 0.01922 -0.122397
    outer loop
      vertex 1.9824 4.1857 3.75
      vertex 2.40238 1.98782 0
      vertex 2.4016 1.94755 0
    endloop
  endfacet
  facet normal -0.968305 -0.247085 0.036523
    outer loop
      vertex 2.37894 2.13167 0
      vertex 1.95937 4.33024 3.75
      vertex 1.959 4.33169 3.75
    endloop
  endfacet
  facet normal -0.967847 -0.248725 0.0375357
    outer loop
      vertex 1.95937 4.33024 3.75
      vertex 2.37894 2.13167 0
      vertex 2.38887 2.09303 0
    endloop
  endfacet
  facet normal 0.56373 0.738412 -0.370076
    outer loop
      vertex 1.80942 1.60454 0
      vertex 1.36852 3.75321 3.61562
      vertex 1.39863 3.75661 3.66827
    endloop
  endfacet
  facet normal 0.563711 0.738422 -0.370085
    outer loop
      vertex 1.36852 3.75321 3.61562
      vertex 1.80942 1.60454 0
      vertex 1.77341 1.63203 0
    endloop
  endfacet
  facet normal 0.995036 0.0708736 0.0698525
    outer loop
      vertex 1.60058 1.9725 0
      vertex 1.26439 3.75852 2.97684
      vertex 1.26328 3.75864 2.99253
    endloop
  endfacet
  facet normal 0.99503 0.0711094 0.0697102
    outer loop
      vertex 1.26439 3.75852 2.97684
      vertex 1.60058 1.9725 0
      vertex 1.59775 2.0121 0
    endloop
  endfacet
  facet normal 0.0780622 0.863682 -0.497956
    outer loop
      vertex 1.97591 1.53964 0
      vertex 1.59227 3.73638 3.75
      vertex 2.0122 1.53636 0
    endloop
  endfacet
  facet normal 0.0761338 0.863725 -0.498179
    outer loop
      vertex 1.59227 3.73638 3.75
      vertex 1.97591 1.53964 0
      vertex 1.58898 3.73667 3.75
    endloop
  endfacet
  facet normal 0.721549 0.629412 -0.288457
    outer loop
      vertex 1.73988 1.66356 0
      vertex 1.34 3.75 3.55234
      vertex 1.34159 3.75018 3.55671
    endloop
  endfacet
  facet normal 0.722057 0.628974 -0.288143
    outer loop
      vertex 1.34 3.75 3.55234
      vertex 1.73988 1.66356 0
      vertex 1.73515 1.66899 0
    endloop
  endfacet
  facet normal 0.722092 0.628943 -0.28812
    outer loop
      vertex 1.31986 3.75227 3.50682
      vertex 1.34 3.75 3.55234
      vertex 1.73515 1.66899 0
    endloop
  endfacet
  facet normal 0.646496 0.687424 -0.330895
    outer loop
      vertex 1.77341 1.63203 0
      vertex 1.34159 3.75018 3.55671
      vertex 1.36852 3.75321 3.61562
    endloop
  endfacet
  facet normal 0.64645 0.687455 -0.330919
    outer loop
      vertex 1.34159 3.75018 3.55671
      vertex 1.77341 1.63203 0
      vertex 1.73988 1.66356 0
    endloop
  endfacet
  facet normal 0.992296 -0.0192183 0.122393
    outer loop
      vertex 1.5985 2.05124 0
      vertex 1.27479 3.75735 2.89235
      vertex 1.26639 3.75829 2.9606
    endloop
  endfacet
  facet normal 0.992287 -0.0193094 0.122446
    outer loop
      vertex 1.27479 3.75735 2.89235
      vertex 1.5985 2.05124 0
      vertex 1.59868 2.06049 0
    endloop
  endfacet
  facet normal 0.100386 -0.507193 -0.855966
    outer loop
      vertex 1.30232 4.55041 3.74624
      vertex 1.29684 4.54514 3.74872
      vertex 1.29618 4.54506 3.74869
    endloop
  endfacet
  facet normal 0.756801 -0.523259 0.39173
    outer loop
      vertex 1.35949 3.89562 2.75
      vertex 1.67284 2.29008 0
      vertex 1.37961 3.92472 2.75
    endloop
  endfacet
  facet normal 0.757347 -0.522676 0.391452
    outer loop
      vertex 1.67284 2.29008 0
      vertex 1.35949 3.89562 2.75
      vertex 1.66745 2.28227 0
    endloop
  endfacet
  facet normal 0.0962346 -0.503714 -0.858493
    outer loop
      vertex 1.3101 4.54663 3.74933
      vertex 1.30232 4.55041 3.74624
      vertex 1.37092 4.59462 3.72799
    endloop
  endfacet
  facet normal 0.0961107 -0.503894 -0.858402
    outer loop
      vertex 1.30232 4.55041 3.74624
      vertex 1.3101 4.54663 3.74933
      vertex 1.29684 4.54514 3.74872
    endloop
  endfacet
  facet normal 0.605824 -0.654693 0.452055
    outer loop
      vertex 1.30319 4.54585 3.73847
      vertex 1.33539 4.57401 3.7361
      vertex 1.30232 4.55041 3.74624
    endloop
  endfacet
  facet normal 0.605873 -0.654763 0.451888
    outer loop
      vertex 1.33539 4.57401 3.7361
      vertex 1.30319 4.54585 3.73847
      vertex 1.33997 4.55 3.69517
    endloop
  endfacet
  facet normal 0.606015 -0.654619 0.451907
    outer loop
      vertex 1.72184 2.3526 0
      vertex 1.44581 3.99549 2.75
      vertex 1.41389 3.96594 2.75
    endloop
  endfacet
  facet normal 0.6059 -0.6547 0.451944
    outer loop
      vertex 1.44581 3.99549 2.75
      vertex 1.72184 2.3526 0
      vertex 1.75377 2.38215 0
    endloop
  endfacet
  facet normal -0.9382 -0.333954 0.0908569
    outer loop
      vertex 2.36266 2.17743 0
      vertex 1.95851 4.33308 3.75
      vertex 1.94272 4.37744 3.75
    endloop
  endfacet
  facet normal -0.938274 -0.333778 0.0907478
    outer loop
      vertex 1.95851 4.33308 3.75
      vertex 2.36266 2.17743 0
      vertex 2.36573 2.1688 0
    endloop
  endfacet
  facet normal -0.967845 -0.248729 0.0375388
    outer loop
      vertex 2.38887 2.09303 0
      vertex 1.97113 4.28448 3.75
      vertex 1.95937 4.33024 3.75
    endloop
  endfacet
  facet normal -0.968137 -0.247689 0.0368984
    outer loop
      vertex 1.97113 4.28448 3.75
      vertex 2.38887 2.09303 0
      vertex 2.39106 2.08447 0
    endloop
  endfacet
  facet normal -0.715993 -0.634166 0.291869
    outer loop
      vertex 2.26024 2.33635 0
      vertex 1.84062 4.53602 3.75
      vertex 1.84031 4.53637 3.75
    endloop
  endfacet
  facet normal -0.72191 -0.6291 0.288236
    outer loop
      vertex 1.84062 4.53602 3.75
      vertex 2.26024 2.33635 0
      vertex 2.28471 2.30827 0
    endloop
  endfacet
  facet normal 0.0259788 -0.86096 0.508009
    outer loop
      vertex 1.56064 4.4808 3.44063
      vertex 1.57132 4.6461 3.72023
      vertex 1.52966 4.64312 3.71731
    endloop
  endfacet
  facet normal 0.0258888 -0.860961 0.508012
    outer loop
      vertex 1.5894 4.46273 3.40854
      vertex 1.57132 4.6461 3.72023
      vertex 1.56064 4.4808 3.44063
    endloop
  endfacet
  facet normal 0.0262504 -0.860943 0.508023
    outer loop
      vertex 1.57132 4.6461 3.72023
      vertex 1.5894 4.46273 3.40854
      vertex 1.60659 4.44554 3.37852
    endloop
  endfacet
  facet normal 0.0259805 -0.860959 0.508011
    outer loop
      vertex 1.94594 2.46228 0
      vertex 1.67145 4.07664 2.75
      vertex 1.63798 4.07563 2.75
    endloop
  endfacet
  facet normal 0.0258383 -0.860968 0.508002
    outer loop
      vertex 1.67145 4.07664 2.75
      vertex 1.94594 2.46228 0
      vertex 1.95527 2.46256 0
    endloop
  endfacet
  facet normal 0.428412 -0.757601 0.492447
    outer loop
      vertex 1.3803 4.54546 3.6442
      vertex 1.40854 4.612 3.722
      vertex 1.37092 4.59462 3.72799
    endloop
  endfacet
  facet normal 0.428459 -0.757591 0.492422
    outer loop
      vertex 1.40854 4.612 3.722
      vertex 1.3803 4.54546 3.6442
      vertex 1.42108 4.54086 3.60164
    endloop
  endfacet
  facet normal 0.428484 -0.757572 0.492429
    outer loop
      vertex 1.78839 2.40751 0
      vertex 1.50986 4.0375 2.75
      vertex 1.48044 4.02086 2.75
    endloop
  endfacet
  facet normal 0.428928 -0.757369 0.492354
    outer loop
      vertex 1.50986 4.0375 2.75
      vertex 1.78839 2.40751 0
      vertex 1.79653 2.41212 0
    endloop
  endfacet
  facet normal 0.096204 -0.503893 -0.858392
    outer loop
      vertex 1.48834 4.63639 3.71663
      vertex 1.57132 4.6461 3.72023
      vertex 1.37092 4.59462 3.72799
    endloop
  endfacet
  facet normal 0.0961972 -0.50347 -0.858641
    outer loop
      vertex 1.7163 4.62303 3.75
      vertex 1.69861 4.61965 3.75
      vertex 1.57132 4.6461 3.72023
    endloop
  endfacet
  facet normal -0.992307 0.0190911 -0.122321
    outer loop
      vertex 2.4016 1.94755 0
      vertex 1.98151 4.13944 3.75
      vertex 1.9824 4.1857 3.75
    endloop
  endfacet
  facet normal -0.992267 0.019528 -0.122572
    outer loop
      vertex 1.98151 4.13944 3.75
      vertex 2.4016 1.94755 0
      vertex 2.40144 1.93942 0
    endloop
  endfacet
  facet normal -0.685084 0.592236 -0.424165
    outer loop
      vertex 2.30717 1.68073 0
      vertex 1.86044 3.84975 3.75
      vertex 1.88723 3.88074 3.75
    endloop
  endfacet
  facet normal -0.685302 0.592045 -0.42408
    outer loop
      vertex 1.86044 3.84975 3.75
      vertex 2.30717 1.68073 0
      vertex 2.30298 1.67588 0
    endloop
  endfacet
  facet normal -0.919648 0.285026 -0.270201
    outer loop
      vertex 2.3747 1.80729 0
      vertex 1.9526 4.00032 3.75
      vertex 1.96571 4.04262 3.75
    endloop
  endfacet
  facet normal -0.919455 0.285439 -0.270421
    outer loop
      vertex 1.9526 4.00032 3.75
      vertex 2.3747 1.80729 0
      vertex 2.37253 1.8003 0
    endloop
  endfacet
  facet normal -0.819505 0.449504 -0.355468
    outer loop
      vertex 2.35124 1.7516 0
      vertex 1.91274 3.91766 3.75
      vertex 1.91421 3.92034 3.75
    endloop
  endfacet
  facet normal -0.820376 0.448356 -0.354907
    outer loop
      vertex 1.91274 3.91766 3.75
      vertex 2.35124 1.7516 0
      vertex 2.33268 1.71764 0
    endloop
  endfacet
  facet normal 0.91948 -0.285387 0.270391
    outer loop
      vertex 1.30573 3.76811 2.75
      vertex 1.62476 2.19049 0
      vertex 1.30884 3.77813 2.75
    endloop
  endfacet
  facet normal 0.919582 -0.285166 0.270275
    outer loop
      vertex 1.62476 2.19049 0
      vertex 1.30573 3.76811 2.75
      vertex 1.61368 2.15476 0
    endloop
  endfacet
  facet normal 0.848613 0.492253 -0.19376
    outer loop
      vertex 1.68172 1.73728 0
      vertex 1.28014 3.75674 3.37169
      vertex 1.2966 3.75489 3.43908
    endloop
  endfacet
  facet normal 0.848708 0.492124 -0.193671
    outer loop
      vertex 1.28014 3.75674 3.37169
      vertex 1.68172 1.73728 0
      vertex 1.65772 1.77867 0
    endloop
  endfacet
  facet normal 0.995026 0.0712222 0.0696435
    outer loop
      vertex 1.60122 1.96357 0
      vertex 1.26328 3.75864 2.99253
      vertex 1.25847 3.75919 3.06069
    endloop
  endfacet
  facet normal 0.995024 0.0713119 0.0695894
    outer loop
      vertex 1.26328 3.75864 2.99253
      vertex 1.60122 1.96357 0
      vertex 1.60058 1.9725 0
    endloop
  endfacet
  facet normal -0.519332 0.710435 -0.474949
    outer loop
      vertex 2.24149 1.6142 0
      vertex 1.82642 3.81778 3.75
      vertex 2.24636 1.61776 0
    endloop
  endfacet
  facet normal -0.52015 0.709962 -0.474762
    outer loop
      vertex 1.82642 3.81778 3.75
      vertex 2.24149 1.6142 0
      vertex 1.79444 3.79435 3.75
    endloop
  endfacet
  facet normal 0.978671 -0.109485 0.173825
    outer loop
      vertex 1.60297 2.09889 0
      vertex 1.28955 3.75568 2.80816
      vertex 1.27782 3.75701 2.87504
    endloop
  endfacet
  facet normal 0.978753 -0.1091 0.173607
    outer loop
      vertex 1.28955 3.75568 2.80816
      vertex 1.60297 2.09889 0
      vertex 1.60401 2.10822 0
    endloop
  endfacet
  facet normal -0.231925 0.827448 -0.51141
    outer loop
      vertex 2.1304 1.55375 0
      vertex 1.71599 3.75531 3.75
      vertex 2.13593 1.5553 0
    endloop
  endfacet
  facet normal -0.232225 0.827371 -0.511398
    outer loop
      vertex 1.71599 3.75531 3.75
      vertex 2.1304 1.55375 0
      vertex 1.67883 3.74488 3.75
    endloop
  endfacet
  facet normal -0.898494 -0.415077 0.142896
    outer loop
      vertex 2.35881 2.18576 0
      vertex 1.94272 4.37744 3.75
      vertex 1.92292 4.4203 3.75
    endloop
  endfacet
  facet normal -0.898407 -0.41523 0.142996
    outer loop
      vertex 1.94272 4.37744 3.75
      vertex 2.35881 2.18576 0
      vertex 2.36266 2.17743 0
    endloop
  endfacet
  facet normal 0.0960965 -0.50377 -0.858476
    outer loop
      vertex 1.69861 4.61965 3.75
      vertex 1.6627 4.6128 3.75
      vertex 1.57132 4.6461 3.72023
    endloop
  endfacet
  facet normal -0.283356 -0.840686 0.461473
    outer loop
      vertex 2.0808 2.44788 0
      vertex 1.65384 4.64072 3.73263
      vertex 2.07184 2.4509 0
    endloop
  endfacet
  facet normal -0.282557 -0.840851 0.461661
    outer loop
      vertex 1.65384 4.64072 3.73263
      vertex 2.0808 2.44788 0
      vertex 1.6938 4.63242 3.74197
    endloop
  endfacet
  facet normal -0.0779896 -0.863691 0.497952
    outer loop
      vertex 1.61411 4.43802 3.36602
      vertex 1.61287 4.6453 3.72535
      vertex 1.57132 4.6461 3.72023
    endloop
  endfacet
  facet normal -0.0780817 -0.863684 0.497948
    outer loop
      vertex 1.65273 4.3994 3.30509
      vertex 1.61287 4.6453 3.72535
      vertex 1.61411 4.43802 3.36602
    endloop
  endfacet
  facet normal -0.0783086 -0.863678 0.497923
    outer loop
      vertex 1.61287 4.6453 3.72535
      vertex 1.65273 4.3994 3.30509
      vertex 1.66289 4.38323 3.27864
    endloop
  endfacet
  facet normal -0.0779786 -0.863684 0.497965
    outer loop
      vertex 2.02074 2.46059 0
      vertex 1.72209 4.07309 2.75
      vertex 1.68853 4.07612 2.75
    endloop
  endfacet
  facet normal -0.078937 -0.863664 0.497849
    outer loop
      vertex 1.72209 4.07309 2.75
      vertex 2.02074 2.46059 0
      vertex 2.03004 2.45974 0
    endloop
  endfacet
  facet normal 0.129815 -0.848805 0.512521
    outer loop
      vertex 1.51442 4.50984 3.50044
      vertex 1.52966 4.64312 3.71731
      vertex 1.48834 4.63639 3.71663
    endloop
  endfacet
  facet normal 0.129903 -0.848798 0.51251
    outer loop
      vertex 1.52966 4.64312 3.71731
      vertex 1.51442 4.50984 3.50044
      vertex 1.56064 4.4808 3.44063
    endloop
  endfacet
  facet normal 0.130066 -0.84877 0.512515
    outer loop
      vertex 1.93673 2.46087 0
      vertex 1.63798 4.07563 2.75
      vertex 1.60496 4.07057 2.75
    endloop
  endfacet
  facet normal 0.129945 -0.84879 0.512514
    outer loop
      vertex 1.63798 4.07563 2.75
      vertex 1.93673 2.46087 0
      vertex 1.94594 2.46228 0
    endloop
  endfacet
  facet normal 0.0962216 -0.503698 -0.858504
    outer loop
      vertex 1.33539 4.57401 3.7361
      vertex 1.37092 4.59462 3.72799
      vertex 1.30232 4.55041 3.74624
    endloop
  endfacet
  facet normal 0.520191 -0.709979 0.47469
    outer loop
      vertex 1.33997 4.55 3.69517
      vertex 1.37092 4.59462 3.72799
      vertex 1.33539 4.57401 3.7361
    endloop
  endfacet
  facet normal 0.497361 -0.710819 0.497361
    outer loop
      vertex 1.34 4.55 3.69514
      vertex 1.37092 4.59462 3.72799
      vertex 1.33997 4.55 3.69517
    endloop
  endfacet
  facet normal 0.520136 -0.709967 0.474769
    outer loop
      vertex 1.37092 4.59462 3.72799
      vertex 1.34 4.55 3.69514
      vertex 1.3803 4.54546 3.6442
    endloop
  endfacet
  facet normal 0.520128 -0.709974 0.474767
    outer loop
      vertex 1.75377 2.38215 0
      vertex 1.48044 4.02086 2.75
      vertex 1.44581 3.99549 2.75
    endloop
  endfacet
  facet normal 0.52009 -0.709996 0.474776
    outer loop
      vertex 1.48044 4.02086 2.75
      vertex 1.75377 2.38215 0
      vertex 1.78839 2.40751 0
    endloop
  endfacet
  facet normal 0.0962128 -0.503989 -0.858335
    outer loop
      vertex 1.52966 4.64312 3.71731
      vertex 1.57132 4.6461 3.72023
      vertex 1.48834 4.63639 3.71663
    endloop
  endfacet
  facet normal -0.634345 -0.695733 0.336991
    outer loop
      vertex 2.2337 2.36131 0
      vertex 1.84031 4.53637 3.75
      vertex 1.83997 4.53668 3.75
    endloop
  endfacet
  facet normal -0.646498 -0.687422 0.330895
    outer loop
      vertex 1.84031 4.53637 3.75
      vertex 2.2337 2.36131 0
      vertex 2.26024 2.33635 0
    endloop
  endfacet
  facet normal -0.978712 0.109293 -0.173716
    outer loop
      vertex 2.40144 1.93942 0
      vertex 1.97618 4.09171 3.75
      vertex 1.98151 4.13944 3.75
    endloop
  endfacet
  facet normal -0.978708 0.109315 -0.173729
    outer loop
      vertex 1.97618 4.09171 3.75
      vertex 2.40144 1.93942 0
      vertex 2.39611 1.8917 0
    endloop
  endfacet
  facet normal -0.953745 0.200214 -0.224242
    outer loop
      vertex 2.39454 1.88414 0
      vertex 1.9665 4.04517 3.75
      vertex 1.96705 4.04779 3.75
    endloop
  endfacet
  facet normal -0.954396 0.198272 -0.223197
    outer loop
      vertex 1.9665 4.04517 3.75
      vertex 2.39454 1.88414 0
      vertex 2.38644 1.84515 0
    endloop
  endfacet
  facet normal 0.874807 -0.368707 0.314274
    outer loop
      vertex 1.31964 3.81295 2.75
      vertex 1.64558 2.24227 0
      vertex 1.33762 3.85561 2.75
    endloop
  endfacet
  facet normal 0.874708 -0.36887 0.314356
    outer loop
      vertex 1.64558 2.24227 0
      vertex 1.31964 3.81295 2.75
      vertex 1.62759 2.19961 0
    endloop
  endfacet
  facet normal 0.756796 -0.523265 0.391732
    outer loop
      vertex 1.37961 3.92472 2.75
      vertex 1.69296 2.31918 0
      vertex 1.38501 3.93253 2.75
    endloop
  endfacet
  facet normal 0.756801 -0.523259 0.39173
    outer loop
      vertex 1.69296 2.31918 0
      vertex 1.37961 3.92472 2.75
      vertex 1.67284 2.29008 0
    endloop
  endfacet
  facet normal 0.820337 -0.448407 0.354934
    outer loop
      vertex 1.33762 3.85561 2.75
      vertex 1.66745 2.28227 0
      vertex 1.35949 3.89562 2.75
    endloop
  endfacet
  facet normal 0.820277 -0.448487 0.354972
    outer loop
      vertex 1.66745 2.28227 0
      vertex 1.33762 3.85561 2.75
      vertex 1.64558 2.24227 0
    endloop
  endfacet
  facet normal 0.475482 0.780989 -0.404936
    outer loop
      vertex 1.84752 1.58138 0
      vertex 1.42901 3.76003 3.71048
      vertex 1.43149 3.7609 3.71507
    endloop
  endfacet
  facet normal 0.474944 0.781216 -0.40513
    outer loop
      vertex 1.84752 1.58138 0
      vertex 1.39863 3.75661 3.66827
      vertex 1.42901 3.76003 3.71048
    endloop
  endfacet
  facet normal 0.474893 0.781237 -0.405149
    outer loop
      vertex 1.39863 3.75661 3.66827
      vertex 1.84752 1.58138 0
      vertex 1.80942 1.60454 0
    endloop
  endfacet
  facet normal 0.283621 0.840629 -0.461413
    outer loop
      vertex 1.92254 1.55095 0
      vertex 1.50835 3.74903 3.75
      vertex 1.92829 1.54901 0
    endloop
  endfacet
  facet normal 0.282709 0.84082 -0.461625
    outer loop
      vertex 1.50835 3.74903 3.75
      vertex 1.92254 1.55095 0
      vertex 1.47037 3.7618 3.75
    endloop
  endfacet
  facet normal 0.181401 0.856945 -0.48243
    outer loop
      vertex 1.93413 1.54778 0
      vertex 1.55015 3.74018 3.75
      vertex 1.97008 1.54017 0
    endloop
  endfacet
  facet normal 0.18098 0.856994 -0.482502
    outer loop
      vertex 1.55015 3.74018 3.75
      vertex 1.93413 1.54778 0
      vertex 1.54693 3.74086 3.75
    endloop
  endfacet
  facet normal 0.978804 -0.108857 0.173471
    outer loop
      vertex 1.59868 2.06049 0
      vertex 1.27782 3.75701 2.87504
      vertex 1.27479 3.75735 2.89235
    endloop
  endfacet
  facet normal 0.978702 -0.109339 0.173745
    outer loop
      vertex 1.27782 3.75701 2.87504
      vertex 1.59868 2.06049 0
      vertex 1.60297 2.09889 0
    endloop
  endfacet
  facet normal 0.954375 -0.198335 0.223231
    outer loop
      vertex 1.30355 3.75762 2.75
      vertex 1.61368 2.15476 0
      vertex 1.30573 3.76811 2.75
    endloop
  endfacet
  facet normal 0.954424 -0.198189 0.223151
    outer loop
      vertex 1.61368 2.15476 0
      vertex 1.30355 3.75762 2.75
      vertex 1.60592 2.11739 0
    endloop
  endfacet
  facet normal 0.954412 -0.198226 0.223169
    outer loop
      vertex 1.60401 2.10822 0
      vertex 1.30284 3.75419 2.75
      vertex 1.28955 3.75568 2.80816
    endloop
  endfacet
  facet normal 0.954232 -0.198755 0.223466
    outer loop
      vertex 1.30284 3.75419 2.75
      vertex 1.60401 2.10822 0
      vertex 1.60592 2.11739 0
    endloop
  endfacet
  facet normal 0.954622 -0.197604 0.222824
    outer loop
      vertex 1.30355 3.75762 2.75
      vertex 1.30284 3.75419 2.75
      vertex 1.60592 2.11739 0
    endloop
  endfacet
  facet normal -0.428593 0.757522 -0.492411
    outer loop
      vertex 2.17479 1.5715 0
      vertex 1.7918 3.79242 3.75
      vertex 2.21173 1.5924 0
    endloop
  endfacet
  facet normal -0.4285 0.757564 -0.492427
    outer loop
      vertex 1.7918 3.79242 3.75
      vertex 2.17479 1.5715 0
      vertex 1.75485 3.77152 3.75
    endloop
  endfacet
  facet normal -0.331928 0.796927 -0.504708
    outer loop
      vertex 2.13593 1.5553 0
      vertex 1.75183 3.77026 3.75
      vertex 2.14126 1.55752 0
    endloop
  endfacet
  facet normal -0.33236 0.796776 -0.504663
    outer loop
      vertex 1.75183 3.77026 3.75
      vertex 2.13593 1.5553 0
      vertex 1.71599 3.75531 3.75
    endloop
  endfacet
  facet normal -0.848688 -0.492151 0.193692
    outer loop
      vertex 2.31841 2.26263 0
      vertex 1.92195 4.42216 3.75
      vertex 1.89847 4.46265 3.75
    endloop
  endfacet
  facet normal -0.848483 -0.492432 0.193875
    outer loop
      vertex 1.92195 4.42216 3.75
      vertex 2.31841 2.26263 0
      vertex 2.32314 2.25448 0
    endloop
  endfacet
  facet normal 0.0957782 -0.504777 -0.85792
    outer loop
      vertex 1.7163 4.62303 3.75
      vertex 1.61287 4.6453 3.72535
      vertex 1.71825 4.6234 3.75
    endloop
  endfacet
  facet normal 0.096072 -0.503928 -0.858386
    outer loop
      vertex 1.61287 4.6453 3.72535
      vertex 1.7163 4.62303 3.75
      vertex 1.57132 4.6461 3.72023
    endloop
  endfacet
  facet normal 0.0961947 -0.503419 -0.858671
    outer loop
      vertex 1.71825 4.6234 3.75
      vertex 1.65384 4.64072 3.73263
      vertex 1.71982 4.6237 3.75
    endloop
  endfacet
  facet normal 0.0964085 -0.502903 -0.858949
    outer loop
      vertex 1.65384 4.64072 3.73263
      vertex 1.71825 4.6234 3.75
      vertex 1.61287 4.6453 3.72535
    endloop
  endfacet
  facet normal -0.380998 -0.81501 0.436578
    outer loop
      vertex 1.6938 4.63242 3.74197
      vertex 1.73265 4.61856 3.75
      vertex 1.72112 4.62395 3.75
    endloop
  endfacet
  facet normal -0.380986 -0.815461 0.435744
    outer loop
      vertex 2.11284 2.43711 0
      vertex 1.73265 4.61856 3.75
      vertex 1.6938 4.63242 3.74197
    endloop
  endfacet
  facet normal -0.380385 -0.81565 0.435915
    outer loop
      vertex 1.73265 4.61856 3.75
      vertex 2.11284 2.43711 0
      vertex 2.12146 2.43309 0
    endloop
  endfacet
  facet normal -0.28264 -0.840833 0.461643
    outer loop
      vertex 2.0808 2.44788 0
      vertex 2.11284 2.43711 0
      vertex 1.6938 4.63242 3.74197
    endloop
  endfacet
  facet normal 0.131502 -0.848527 0.512552
    outer loop
      vertex 1.51355 4.51039 3.50157
      vertex 1.48834 4.63639 3.71663
      vertex 1.51231 4.51082 3.5026
    endloop
  endfacet
  facet normal 0.128973 -0.848945 0.512501
    outer loop
      vertex 1.48834 4.63639 3.71663
      vertex 1.51355 4.51039 3.50157
      vertex 1.51442 4.50984 3.50044
    endloop
  endfacet
  facet normal 0.129807 -0.848814 0.512509
    outer loop
      vertex 1.90454 2.45595 0
      vertex 1.60496 4.07057 2.75
      vertex 1.59659 4.06929 2.75
    endloop
  endfacet
  facet normal 0.129737 -0.848825 0.512508
    outer loop
      vertex 1.60496 4.07057 2.75
      vertex 1.90454 2.45595 0
      vertex 1.93673 2.46087 0
    endloop
  endfacet
  facet normal 0.0968126 -0.505127 -0.857598
    outer loop
      vertex 1.40854 4.612 3.722
      vertex 1.44782 4.62598 3.7182
      vertex 1.37092 4.59462 3.72799
    endloop
  endfacet
  facet normal -0.563855 -0.738343 0.370022
    outer loop
      vertex 2.19071 2.39537 0
      vertex 1.80678 4.56789 3.75
      vertex 1.77077 4.59539 3.75
    endloop
  endfacet
  facet normal -0.563711 -0.738423 0.370083
    outer loop
      vertex 1.80678 4.56789 3.75
      vertex 2.19071 2.39537 0
      vertex 2.22672 2.36788 0
    endloop
  endfacet
  facet normal -0.646447 -0.687458 0.330919
    outer loop
      vertex 2.22672 2.36788 0
      vertex 1.83997 4.53668 3.75
      vertex 1.80678 4.56789 3.75
    endloop
  endfacet
  facet normal -0.646828 -0.687193 0.330726
    outer loop
      vertex 1.83997 4.53668 3.75
      vertex 2.22672 2.36788 0
      vertex 2.2337 2.36131 0
    endloop
  endfacet
  facet normal -0.954357 0.19839 -0.223259
    outer loop
      vertex 2.39611 1.8917 0
      vertex 1.96705 4.04779 3.75
      vertex 1.97618 4.09171 3.75
    endloop
  endfacet
  facet normal -0.954418 0.198206 -0.223161
    outer loop
      vertex 1.96705 4.04779 3.75
      vertex 2.39611 1.8917 0
      vertex 2.39454 1.88414 0
    endloop
  endfacet
  facet normal -0.875071 0.368273 -0.314047
    outer loop
      vertex 2.37253 1.8003 0
      vertex 1.95151 3.99773 3.75
      vertex 1.9526 4.00032 3.75
    endloop
  endfacet
  facet normal -0.874745 0.36881 -0.314325
    outer loop
      vertex 1.95151 3.99773 3.75
      vertex 2.37253 1.8003 0
      vertex 2.35728 1.76413 0
    endloop
  endfacet
  facet normal 0.721589 0.629376 -0.288437
    outer loop
      vertex 1.73515 1.66899 0
      vertex 1.31718 3.75257 3.50077
      vertex 1.31986 3.75227 3.50682
    endloop
  endfacet
  facet normal 0.72207 0.628962 -0.288134
    outer loop
      vertex 1.31718 3.75257 3.50077
      vertex 1.73515 1.66899 0
      vertex 1.70921 1.69877 0
    endloop
  endfacet
  facet normal 0.789687 0.563658 -0.242249
    outer loop
      vertex 1.70921 1.69877 0
      vertex 1.31489 3.75283 3.49391
      vertex 1.31718 3.75257 3.50077
    endloop
  endfacet
  facet normal 0.789539 0.563817 -0.24236
    outer loop
      vertex 1.31489 3.75283 3.49391
      vertex 1.70921 1.69877 0
      vertex 1.68613 1.73109 0
    endloop
  endfacet
  facet normal 0.897927 0.416075 -0.143557
    outer loop
      vertex 1.65435 1.78595 0
      vertex 1.26799 3.75811 3.29934
      vertex 1.26968 3.75792 3.30936
    endloop
  endfacet
  facet normal 0.898447 0.41516 -0.142949
    outer loop
      vertex 1.26799 3.75811 3.29934
      vertex 1.65435 1.78595 0
      vertex 1.63747 1.82248 0
    endloop
  endfacet
  facet normal 0.98688 0.160631 0.0162757
    outer loop
      vertex 1.60906 1.91544 0
      vertex 1.25733 3.75931 3.12933
      vertex 1.2571 3.75934 3.14298
    endloop
  endfacet
  facet normal 0.986861 0.160757 0.0161996
    outer loop
      vertex 1.25733 3.75931 3.12933
      vertex 1.60906 1.91544 0
      vertex 1.60265 1.95479 0
    endloop
  endfacet
  facet normal 0.0785156 0.863672 -0.497902
    outer loop
      vertex 1.97008 1.54017 0
      vertex 1.58898 3.73667 3.75
      vertex 1.97591 1.53964 0
    endloop
  endfacet
  facet normal 0.0780717 0.863682 -0.497953
    outer loop
      vertex 1.58898 3.73667 3.75
      vertex 1.97008 1.54017 0
      vertex 1.55015 3.74018 3.75
    endloop
  endfacet
  facet normal 0.282587 0.840845 -0.461654
    outer loop
      vertex 1.88728 1.5628 0
      vertex 1.47037 3.7618 3.75
      vertex 1.92254 1.55095 0
    endloop
  endfacet
  facet normal 0.283901 0.84057 -0.461347
    outer loop
      vertex 1.47037 3.7618 3.75
      vertex 1.88728 1.5628 0
      vertex 1.46735 3.76282 3.75
    endloop
  endfacet
  facet normal 0.380992 0.815459 -0.435742
    outer loop
      vertex 1.88162 1.56544 0
      vertex 1.43149 3.7609 3.71507
      vertex 1.43413 3.76182 3.7191
    endloop
  endfacet
  facet normal 0.381161 0.815408 -0.435691
    outer loop
      vertex 1.43149 3.7609 3.71507
      vertex 1.88162 1.56544 0
      vertex 1.84752 1.58138 0
    endloop
  endfacet
  facet normal 0.919559 -0.285216 0.270302
    outer loop
      vertex 1.30884 3.77813 2.75
      vertex 1.62759 2.19961 0
      vertex 1.31964 3.81295 2.75
    endloop
  endfacet
  facet normal 0.919507 -0.285329 0.27036
    outer loop
      vertex 1.62759 2.19961 0
      vertex 1.30884 3.77813 2.75
      vertex 1.62476 2.19049 0
    endloop
  endfacet
  facet normal -0.130455 0.84871 -0.512516
    outer loop
      vertex 2.05419 1.53763 0
      vertex 1.67238 3.74348 3.75
      vertex 2.05985 1.5385 0
    endloop
  endfacet
  facet normal -0.129782 0.848817 -0.51251
    outer loop
      vertex 1.67238 3.74348 3.75
      vertex 2.05419 1.53763 0
      vertex 1.63425 3.73765 3.75
    endloop
  endfacet
  facet normal -0.0261326 0.860949 -0.508019
    outer loop
      vertex 2.0122 1.53636 0
      vertex 1.59555 3.73647 3.75
      vertex 2.04844 1.53746 0
    endloop
  endfacet
  facet normal -0.0236284 0.861125 -0.507844
    outer loop
      vertex 1.59555 3.73647 3.75
      vertex 2.0122 1.53636 0
      vertex 1.59227 3.73638 3.75
    endloop
  endfacet
  facet normal -0.129944 0.848791 -0.512511
    outer loop
      vertex 2.05985 1.5385 0
      vertex 1.67565 3.74398 3.75
      vertex 2.09558 1.54397 0
    endloop
  endfacet
  facet normal -0.129788 0.848816 -0.51251
    outer loop
      vertex 1.67565 3.74398 3.75
      vertex 2.05985 1.5385 0
      vertex 1.67238 3.74348 3.75
    endloop
  endfacet
  facet normal -0.232375 0.827332 -0.511394
    outer loop
      vertex 2.09558 1.54397 0
      vertex 1.67883 3.74488 3.75
      vertex 2.1304 1.55375 0
    endloop
  endfacet
  facet normal -0.23403 0.826906 -0.511328
    outer loop
      vertex 1.67883 3.74488 3.75
      vertex 2.09558 1.54397 0
      vertex 1.67565 3.74398 3.75
    endloop
  endfacet
  facet normal -0.685413 0.591947 -0.424037
    outer loop
      vertex 2.30298 1.67588 0
      vertex 1.85835 3.84733 3.75
      vertex 1.86044 3.84975 3.75
    endloop
  endfacet
  facet normal -0.685194 0.59214 -0.424123
    outer loop
      vertex 1.85835 3.84733 3.75
      vertex 2.30298 1.67588 0
      vertex 2.27829 1.64731 0
    endloop
  endfacet
  facet normal -0.520091 0.709996 -0.474775
    outer loop
      vertex 2.21173 1.5924 0
      vertex 1.79444 3.79435 3.75
      vertex 2.24149 1.6142 0
    endloop
  endfacet
  facet normal -0.51936 0.710419 -0.474942
    outer loop
      vertex 1.79444 3.79435 3.75
      vertex 2.21173 1.5924 0
      vertex 1.7918 3.79242 3.75
    endloop
  endfacet
  facet normal -0.332227 0.796822 -0.504677
    outer loop
      vertex 2.14126 1.55752 0
      vertex 1.75485 3.77152 3.75
      vertex 2.17479 1.5715 0
    endloop
  endfacet
  facet normal -0.332421 0.796754 -0.504657
    outer loop
      vertex 1.75485 3.77152 3.75
      vertex 2.14126 1.55752 0
      vertex 1.75183 3.77026 3.75
    endloop
  endfacet
  facet normal -0.895753 -0.419884 0.146024
    outer loop
      vertex 2.34241 2.22124 0
      vertex 1.92292 4.4203 3.75
      vertex 1.92247 4.42126 3.75
    endloop
  endfacet
  facet normal -0.898388 -0.415264 0.14302
    outer loop
      vertex 1.92292 4.4203 3.75
      vertex 2.34241 2.22124 0
      vertex 2.35881 2.18576 0
    endloop
  endfacet
  facet normal 0.0255974 -0.860987 0.507982
    outer loop
      vertex 1.60659 4.44554 3.37852
      vertex 1.61032 4.44181 3.37201
      vertex 1.57132 4.6461 3.72023
    endloop
  endfacet
  facet normal 0.0262728 -0.860939 0.508029
    outer loop
      vertex 1.95527 2.46256 0
      vertex 1.67997 4.0769 2.75
      vertex 1.67145 4.07664 2.75
    endloop
  endfacet
  facet normal 0.0261054 -0.86095 0.508019
    outer loop
      vertex 1.67997 4.0769 2.75
      vertex 1.95527 2.46256 0
      vertex 1.98792 2.46355 0
    endloop
  endfacet
  facet normal 0.425583 -0.758901 0.492897
    outer loop
      vertex 1.42108 4.54086 3.60164
      vertex 1.42214 4.54074 3.60054
      vertex 1.40854 4.612 3.722
    endloop
  endfacet
  facet normal 0.429018 -0.757328 0.492339
    outer loop
      vertex 1.79653 2.41212 0
      vertex 1.51738 4.04176 2.75
      vertex 1.50986 4.0375 2.75
    endloop
  endfacet
  facet normal 0.42838 -0.757619 0.492447
    outer loop
      vertex 1.51738 4.04176 2.75
      vertex 1.79653 2.41212 0
      vertex 1.82534 2.42841 0
    endloop
  endfacet
  facet normal 0.332393 -0.796757 0.504672
    outer loop
      vertex 1.42214 4.54074 3.60054
      vertex 1.44782 4.62598 3.7182
      vertex 1.40854 4.612 3.722
    endloop
  endfacet
  facet normal 0.332367 -0.796762 0.504681
    outer loop
      vertex 1.42901 4.53997 3.5948
      vertex 1.44782 4.62598 3.7182
      vertex 1.42214 4.54074 3.60054
    endloop
  endfacet
  facet normal 0.332304 -0.796776 0.504701
    outer loop
      vertex 1.44782 4.62598 3.7182
      vertex 1.42901 4.53997 3.5948
      vertex 1.46676 4.52676 3.54909
    endloop
  endfacet
  facet normal 0.332186 -0.796836 0.504682
    outer loop
      vertex 1.82534 2.42841 0
      vertex 1.55624 4.05796 2.75
      vertex 1.51738 4.04176 2.75
    endloop
  endfacet
  facet normal 0.332261 -0.79681 0.504674
    outer loop
      vertex 1.55624 4.05796 2.75
      vertex 1.82534 2.42841 0
      vertex 1.86419 2.44461 0
    endloop
  endfacet
  facet normal 0.0961785 -0.503832 -0.858431
    outer loop
      vertex 1.44782 4.62598 3.7182
      vertex 1.48834 4.63639 3.71663
      vertex 1.37092 4.59462 3.72799
    endloop
  endfacet
  facet normal 0.232362 -0.827316 0.511426
    outer loop
      vertex 1.46676 4.52676 3.54909
      vertex 1.48834 4.63639 3.71663
      vertex 1.44782 4.62598 3.7182
    endloop
  endfacet
  facet normal 0.232449 -0.827303 0.511406
    outer loop
      vertex 1.48834 4.63639 3.71663
      vertex 1.46676 4.52676 3.54909
      vertex 1.51231 4.51082 3.5026
    endloop
  endfacet
  facet normal 0.232313 -0.827347 0.511397
    outer loop
      vertex 1.86419 2.44461 0
      vertex 1.59659 4.06929 2.75
      vertex 1.55624 4.05796 2.75
    endloop
  endfacet
  facet normal 0.232505 -0.827299 0.511387
    outer loop
      vertex 1.59659 4.06929 2.75
      vertex 1.86419 2.44461 0
      vertex 1.90454 2.45595 0
    endloop
  endfacet
  facet normal -0.820333 0.448413 -0.354936
    outer loop
      vertex 2.35455 1.75764 0
      vertex 1.91421 3.92034 3.75
      vertex 1.93461 3.95766 3.75
    endloop
  endfacet
  facet normal -0.819722 0.449219 -0.355328
    outer loop
      vertex 1.91421 3.92034 3.75
      vertex 2.35455 1.75764 0
      vertex 2.35124 1.7516 0
    endloop
  endfacet
  facet normal -0.874685 0.368909 -0.314377
    outer loop
      vertex 2.35728 1.76413 0
      vertex 1.93461 3.95766 3.75
      vertex 1.95151 3.99773 3.75
    endloop
  endfacet
  facet normal -0.875156 0.368132 -0.313976
    outer loop
      vertex 1.93461 3.95766 3.75
      vertex 2.35728 1.76413 0
      vertex 2.35455 1.75764 0
    endloop
  endfacet
  facet normal 0.938323 0.33366 -0.090673
    outer loop
      vertex 1.62401 1.86031 0
      vertex 1.26029 3.75898 3.22283
      vertex 1.2669 3.75824 3.28851
    endloop
  endfacet
  facet normal 0.938316 0.333676 -0.0906832
    outer loop
      vertex 1.26029 3.75898 3.22283
      vertex 1.62401 1.86031 0
      vertex 1.62119 1.86824 0
    endloop
  endfacet
  facet normal 0.898473 0.415115 -0.14292
    outer loop
      vertex 1.65772 1.77867 0
      vertex 1.26968 3.75792 3.30936
      vertex 1.28014 3.75674 3.37169
    endloop
  endfacet
  facet normal 0.898113 0.415748 -0.14334
    outer loop
      vertex 1.26968 3.75792 3.30936
      vertex 1.65772 1.77867 0
      vertex 1.65435 1.78595 0
    endloop
  endfacet
  facet normal 0.986838 0.16091 0.0161085
    outer loop
      vertex 1.60265 1.95479 0
      vertex 1.25847 3.75919 3.06069
      vertex 1.25733 3.75931 3.12933
    endloop
  endfacet
  facet normal 0.986865 0.160731 0.0162174
    outer loop
      vertex 1.25847 3.75919 3.06069
      vertex 1.60265 1.95479 0
      vertex 1.60122 1.96357 0
    endloop
  endfacet
  facet normal 0.967865 0.248658 -0.0374967
    outer loop
      vertex 1.62119 1.86824 0
      vertex 1.2598 3.75904 3.21058
      vertex 1.26029 3.75898 3.22283
    endloop
  endfacet
  facet normal 0.967871 0.248639 -0.0374846
    outer loop
      vertex 1.2598 3.75904 3.21058
      vertex 1.62119 1.86824 0
      vertex 1.61122 1.90705 0
    endloop
  endfacet
  facet normal 0.938466 0.333316 -0.0904522
    outer loop
      vertex 1.63747 1.82248 0
      vertex 1.2669 3.75824 3.28851
      vertex 1.26799 3.75811 3.29934
    endloop
  endfacet
  facet normal 0.938251 0.333832 -0.0907799
    outer loop
      vertex 1.2669 3.75824 3.28851
      vertex 1.63747 1.82248 0
      vertex 1.62401 1.86031 0
    endloop
  endfacet
  facet normal 0.380594 0.815738 -0.435569
    outer loop
      vertex 1.46735 3.76282 3.75
      vertex 1.43413 3.76182 3.7191
      vertex 1.45434 3.76889 3.75
    endloop
  endfacet
  facet normal 0.380812 0.815515 -0.435796
    outer loop
      vertex 1.88728 1.5628 0
      vertex 1.43413 3.76182 3.7191
      vertex 1.46735 3.76282 3.75
    endloop
  endfacet
  facet normal 0.380435 0.81563 -0.43591
    outer loop
      vertex 1.43413 3.76182 3.7191
      vertex 1.88728 1.5628 0
      vertex 1.88162 1.56544 0
    endloop
  endfacet
  facet normal 0.180508 0.857048 -0.482582
    outer loop
      vertex 1.92829 1.54901 0
      vertex 1.54693 3.74086 3.75
      vertex 1.93413 1.54778 0
    endloop
  endfacet
  facet normal 0.181472 0.856937 -0.482419
    outer loop
      vertex 1.54693 3.74086 3.75
      vertex 1.92829 1.54901 0
      vertex 1.50835 3.74903 3.75
    endloop
  endfacet
  facet normal -0.0254556 0.860997 -0.507973
    outer loop
      vertex 2.04844 1.53746 0
      vertex 1.63425 3.73765 3.75
      vertex 2.05419 1.53763 0
    endloop
  endfacet
  facet normal -0.0262509 0.86094 -0.508028
    outer loop
      vertex 1.63425 3.73765 3.75
      vertex 2.04844 1.53746 0
      vertex 1.59555 3.73647 3.75
    endloop
  endfacet
  facet normal -0.605822 0.654755 -0.451969
    outer loop
      vertex 2.25086 1.62193 0
      vertex 1.85835 3.84733 3.75
      vertex 2.27829 1.64731 0
    endloop
  endfacet
  facet normal -0.606399 0.654347 -0.451787
    outer loop
      vertex 1.85835 3.84733 3.75
      vertex 2.25086 1.62193 0
      vertex 1.85603 3.84518 3.75
    endloop
  endfacet
  facet normal -0.606376 0.654363 -0.451794
    outer loop
      vertex 2.24636 1.61776 0
      vertex 1.85603 3.84518 3.75
      vertex 2.25086 1.62193 0
    endloop
  endfacet
  facet normal -0.605861 0.654727 -0.451957
    outer loop
      vertex 1.85603 3.84518 3.75
      vertex 2.24636 1.61776 0
      vertex 1.82642 3.81778 3.75
    endloop
  endfacet
  facet normal -0.757079 0.522962 -0.391588
    outer loop
      vertex 2.33268 1.71764 0
      vertex 1.91102 3.91517 3.75
      vertex 1.91274 3.91766 3.75
    endloop
  endfacet
  facet normal -0.756939 0.523111 -0.39166
    outer loop
      vertex 1.91102 3.91517 3.75
      vertex 2.33268 1.71764 0
      vertex 2.31089 1.68611 0
    endloop
  endfacet
  facet normal -0.0763854 -0.863714 0.49816
    outer loop
      vertex 1.61032 4.44181 3.37201
      vertex 1.61411 4.43802 3.36602
      vertex 1.57132 4.6461 3.72023
    endloop
  endfacet
  facet normal -0.0786988 -0.863669 0.497878
    outer loop
      vertex 1.98792 2.46355 0
      vertex 1.68853 4.07612 2.75
      vertex 1.67997 4.0769 2.75
    endloop
  endfacet
  facet normal -0.0778949 -0.863686 0.497975
    outer loop
      vertex 1.68853 4.07612 2.75
      vertex 1.98792 2.46355 0
      vertex 2.02074 2.46059 0
    endloop
  endfacet
  facet normal 0.967839 0.24875 -0.0375524
    outer loop
      vertex 1.61122 1.90705 0
      vertex 1.2571 3.75934 3.14298
      vertex 1.2598 3.75904 3.21058
    endloop
  endfacet
  facet normal 0.967729 0.249141 -0.0377952
    outer loop
      vertex 1.2571 3.75934 3.14298
      vertex 1.61122 1.90705 0
      vertex 1.60906 1.91544 0
    endloop
  endfacet
  facet normal -0.86441 0.0154687 0.50255
    outer loop
      vertex 4.20528 -1.09059 2.97017
      vertex 4.641 -0.836591 3.71181
      vertex 4.2 -1.09 2.96107
    endloop
  endfacet
  facet normal -0.864307 0.0147 0.50275
    outer loop
      vertex 4.2 -1.09 2.96107
      vertex 4.641 -0.836591 3.71181
      vertex 4.11504 -1.09957 2.81529
    endloop
  endfacet
  facet normal -0.864304 0.0146919 0.502755
    outer loop
      vertex 4.641 -0.836591 3.71181
      vertex 4.20528 -1.09059 2.97017
      vertex 4.64565 -0.877176 3.72099
    endloop
  endfacet
  facet normal -0.864319 0.0147983 0.502726
    outer loop
      vertex 2.46341 -1.92539 0
      vertex 4.07615 -1.15318 2.75
      vertex 4.07674 -1.11872 2.75
    endloop
  endfacet
  facet normal -0.864399 0.0155336 0.502566
    outer loop
      vertex 4.07615 -1.15318 2.75
      vertex 2.46341 -1.92539 0
      vertex 2.46324 -1.93485 0
    endloop
  endfacet
  facet normal 0.0716684 0.944962 -0.319235
    outer loop
      vertex 1.91331 -2.41615 0
      vertex 3.80156 -1.47612 3.20648
      vertex 1.92043 -2.41669 0
    endloop
  endfacet
  facet normal 0.0711839 0.945083 -0.318985
    outer loop
      vertex 3.80156 -1.47612 3.20648
      vertex 1.91331 -2.41615 0
      vertex 3.80429 -1.45196 3.27867
    endloop
  endfacet
  facet normal 0.110898 -0.969339 0.21928
    outer loop
      vertex 2.02182 -1.58543 0
      vertex 3.91858 -0.640709 3.21693
      vertex 3.90759 -0.629719 3.27107
    endloop
  endfacet
  facet normal 0.11122 -0.969345 0.219092
    outer loop
      vertex 3.91858 -0.640709 3.21693
      vertex 2.02182 -1.58543 0
      vertex 2.03132 -1.58434 0
    endloop
  endfacet
  facet normal -0.660803 0.730238 0.173469
    outer loop
      vertex 2.32284 -2.25486 0
      vertex 3.9081 -1.4736 2.75
      vertex 3.93618 -1.44819 2.75
    endloop
  endfacet
  facet normal -0.661142 0.729859 0.173772
    outer loop
      vertex 3.9081 -1.4736 2.75
      vertex 2.32284 -2.25486 0
      vertex 2.31583 -2.26121 0
    endloop
  endfacet
  facet normal -0.660791 0.730283 0.173326
    outer loop
      vertex 4.52284 -1.15486 3.75
      vertex 4.46852 -1.19639 3.71789
      vertex 4.48711 -1.18719 3.75
    endloop
  endfacet
  facet normal -0.660826 0.730216 0.173473
    outer loop
      vertex 4.46852 -1.19639 3.71789
      vertex 4.52284 -1.15486 3.75
      vertex 4.45894 -1.18681 3.64107
    endloop
  endfacet
  facet normal 0.871181 -0.1161 -0.477037
    outer loop
      vertex 3.73772 -0.928034 3.75
      vertex 1.54309 -1.98774 0
      vertex 3.74309 -0.887739 3.75
    endloop
  endfacet
  facet normal 0.871194 -0.116939 -0.476808
    outer loop
      vertex 1.54309 -1.98774 0
      vertex 3.73772 -0.928034 3.75
      vertex 1.54229 -1.9937 0
    endloop
  endfacet
  facet normal 0.568237 0.637449 -0.520351
    outer loop
      vertex 1.66707 -2.3299 0
      vertex 3.83769 -1.20371 3.75
      vertex 3.86707 -1.2299 3.75
    endloop
  endfacet
  facet normal 0.568265 0.637419 -0.520358
    outer loop
      vertex 3.83769 -1.20371 3.75
      vertex 1.66707 -2.3299 0
      vertex 1.66283 -2.32612 0
    endloop
  endfacet
  facet normal -0.488114 -0.246453 -0.837261
    outer loop
      vertex 4.6435 -0.957043 3.74568
      vertex 4.64119 -0.967144 3.75
      vertex 4.64083 -0.966431 3.75
    endloop
  endfacet
  facet normal 0.200876 -0.965556 0.16538
    outer loop
      vertex 1.94354 -1.59805 0
      vertex 3.9061 -0.628232 3.27839
      vertex 3.905 -0.62713 3.28616
    endloop
  endfacet
  facet normal 0.20079 -0.965564 0.165435
    outer loop
      vertex 3.9061 -0.628232 3.27839
      vertex 1.94354 -1.59805 0
      vertex 1.98278 -1.58989 0
    endloop
  endfacet
  facet normal -0.495865 -0.710493 0.499317
    outer loop
      vertex 2.33287 -1.67013 0
      vertex 4.15291 -0.754694 3.11006
      vertex 2.30503 -1.6507 0
    endloop
  endfacet
  facet normal -0.495754 -0.710595 0.499282
    outer loop
      vertex 4.15291 -0.754694 3.11006
      vertex 2.33287 -1.67013 0
      vertex 4.16175 -0.75569 3.11742
    endloop
  endfacet
  facet normal -0.847997 -0.0865656 0.522884
    outer loop
      vertex 2.45907 -1.88293 0
      vertex 4.641 -0.836591 3.71181
      vertex 4.6326 -0.796164 3.70488
    endloop
  endfacet
  facet normal -0.847897 -0.0870568 0.522964
    outer loop
      vertex 4.641 -0.836591 3.71181
      vertex 2.45907 -1.88293 0
      vertex 2.46003 -1.89228 0
    endloop
  endfacet
  facet normal -0.490334 -0.244547 -0.836522
    outer loop
      vertex 4.52263 -0.593651 3.71
      vertex 4.53883 -0.611561 3.70574
      vertex 4.52203 -0.594603 3.71063
    endloop
  endfacet
  facet normal -0.200339 0.96561 -0.165718
    outer loop
      vertex 2.01716 -2.41013 0
      vertex 3.80425 -1.52775 2.98104
      vertex 2.02492 -2.40852 0
    endloop
  endfacet
  facet normal -0.200679 0.965576 -0.165504
    outer loop
      vertex 3.80425 -1.52775 2.98104
      vertex 2.01716 -2.41013 0
      vertex 3.80306 -1.51718 3.04415
    endloop
  endfacet
  facet normal -0.871176 0.115995 0.477071
    outer loop
      vertex 4.28278 -1.09933 3.11237
      vertex 4.64565 -0.877176 3.72099
      vertex 4.22632 -1.09296 3.00772
    endloop
  endfacet
  facet normal -0.871185 0.116171 0.477012
    outer loop
      vertex 4.64565 -0.877176 3.72099
      vertex 4.28278 -1.09933 3.11237
      vertex 4.64648 -0.917474 3.73232
    endloop
  endfacet
  facet normal -0.871179 0.116023 0.47706
    outer loop
      vertex 2.4581 -2.0029 0
      vertex 4.07019 -1.20562 2.75
      vertex 4.07481 -1.17093 2.75
    endloop
  endfacet
  facet normal -0.871178 0.115971 0.477075
    outer loop
      vertex 4.07019 -1.20562 2.75
      vertex 2.4581 -2.0029 0
      vertex 2.45685 -2.01229 0
    endloop
  endfacet
  facet normal -0.848402 -0.0846058 0.522548
    outer loop
      vertex 4.641 -0.836591 3.71181
      vertex 4.11099 -1.10003 2.80864
      vertex 4.11504 -1.09957 2.81529
    endloop
  endfacet
  facet normal -0.848051 -0.0863097 0.522839
    outer loop
      vertex 4.641 -0.836591 3.71181
      vertex 4.07608 -1.11224 2.75
      vertex 4.11099 -1.10003 2.80864
    endloop
  endfacet
  facet normal -0.847815 -0.087461 0.523031
    outer loop
      vertex 2.46003 -1.89228 0
      vertex 4.07608 -1.11224 2.75
      vertex 4.641 -0.836591 3.71181
    endloop
  endfacet
  facet normal -0.848036 -0.086374 0.522852
    outer loop
      vertex 2.46003 -1.89228 0
      vertex 4.07674 -1.11872 2.75
      vertex 4.07608 -1.11224 2.75
    endloop
  endfacet
  facet normal -0.847997 -0.0865669 0.522884
    outer loop
      vertex 4.07674 -1.11872 2.75
      vertex 2.46003 -1.89228 0
      vertex 2.46341 -1.92539 0
    endloop
  endfacet
  facet normal 0.110634 -0.969335 0.219432
    outer loop
      vertex 1.98278 -1.58989 0
      vertex 3.90759 -0.629719 3.27107
      vertex 3.9061 -0.628232 3.27839
    endloop
  endfacet
  facet normal 0.110739 -0.969337 0.219371
    outer loop
      vertex 3.90759 -0.629719 3.27107
      vertex 1.98278 -1.58989 0
      vertex 2.02182 -1.58543 0
    endloop
  endfacet
  facet normal -0.566471 -0.639378 0.51991
    outer loop
      vertex 4.53883 -0.611561 3.70574
      vertex 4.48403 -0.638096 3.6134
      vertex 4.4823 -0.639824 3.60939
    endloop
  endfacet
  facet normal -0.568182 -0.63751 0.520337
    outer loop
      vertex 2.36479 -1.69858 0
      vertex 4.24208 -0.755258 3.20565
      vertex 2.33987 -1.67637 0
    endloop
  endfacet
  facet normal -0.56832 -0.637358 0.520373
    outer loop
      vertex 4.24208 -0.755258 3.20565
      vertex 2.36479 -1.69858 0
      vertex 4.25416 -0.753897 3.22051
    endloop
  endfacet
  facet normal -0.634053 -0.557754 0.535618
    outer loop
      vertex 4.4823 -0.639824 3.60939
      vertex 4.56386 -0.644759 3.7008
      vertex 4.53883 -0.611561 3.70574
    endloop
  endfacet
  facet normal -0.633977 -0.557915 0.535541
    outer loop
      vertex 4.4494 -0.672732 3.53616
      vertex 4.56386 -0.644759 3.7008
      vertex 4.4823 -0.639824 3.60939
    endloop
  endfacet
  facet normal -0.63423 -0.557522 0.535651
    outer loop
      vertex 4.37355 -0.720387 3.39675
      vertex 4.56386 -0.644759 3.7008
      vertex 4.4494 -0.672732 3.53616
    endloop
  endfacet
  facet normal -0.633557 -0.558435 0.535495
    outer loop
      vertex 2.37096 -1.70558 0
      vertex 4.25416 -0.753897 3.22051
      vertex 2.36479 -1.69858 0
    endloop
  endfacet
  facet normal -0.633889 -0.557997 0.53556
    outer loop
      vertex 4.25416 -0.753897 3.22051
      vertex 2.37096 -1.70558 0
      vertex 4.28901 -0.74997 3.26585
    endloop
  endfacet
  facet normal -0.634335 -0.557404 0.535649
    outer loop
      vertex 4.28901 -0.74997 3.26585
      vertex 2.37096 -1.70558 0
      vertex 4.37355 -0.720387 3.39675
    endloop
  endfacet
  facet normal -0.633912 -0.557969 0.535562
    outer loop
      vertex 4.37355 -0.720387 3.39675
      vertex 2.37096 -1.70558 0
      vertex 4.56386 -0.644759 3.7008
    endloop
  endfacet
  facet normal -0.161703 -0.917281 0.363935
    outer loop
      vertex 2.17276 -1.595 0
      vertex 3.95651 -0.676445 3.10773
      vertex 2.16323 -1.59332 0
    endloop
  endfacet
  facet normal -0.1616 -0.917318 0.363887
    outer loop
      vertex 3.95651 -0.676445 3.10773
      vertex 2.17276 -1.595 0
      vertex 3.98016 -0.691302 3.08078
    endloop
  endfacet
  facet normal 0.634039 0.557798 -0.53559
    outer loop
      vertex 3.83515 -1.20145 3.75
      vertex 1.63148 -2.29728 0
      vertex 3.80947 -1.17226 3.75
    endloop
  endfacet
  facet normal 0.63394 0.557928 -0.535571
    outer loop
      vertex 1.63148 -2.29728 0
      vertex 3.83515 -1.20145 3.75
      vertex 1.63515 -2.30145 0
    endloop
  endfacet
  facet normal 0.868505 -0.215898 -0.446193
    outer loop
      vertex 3.74309 -0.887739 3.75
      vertex 1.5539 -1.94425 0
      vertex 3.7539 -0.844253 3.75
    endloop
  endfacet
  facet normal 0.868506 -0.215878 -0.446199
    outer loop
      vertex 1.5539 -1.94425 0
      vertex 3.74309 -0.887739 3.75
      vertex 1.54309 -1.98774 0
    endloop
  endfacet
  facet normal 0.567702 0.638036 -0.520216
    outer loop
      vertex 1.66283 -2.32612 0
      vertex 3.83515 -1.20145 3.75
      vertex 3.83769 -1.20371 3.75
    endloop
  endfacet
  facet normal 0.568184 0.637508 -0.520337
    outer loop
      vertex 3.83515 -1.20145 3.75
      vertex 1.66283 -2.32612 0
      vertex 1.63515 -2.30145 0
    endloop
  endfacet
  facet normal -0.372649 0.92645 -0.0531377
    outer loop
      vertex 2.12102 -2.38249 0
      vertex 3.80605 -1.54374 2.80658
      vertex 2.15953 -2.367 0
    endloop
  endfacet
  facet normal -0.372748 0.926414 -0.0530673
    outer loop
      vertex 3.80605 -1.54374 2.80658
      vertex 2.12102 -2.38249 0
      vertex 3.80594 -1.54274 2.82481
    endloop
  endfacet
  facet normal -0.597713 0.792971 0.118054
    outer loop
      vertex 2.28628 -2.28794 0
      vertex 3.89031 -1.48829 2.75
      vertex 3.89961 -1.48128 2.75
    endloop
  endfacet
  facet normal -0.597795 0.792898 0.118124
    outer loop
      vertex 3.89031 -1.48829 2.75
      vertex 2.28628 -2.28794 0
      vertex 2.25389 -2.31236 0
    endloop
  endfacet
  facet normal -0.595919 0.794558 0.116439
    outer loop
      vertex 4.48628 -1.18794 3.75
      vertex 4.469 -1.19687 3.7225
      vertex 4.48536 -1.18863 3.75
    endloop
  endfacet
  facet normal -0.595294 0.79511 0.115867
    outer loop
      vertex 4.469 -1.19687 3.7225
      vertex 4.48628 -1.18794 3.75
      vertex 4.46881 -1.19668 3.72022
    endloop
  endfacet
  facet normal -0.528189 0.8469 0.0614473
    outer loop
      vertex 2.24657 -2.31788 0
      vertex 3.8175 -1.53766 2.75
      vertex 3.85991 -1.51121 2.75
    endloop
  endfacet
  facet normal -0.528137 0.846936 0.0614069
    outer loop
      vertex 3.8175 -1.53766 2.75
      vertex 2.24657 -2.31788 0
      vertex 2.20417 -2.34432 0
    endloop
  endfacet
  facet normal -0.834437 0.40877 0.369624
    outer loop
      vertex 4.37355 -1.12961 3.31514
      vertex 4.63033 -0.998651 3.75
      vertex 4.37053 -1.12855 3.30715
    endloop
  endfacet
  facet normal -0.83503 0.406664 0.370608
    outer loop
      vertex 4.3739 -1.12983 3.31617
      vertex 4.63033 -0.998651 3.75
      vertex 4.37355 -1.12961 3.31514
    endloop
  endfacet
  facet normal -0.84893 0.350074 0.395936
    outer loop
      vertex 4.63033 -0.998651 3.75
      vertex 4.3739 -1.12983 3.31617
      vertex 4.63029 -0.998748 3.75
    endloop
  endfacet
  facet normal -0.834775 0.407572 0.370182
    outer loop
      vertex 2.43033 -2.09865 0
      vertex 4.03931 -1.30091 2.75
      vertex 4.04367 -1.29198 2.75
    endloop
  endfacet
  facet normal -0.834742 0.407688 0.370129
    outer loop
      vertex 4.03931 -1.30091 2.75
      vertex 2.43033 -2.09865 0
      vertex 2.41412 -2.13184 0
    endloop
  endfacet
  facet normal 0.69266 0.472493 -0.544952
    outer loop
      vertex 3.80722 -1.1697 3.75
      vertex 1.58666 -2.23951 0
      vertex 3.80531 -1.1669 3.75
    endloop
  endfacet
  facet normal 0.692998 0.471946 -0.544996
    outer loop
      vertex 1.58666 -2.23951 0
      vertex 3.80722 -1.1697 3.75
      vertex 1.60722 -2.2697 0
    endloop
  endfacet
  facet normal 0.716048 -0.660321 -0.226387
    outer loop
      vertex 3.87537 -0.647045 3.75
      vertex 1.6771 -1.74517 0
      vertex 3.8771 -0.645169 3.75
    endloop
  endfacet
  facet normal 0.716469 -0.659719 -0.22681
    outer loop
      vertex 1.6771 -1.74517 0
      vertex 3.87537 -0.647045 3.75
      vertex 1.6492 -1.77547 0
    endloop
  endfacet
  facet normal -0.49046 -0.245214 -0.836253
    outer loop
      vertex 4.50976 -0.612363 3.72303
      vertex 4.56386 -0.644759 3.7008
      vertex 4.60494 -0.717546 3.69805
    endloop
  endfacet
  facet normal -0.490574 -0.245393 -0.836134
    outer loop
      vertex 4.56386 -0.644759 3.7008
      vertex 4.51273 -0.609395 3.72042
      vertex 4.51739 -0.601981 3.71551
    endloop
  endfacet
  facet normal -0.49033 -0.244878 -0.836428
    outer loop
      vertex 4.56386 -0.644759 3.7008
      vertex 4.50976 -0.612363 3.72303
      vertex 4.51273 -0.609395 3.72042
    endloop
  endfacet
  facet normal -0.744382 -0.380928 0.548443
    outer loop
      vertex 2.43118 -1.79403 0
      vertex 4.60494 -0.717546 3.69805
      vertex 4.58597 -0.680217 3.69823
    endloop
  endfacet
  facet normal -0.744642 -0.380415 0.548446
    outer loop
      vertex 4.60494 -0.717546 3.69805
      vertex 2.43118 -1.79403 0
      vertex 2.43541 -1.80231 0
    endloop
  endfacet
  facet normal 0.0195681 -0.962427 0.270835
    outer loop
      vertex 2.04083 -1.58414 0
      vertex 3.93398 -0.656107 3.16103
      vertex 3.93193 -0.654055 3.16847
    endloop
  endfacet
  facet normal 0.0199064 -0.962473 0.270646
    outer loop
      vertex 3.93398 -0.656107 3.16103
      vertex 2.04083 -1.58414 0
      vertex 2.07951 -1.58334 0
    endloop
  endfacet
  facet normal -0.490428 -0.245195 -0.836277
    outer loop
      vertex 4.58597 -0.680217 3.69823
      vertex 4.60494 -0.717546 3.69805
      vertex 4.56386 -0.644759 3.7008
    endloop
  endfacet
  facet normal -0.490939 -0.245778 -0.835806
    outer loop
      vertex 4.52057 -0.596919 3.71216
      vertex 4.53883 -0.611561 3.70574
      vertex 4.56386 -0.644759 3.7008
    endloop
  endfacet
  facet normal -0.489928 -0.244032 -0.83691
    outer loop
      vertex 4.53883 -0.611561 3.70574
      vertex 4.52057 -0.596919 3.71216
      vertex 4.52203 -0.594603 3.71063
    endloop
  endfacet
  facet normal -0.49615 -0.71023 0.499408
    outer loop
      vertex 2.30503 -1.6507 0
      vertex 4.09744 -0.745229 3.06843
      vertex 2.2973 -1.6453 0
    endloop
  endfacet
  facet normal -0.495859 -0.710498 0.499316
    outer loop
      vertex 4.09744 -0.745229 3.06843
      vertex 2.30503 -1.6507 0
      vertex 4.11099 -0.74997 3.07514
    endloop
  endfacet
  facet normal -0.496033 -0.710338 0.499372
    outer loop
      vertex 4.11099 -0.74997 3.07514
      vertex 2.30503 -1.6507 0
      vertex 4.15291 -0.754694 3.11006
    endloop
  endfacet
  facet normal 0.288134 -0.951252 0.109993
    outer loop
      vertex 1.92554 -1.60263 0
      vertex 3.89669 -0.618815 3.34475
      vertex 3.89105 -0.613182 3.40824
    endloop
  endfacet
  facet normal 0.287856 -0.951315 0.110176
    outer loop
      vertex 3.89669 -0.618815 3.34475
      vertex 1.92554 -1.60263 0
      vertex 1.93443 -1.59994 0
    endloop
  endfacet
  facet normal 0.161576 0.917328 -0.363873
    outer loop
      vertex 1.82718 -2.40503 0
      vertex 3.80481 -1.44727 3.29268
      vertex 1.87311 -2.41312 0
    endloop
  endfacet
  facet normal 0.161604 0.917317 -0.363887
    outer loop
      vertex 3.80481 -1.44727 3.29268
      vertex 1.82718 -2.40503 0
      vertex 3.80852 -1.41436 3.37729
    endloop
  endfacet
  facet normal 0.495733 0.710576 -0.499329
    outer loop
      vertex 3.87067 -1.26702 3.70075
      vertex 3.86707 -1.2299 3.75
      vertex 3.88579 -1.24296 3.75
    endloop
  endfacet
  facet normal 0.495124 0.711179 -0.499076
    outer loop
      vertex 1.66707 -2.3299 0
      vertex 3.87067 -1.26702 3.70075
      vertex 1.67181 -2.3332 0
    endloop
  endfacet
  facet normal 0.495807 0.710545 -0.4993
    outer loop
      vertex 3.87067 -1.26702 3.70075
      vertex 1.66707 -2.3299 0
      vertex 3.86707 -1.2299 3.75
    endloop
  endfacet
  facet normal -0.598133 0.792611 0.11834
    outer loop
      vertex 4.47134 -1.19921 3.75
      vertex 4.48536 -1.18863 3.75
      vertex 4.469 -1.19687 3.7225
    endloop
  endfacet
  facet normal -0.5978 0.792894 0.118128
    outer loop
      vertex 2.25389 -2.31236 0
      vertex 3.85991 -1.51121 2.75
      vertex 3.89031 -1.48829 2.75
    endloop
  endfacet
  facet normal -0.597872 0.792831 0.118189
    outer loop
      vertex 3.85991 -1.51121 2.75
      vertex 2.25389 -2.31236 0
      vertex 2.24657 -2.31788 0
    endloop
  endfacet
  facet normal -0.8041 0.497213 0.325887
    outer loop
      vertex 2.40482 -2.14868 0
      vertex 3.99834 -1.37404 2.75
      vertex 4.0038 -1.36521 2.75
    endloop
  endfacet
  facet normal -0.803932 0.497624 0.325673
    outer loop
      vertex 3.99834 -1.37404 2.75
      vertex 2.40482 -2.14868 0
      vertex 2.385 -2.1807 0
    endloop
  endfacet
  facet normal -0.804008 0.497453 0.325747
    outer loop
      vertex 4.42391 -1.16125 3.47541
      vertex 4.58524 -1.08031 3.75
      vertex 4.42222 -1.16019 3.46962
    endloop
  endfacet
  facet normal -0.804871 0.495305 0.326887
    outer loop
      vertex 4.58524 -1.08031 3.75
      vertex 4.42391 -1.16125 3.47541
      vertex 4.585 -1.0807 3.75
    endloop
  endfacet
  facet normal -0.868497 0.215988 0.446163
    outer loop
      vertex 4.32932 -1.11413 3.21014
      vertex 4.64648 -0.917474 3.73232
      vertex 4.29023 -1.10046 3.12743
    endloop
  endfacet
  facet normal -0.868495 0.216042 0.446141
    outer loop
      vertex 4.64648 -0.917474 3.73232
      vertex 4.32932 -1.11413 3.21014
      vertex 4.6435 -0.957043 3.74568
    endloop
  endfacet
  facet normal -0.868508 0.215867 0.446202
    outer loop
      vertex 2.44834 -2.04653 0
      vertex 4.05937 -1.24911 2.75
      vertex 4.06794 -1.21463 2.75
    endloop
  endfacet
  facet normal -0.868501 0.215952 0.446174
    outer loop
      vertex 4.05937 -1.24911 2.75
      vertex 2.44834 -2.04653 0
      vertex 2.44604 -2.05578 0
    endloop
  endfacet
  facet normal -0.868473 0.216354 0.446033
    outer loop
      vertex 4.28901 -1.10003 3.12484
      vertex 4.64648 -0.917474 3.73232
      vertex 4.28278 -1.09933 3.11237
    endloop
  endfacet
  facet normal -0.868314 0.218513 0.445291
    outer loop
      vertex 4.64648 -0.917474 3.73232
      vertex 4.28901 -1.10003 3.12484
      vertex 4.29023 -1.10046 3.12743
    endloop
  endfacet
  facet normal -0.868431 0.216867 0.445867
    outer loop
      vertex 2.45685 -2.01229 0
      vertex 4.06794 -1.21463 2.75
      vertex 4.07019 -1.20562 2.75
    endloop
  endfacet
  facet normal -0.868508 0.215859 0.446205
    outer loop
      vertex 4.06794 -1.21463 2.75
      vertex 2.45685 -2.01229 0
      vertex 2.44834 -2.04653 0
    endloop
  endfacet
  facet normal -0.0200126 0.962487 -0.270589
    outer loop
      vertex 1.92774 -2.41654 0
      vertex 3.80107 -1.49947 3.12348
      vertex 1.96862 -2.41569 0
    endloop
  endfacet
  facet normal -0.0192546 0.962383 -0.271013
    outer loop
      vertex 3.80107 -1.49947 3.12348
      vertex 1.92774 -2.41654 0
      vertex 3.80061 -1.49541 3.13793
    endloop
  endfacet
  facet normal -0.111752 0.969353 -0.218782
    outer loop
      vertex 2.00944 -2.41102 0
      vertex 3.80306 -1.51718 3.04415
      vertex 2.01716 -2.41013 0
    endloop
  endfacet
  facet normal -0.11096 0.96934 -0.219245
    outer loop
      vertex 3.80306 -1.51718 3.04415
      vertex 2.00944 -2.41102 0
      vertex 3.80145 -1.50283 3.10841
    endloop
  endfacet
  facet normal -0.20054 0.96559 -0.165589
    outer loop
      vertex 2.02492 -2.40852 0
      vertex 3.80457 -1.53056 2.96431
      vertex 2.06551 -2.40009 0
    endloop
  endfacet
  facet normal -0.199862 0.965657 -0.166016
    outer loop
      vertex 3.80457 -1.53056 2.96431
      vertex 2.02492 -2.40852 0
      vertex 3.80425 -1.52775 2.98104
    endloop
  endfacet
  facet normal -0.0197493 0.962451 -0.270737
    outer loop
      vertex 1.92043 -2.41669 0
      vertex 3.80061 -1.49541 3.13793
      vertex 1.92774 -2.41654 0
    endloop
  endfacet
  facet normal -0.0202701 0.962522 -0.270446
    outer loop
      vertex 3.80061 -1.49541 3.13793
      vertex 1.92043 -2.41669 0
      vertex 3.8 -1.49 3.15723
    endloop
  endfacet
  facet normal -0.0199553 0.962479 -0.270621
    outer loop
      vertex 3.8 -1.49 3.15723
      vertex 1.92043 -2.41669 0
      vertex 3.80156 -1.47612 3.20648
    endloop
  endfacet
  facet normal 0.864333 -0.0149239 -0.502698
    outer loop
      vertex 3.73653 -0.974639 3.75
      vertex 1.53663 -2.06889 0
      vertex 3.73722 -0.934677 3.75
    endloop
  endfacet
  facet normal 0.864346 -0.0150321 -0.502673
    outer loop
      vertex 1.53663 -2.06889 0
      vertex 3.73653 -0.974639 3.75
      vertex 1.53653 -2.07464 0
    endloop
  endfacet
  facet normal -0.864339 0.0150093 0.502685
    outer loop
      vertex 4.21632 -1.09184 2.98919
      vertex 4.64565 -0.877176 3.72099
      vertex 4.20528 -1.09059 2.97017
    endloop
  endfacet
  facet normal -0.864307 0.0146991 0.502749
    outer loop
      vertex 2.46324 -1.93485 0
      vertex 4.076 -1.162 2.75
      vertex 4.07615 -1.15318 2.75
    endloop
  endfacet
  facet normal -0.864321 0.0148228 0.502722
    outer loop
      vertex 4.076 -1.162 2.75
      vertex 2.46324 -1.93485 0
      vertex 2.46266 -1.96867 0
    endloop
  endfacet
  facet normal -0.871171 0.115764 0.477138
    outer loop
      vertex 4.22632 -1.09296 3.00772
      vertex 4.64565 -0.877176 3.72099
      vertex 4.21632 -1.09184 2.98919
    endloop
  endfacet
  facet normal -0.87118 0.116092 0.477041
    outer loop
      vertex 2.46266 -1.96867 0
      vertex 4.07481 -1.17093 2.75
      vertex 4.076 -1.162 2.75
    endloop
  endfacet
  facet normal -0.871179 0.116055 0.477051
    outer loop
      vertex 4.07481 -1.17093 2.75
      vertex 2.46266 -1.96867 0
      vertex 2.4581 -2.0029 0
    endloop
  endfacet
  facet normal 0.871165 -0.115213 -0.477281
    outer loop
      vertex 3.73728 -0.931361 3.75
      vertex 1.54229 -1.9937 0
      vertex 3.73772 -0.928034 3.75
    endloop
  endfacet
  facet normal 0.871177 -0.115895 -0.477095
    outer loop
      vertex 1.54229 -1.9937 0
      vertex 3.73728 -0.931361 3.75
      vertex 1.53728 -2.03136 0
    endloop
  endfacet
  facet normal 0.84799 0.0865983 -0.52289
    outer loop
      vertex 3.74052 -1.01371 3.75
      vertex 1.53653 -2.07464 0
      vertex 3.73653 -0.974639 3.75
    endloop
  endfacet
  facet normal 0.847838 0.0873439 -0.523012
    outer loop
      vertex 1.53653 -2.07464 0
      vertex 3.74052 -1.01371 3.75
      vertex 1.53711 -2.08027 0
    endloop
  endfacet
  facet normal 0.8478 0.087531 -0.523042
    outer loop
      vertex 3.74087 -1.0171 3.75
      vertex 1.53711 -2.08027 0
      vertex 3.74052 -1.01371 3.75
    endloop
  endfacet
  facet normal 0.847995 0.0865724 -0.522885
    outer loop
      vertex 1.53711 -2.08027 0
      vertex 3.74087 -1.0171 3.75
      vertex 1.54087 -2.1171 0
    endloop
  endfacet
  facet normal -0.568073 -0.637602 0.520343
    outer loop
      vertex 4.51273 -0.609395 3.6799
      vertex 4.53883 -0.611561 3.70574
      vertex 4.52263 -0.593651 3.71
    endloop
  endfacet
  facet normal -0.56808 -0.637589 0.520351
    outer loop
      vertex 4.53883 -0.611561 3.70574
      vertex 4.51273 -0.609395 3.6799
      vertex 4.48403 -0.638096 3.6134
    endloop
  endfacet
  facet normal -0.568239 -0.637448 0.52035
    outer loop
      vertex 2.33987 -1.67637 0
      vertex 4.16175 -0.75569 3.11742
      vertex 2.33287 -1.67013 0
    endloop
  endfacet
  facet normal -0.56806 -0.637646 0.520304
    outer loop
      vertex 4.16175 -0.75569 3.11742
      vertex 2.33987 -1.67637 0
      vertex 4.2 -0.759999 3.1539
    endloop
  endfacet
  facet normal -0.568002 -0.63771 0.520288
    outer loop
      vertex 4.2 -0.759999 3.1539
      vertex 2.33987 -1.67637 0
      vertex 4.24208 -0.755258 3.20565
    endloop
  endfacet
  facet normal -0.490557 -0.24528 -0.836177
    outer loop
      vertex 4.47912 -0.643009 3.75
      vertex 4.60494 -0.717546 3.69805
      vertex 4.60877 -0.902307 3.75
    endloop
  endfacet
  facet normal -0.490585 -0.245355 -0.836139
    outer loop
      vertex 4.60494 -0.717546 3.69805
      vertex 4.47912 -0.643009 3.75
      vertex 4.50976 -0.612363 3.72303
    endloop
  endfacet
  facet normal 0.0200171 -0.962488 0.270586
    outer loop
      vertex 2.03132 -1.58434 0
      vertex 3.93193 -0.654055 3.16847
      vertex 3.91858 -0.640709 3.21693
    endloop
  endfacet
  facet normal 0.0202422 -0.962518 0.27046
    outer loop
      vertex 3.93193 -0.654055 3.16847
      vertex 2.03132 -1.58434 0
      vertex 2.04083 -1.58414 0
    endloop
  endfacet
  facet normal -0.2502 -0.87952 0.404778
    outer loop
      vertex 2.18197 -1.59762 0
      vertex 3.98016 -0.691302 3.08078
      vertex 2.17276 -1.595 0
    endloop
  endfacet
  facet normal -0.25023 -0.879505 0.404791
    outer loop
      vertex 3.98016 -0.691302 3.08078
      vertex 2.18197 -1.59762 0
      vertex 4.00634 -0.707753 3.06122
    endloop
  endfacet
  facet normal 0.528233 -0.846871 -0.0614816
    outer loop
      vertex 1.75337 -1.68215 0
      vertex 3.88764 -0.609769 3.56569
      vertex 3.89114 -0.613266 3.64393
    endloop
  endfacet
  facet normal 0.528277 -0.846841 -0.0615167
    outer loop
      vertex 3.88764 -0.609769 3.56569
      vertex 1.75337 -1.68215 0
      vertex 1.79577 -1.6557 0
    endloop
  endfacet
  facet normal 0.200689 -0.965575 0.165497
    outer loop
      vertex 1.93443 -1.59994 0
      vertex 3.905 -0.62713 3.28616
      vertex 3.89669 -0.618815 3.34475
    endloop
  endfacet
  facet normal 0.20033 -0.965611 0.165723
    outer loop
      vertex 3.905 -0.62713 3.28616
      vertex 1.93443 -1.59994 0
      vertex 1.94354 -1.59805 0
    endloop
  endfacet
  facet normal -0.764674 0.581331 0.278079
    outer loop
      vertex 2.37916 -2.18838 0
      vertex 3.96921 -1.41231 2.75
      vertex 3.97571 -1.40376 2.75
    endloop
  endfacet
  facet normal -0.764416 0.581806 0.277796
    outer loop
      vertex 3.96921 -1.41231 2.75
      vertex 2.37916 -2.18838 0
      vertex 2.35587 -2.21898 0
    endloop
  endfacet
  facet normal -0.764149 0.582297 0.277502
    outer loop
      vertex 4.44492 -1.17446 3.56088
      vertex 4.55628 -1.11845 3.75
      vertex 4.44378 -1.17374 3.55623
    endloop
  endfacet
  facet normal -0.760762 0.588514 0.273666
    outer loop
      vertex 4.55628 -1.11845 3.75
      vertex 4.44492 -1.17446 3.56088
      vertex 4.55587 -1.11898 3.75
    endloop
  endfacet
  facet normal -0.764319 0.581983 0.277689
    outer loop
      vertex 2.385 -2.1807 0
      vertex 3.97571 -1.40376 2.75
      vertex 3.99834 -1.37404 2.75
    endloop
  endfacet
  facet normal -0.76462 0.58143 0.278019
    outer loop
      vertex 3.97571 -1.40376 2.75
      vertex 2.385 -2.1807 0
      vertex 2.37916 -2.18838 0
    endloop
  endfacet
  facet normal -0.764479 0.581699 0.277847
    outer loop
      vertex 4.44378 -1.17374 3.55623
      vertex 4.585 -1.0807 3.75
      vertex 4.42391 -1.16125 3.47541
    endloop
  endfacet
  facet normal -0.764509 0.581634 0.2779
    outer loop
      vertex 4.585 -1.0807 3.75
      vertex 4.44378 -1.17374 3.55623
      vertex 4.55628 -1.11845 3.75
    endloop
  endfacet
  facet normal -0.494744 -0.243624 -0.834191
    outer loop
      vertex 4.6435 -0.957043 3.74568
      vertex 4.64158 -0.967936 3.75
      vertex 4.64119 -0.967144 3.75
    endloop
  endfacet
  facet normal -0.856385 0.313128 0.410555
    outer loop
      vertex 2.44272 -2.06484 0
      vertex 4.04367 -1.29198 2.75
      vertex 4.04699 -1.2829 2.75
    endloop
  endfacet
  facet normal -0.856266 0.313787 0.4103
    outer loop
      vertex 4.04367 -1.29198 2.75
      vertex 2.44272 -2.06484 0
      vertex 2.43033 -2.09865 0
    endloop
  endfacet
  facet normal -0.856241 0.313933 0.410241
    outer loop
      vertex 4.37053 -1.12855 3.30715
      vertex 4.63037 -0.998553 3.75
      vertex 4.36653 -1.12715 3.29773
    endloop
  endfacet
  facet normal -0.849835 0.346871 0.396813
    outer loop
      vertex 4.63037 -0.998553 3.75
      vertex 4.37053 -1.12855 3.30715
      vertex 4.63033 -0.998651 3.75
    endloop
  endfacet
  facet normal -0.803972 0.497527 0.325724
    outer loop
      vertex 2.40991 -2.14045 0
      vertex 4.0038 -1.36521 2.75
      vertex 4.02325 -1.33378 2.75
    endloop
  endfacet
  facet normal -0.804068 0.497291 0.325846
    outer loop
      vertex 4.0038 -1.36521 2.75
      vertex 2.40991 -2.14045 0
      vertex 2.40482 -2.14868 0
    endloop
  endfacet
  facet normal -0.803984 0.497501 0.325733
    outer loop
      vertex 4.42222 -1.16019 3.46962
      vertex 4.60991 -1.04045 3.75
      vertex 4.39927 -1.14577 3.39095
    endloop
  endfacet
  facet normal -0.803956 0.497581 0.32568
    outer loop
      vertex 4.60991 -1.04045 3.75
      vertex 4.42222 -1.16019 3.46962
      vertex 4.58524 -1.08031 3.75
    endloop
  endfacet
  facet normal -0.834703 0.407829 0.370063
    outer loop
      vertex 2.41412 -2.13184 0
      vertex 4.02325 -1.33378 2.75
      vertex 4.03931 -1.30091 2.75
    endloop
  endfacet
  facet normal -0.834624 0.408103 0.369938
    outer loop
      vertex 4.02325 -1.33378 2.75
      vertex 2.41412 -2.13184 0
      vertex 2.40991 -2.14045 0
    endloop
  endfacet
  facet normal -0.834717 0.407762 0.370105
    outer loop
      vertex 4.39927 -1.14577 3.39095
      vertex 4.63029 -0.998748 3.75
      vertex 4.3739 -1.12983 3.31617
    endloop
  endfacet
  facet normal -0.834681 0.407913 0.37002
    outer loop
      vertex 4.63029 -0.998748 3.75
      vertex 4.39927 -1.14577 3.39095
      vertex 4.60991 -1.04045 3.75
    endloop
  endfacet
  facet normal 0.336264 0.831964 -0.441319
    outer loop
      vertex 1.74148 -2.37567 0
      vertex 3.82136 -1.36859 3.48329
      vertex 1.74722 -2.37799 0
    endloop
  endfacet
  facet normal 0.335962 0.832152 -0.441194
    outer loop
      vertex 3.82136 -1.36859 3.48329
      vertex 1.74148 -2.37567 0
      vertex 3.8353 -1.32876 3.56903
    endloop
  endfacet
  facet normal 0.336112 0.832058 -0.441257
    outer loop
      vertex 1.74722 -2.37799 0
      vertex 3.81933 -1.3744 3.47078
      vertex 1.78314 -2.3925 0
    endloop
  endfacet
  facet normal 0.335589 0.832385 -0.441039
    outer loop
      vertex 3.81933 -1.3744 3.47078
      vertex 1.74722 -2.37799 0
      vertex 3.82136 -1.36859 3.48329
    endloop
  endfacet
  facet normal -0.110897 0.969339 -0.219281
    outer loop
      vertex 1.96862 -2.41569 0
      vertex 3.80145 -1.50283 3.10841
      vertex 2.00944 -2.41102 0
    endloop
  endfacet
  facet normal -0.111486 0.969349 -0.218937
    outer loop
      vertex 3.80145 -1.50283 3.10841
      vertex 1.96862 -2.41569 0
      vertex 3.80107 -1.49947 3.12348
    endloop
  endfacet
  facet normal -0.660687 0.730369 0.173362
    outer loop
      vertex 2.31583 -2.26121 0
      vertex 3.89961 -1.48128 2.75
      vertex 3.9081 -1.4736 2.75
    endloop
  endfacet
  facet normal -0.660678 0.730379 0.173354
    outer loop
      vertex 3.89961 -1.48128 2.75
      vertex 2.31583 -2.26121 0
      vertex 2.28628 -2.28794 0
    endloop
  endfacet
  facet normal -0.660347 0.730784 0.172908
    outer loop
      vertex 4.48711 -1.18719 3.75
      vertex 4.46881 -1.19668 3.72022
      vertex 4.48628 -1.18794 3.75
    endloop
  endfacet
  facet normal -0.660585 0.730513 0.173141
    outer loop
      vertex 4.46881 -1.19668 3.72022
      vertex 4.48711 -1.18719 3.75
      vertex 4.46852 -1.19639 3.71789
    endloop
  endfacet
  facet normal 0.864415 -0.0156408 -0.502536
    outer loop
      vertex 3.73722 -0.934677 3.75
      vertex 1.53728 -2.03136 0
      vertex 3.73728 -0.931361 3.75
    endloop
  endfacet
  facet normal 0.864339 -0.0149699 -0.502687
    outer loop
      vertex 1.53728 -2.03136 0
      vertex 3.73722 -0.934677 3.75
      vertex 1.53663 -2.06889 0
    endloop
  endfacet
  facet normal 0.744531 0.380635 -0.548444
    outer loop
      vertex 3.78359 -1.135 3.75
      vertex 1.58112 -2.23016 0
      vertex 3.76608 -1.10075 3.75
    endloop
  endfacet
  facet normal 0.744804 0.380096 -0.548447
    outer loop
      vertex 1.58112 -2.23016 0
      vertex 3.78359 -1.135 3.75
      vertex 1.58359 -2.235 0
    endloop
  endfacet
  facet normal 0.417789 0.775894 -0.472696
    outer loop
      vertex 1.73615 -2.3728 0
      vertex 3.8353 -1.32876 3.56903
      vertex 1.74148 -2.37567 0
    endloop
  endfacet
  facet normal 0.418311 0.775496 -0.472887
    outer loop
      vertex 3.8353 -1.32876 3.56903
      vertex 1.73615 -2.3728 0
      vertex 3.83961 -1.31645 3.59303
    endloop
  endfacet
  facet normal 0.418397 0.775431 -0.472918
    outer loop
      vertex 3.83961 -1.31645 3.59303
      vertex 1.73615 -2.3728 0
      vertex 3.86392 -1.27777 3.67796
    endloop
  endfacet
  facet normal 0.0712329 0.945071 -0.31901
    outer loop
      vertex 1.87311 -2.41312 0
      vertex 3.80429 -1.45196 3.27867
      vertex 1.91331 -2.41615 0
    endloop
  endfacet
  facet normal 0.0712451 0.945068 -0.319016
    outer loop
      vertex 3.80429 -1.45196 3.27867
      vertex 1.87311 -2.41312 0
      vertex 3.80481 -1.44727 3.29268
    endloop
  endfacet
  facet normal -0.787694 -0.285571 0.545883
    outer loop
      vertex 2.44654 -1.83301 0
      vertex 4.60494 -0.717546 3.69805
      vertex 2.43541 -1.80231 0
    endloop
  endfacet
  facet normal -0.25024 -0.8795 0.404795
    outer loop
      vertex 2.2168 -1.60753 0
      vertex 4.00634 -0.707753 3.06122
      vertex 2.18197 -1.59762 0
    endloop
  endfacet
  facet normal -0.250393 -0.879426 0.404863
    outer loop
      vertex 4.00634 -0.707753 3.06122
      vertex 2.2168 -1.60753 0
      vertex 4.01078 -0.710541 3.05791
    endloop
  endfacet
  facet normal -0.491134 -0.245228 -0.835853
    outer loop
      vertex 4.64648 -0.917474 3.73232
      vertex 4.6435 -0.957043 3.74568
      vertex 4.641 -0.836591 3.71181
    endloop
  endfacet
  facet normal -0.787824 -0.285251 0.545862
    outer loop
      vertex 2.44654 -1.83301 0
      vertex 4.62053 -0.756336 3.70028
      vertex 4.60494 -0.717546 3.69805
    endloop
  endfacet
  facet normal -0.787967 -0.284894 0.545842
    outer loop
      vertex 4.62053 -0.756336 3.70028
      vertex 2.44654 -1.83301 0
      vertex 2.4497 -1.84175 0
    endloop
  endfacet
  facet normal -0.418233 -0.775554 0.472861
    outer loop
      vertex 2.28889 -1.64077 0
      vertex 4.04995 -0.728613 3.05367
      vertex 2.25846 -1.62436 0
    endloop
  endfacet
  facet normal -0.418225 -0.77556 0.472858
    outer loop
      vertex 4.04995 -0.728613 3.05367
      vertex 2.28889 -1.64077 0
      vertex 4.05671 -0.730978 3.05577
    endloop
  endfacet
  facet normal -0.0711651 -0.945088 0.318975
    outer loop
      vertex 2.07951 -1.58334 0
      vertex 3.9506 -0.672732 3.11548
      vertex 3.93398 -0.656107 3.16103
    endloop
  endfacet
  facet normal -0.0712984 -0.945054 0.319045
    outer loop
      vertex 2.12683 -1.58691 0
      vertex 3.9506 -0.672732 3.11548
      vertex 2.07951 -1.58334 0
    endloop
  endfacet
  facet normal -0.0713064 -0.945052 0.319049
    outer loop
      vertex 3.9506 -0.672732 3.11548
      vertex 2.12683 -1.58691 0
      vertex 3.95263 -0.674006 3.11216
    endloop
  endfacet
  facet normal 0.372603 -0.926466 0.0531703
    outer loop
      vertex 1.84041 -1.63303 0
      vertex 3.89013 -0.612262 3.42249
      vertex 3.8874 -0.609532 3.48919
    endloop
  endfacet
  facet normal 0.372792 -0.926398 0.0530372
    outer loop
      vertex 3.89013 -0.612262 3.42249
      vertex 1.84041 -1.63303 0
      vertex 1.84871 -1.62969 0
    endloop
  endfacet
  facet normal 0.59741 -0.793238 -0.117793
    outer loop
      vertex 1.72019 -1.70716 0
      vertex 3.89114 -0.613266 3.64393
      vertex 3.89157 -0.613698 3.64902
    endloop
  endfacet
  facet normal 0.597714 -0.792969 -0.118055
    outer loop
      vertex 3.89114 -0.613266 3.64393
      vertex 1.72019 -1.70716 0
      vertex 1.75337 -1.68215 0
    endloop
  endfacet
  facet normal -0.716439 0.659761 0.226782
    outer loop
      vertex 2.35587 -2.21898 0
      vertex 3.96176 -1.4204 2.75
      vertex 3.96921 -1.41231 2.75
    endloop
  endfacet
  facet normal -0.716559 0.659591 0.226901
    outer loop
      vertex 3.96176 -1.4204 2.75
      vertex 2.35587 -2.21898 0
      vertex 2.32924 -2.24791 0
    endloop
  endfacet
  facet normal -0.716619 0.659511 0.226941
    outer loop
      vertex 4.44583 -1.17503 3.56541
      vertex 4.55587 -1.11898 3.75
      vertex 4.44492 -1.17446 3.56088
    endloop
  endfacet
  facet normal -0.716713 0.659376 0.227039
    outer loop
      vertex 4.55587 -1.11898 3.75
      vertex 4.44583 -1.17503 3.56541
      vertex 4.55541 -1.11948 3.75
    endloop
  endfacet
  facet normal -0.489419 -0.245357 -0.836821
    outer loop
      vertex 4.64565 -0.877176 3.72099
      vertex 4.64648 -0.917474 3.73232
      vertex 4.641 -0.836591 3.71181
    endloop
  endfacet
  facet normal -0.856459 0.313581 0.410055
    outer loop
      vertex 4.6435 -0.957043 3.74568
      vertex 4.63037 -0.998553 3.75
      vertex 4.64158 -0.967936 3.75
    endloop
  endfacet
  facet normal -0.856308 0.31356 0.410387
    outer loop
      vertex 4.36653 -1.12715 3.29773
      vertex 4.6435 -0.957043 3.74568
      vertex 4.32932 -1.11413 3.21014
    endloop
  endfacet
  facet normal -0.856307 0.313567 0.410384
    outer loop
      vertex 4.6435 -0.957043 3.74568
      vertex 4.36653 -1.12715 3.29773
      vertex 4.63037 -0.998553 3.75
    endloop
  endfacet
  facet normal -0.856278 0.313724 0.410323
    outer loop
      vertex 2.44604 -2.05578 0
      vertex 4.04699 -1.2829 2.75
      vertex 4.05937 -1.24911 2.75
    endloop
  endfacet
  facet normal -0.856269 0.313776 0.410303
    outer loop
      vertex 4.04699 -1.2829 2.75
      vertex 2.44604 -2.05578 0
      vertex 2.44272 -2.06484 0
    endloop
  endfacet
  facet normal -0.287106 0.951484 -0.110668
    outer loop
      vertex 2.10512 -2.38808 0
      vertex 3.80557 -1.53944 2.88483
      vertex 2.11314 -2.38566 0
    endloop
  endfacet
  facet normal -0.288095 0.951261 -0.110019
    outer loop
      vertex 3.80557 -1.53944 2.88483
      vertex 2.10512 -2.38808 0
      vertex 3.80478 -1.53246 2.94725
    endloop
  endfacet
  facet normal -0.37269 0.926435 -0.0531082
    outer loop
      vertex 2.11314 -2.38566 0
      vertex 3.80594 -1.54274 2.82481
      vertex 2.12102 -2.38249 0
    endloop
  endfacet
  facet normal -0.372508 0.926501 -0.0532369
    outer loop
      vertex 3.80594 -1.54274 2.82481
      vertex 2.11314 -2.38566 0
      vertex 3.80557 -1.53944 2.88483
    endloop
  endfacet
  facet normal -0.288407 0.951189 -0.109819
    outer loop
      vertex 2.06551 -2.40009 0
      vertex 3.80478 -1.53246 2.94725
      vertex 2.10512 -2.38808 0
    endloop
  endfacet
  facet normal -0.288924 0.951072 -0.109479
    outer loop
      vertex 3.80478 -1.53246 2.94725
      vertex 2.06551 -2.40009 0
      vertex 3.80457 -1.53056 2.96431
    endloop
  endfacet
  facet normal -0.453106 0.891446 0.00433319
    outer loop
      vertex 3.8175 -1.53766 2.75
      vertex 2.20417 -2.34432 0
      vertex 3.80603 -1.54349 2.75
    endloop
  endfacet
  facet normal -0.452952 0.891525 0.00422039
    outer loop
      vertex 2.15953 -2.367 0
      vertex 3.80603 -1.54349 2.75
      vertex 2.20417 -2.34432 0
    endloop
  endfacet
  facet normal -0.452792 0.891607 0.00409964
    outer loop
      vertex 3.80603 -1.54349 2.75
      vertex 2.15953 -2.367 0
      vertex 3.80605 -1.54374 2.80658
    endloop
  endfacet
  facet normal 0.822359 0.187087 -0.537331
    outer loop
      vertex 3.75024 -1.05828 3.75
      vertex 1.54901 -2.15291 0
      vertex 3.74162 -1.02039 3.75
    endloop
  endfacet
  facet normal 0.821998 0.188279 -0.537467
    outer loop
      vertex 1.54901 -2.15291 0
      vertex 3.75024 -1.05828 3.75
      vertex 1.55024 -2.15828 0
    endloop
  endfacet
  facet normal 0.250232 0.879505 -0.40479
    outer loop
      vertex 1.78314 -2.3925 0
      vertex 3.80852 -1.41436 3.37729
      vertex 1.82718 -2.40503 0
    endloop
  endfacet
  facet normal 0.250297 0.879473 -0.40482
    outer loop
      vertex 3.80852 -1.41436 3.37729
      vertex 1.78314 -2.3925 0
      vertex 3.81003 -1.40099 3.40727
    endloop
  endfacet
  facet normal 0.250384 0.87943 -0.404859
    outer loop
      vertex 3.81003 -1.40099 3.40727
      vertex 1.78314 -2.3925 0
      vertex 3.81933 -1.3744 3.47078
    endloop
  endfacet
  facet normal 0.787755 0.285421 -0.545873
    outer loop
      vertex 3.76453 -1.09772 3.75
      vertex 1.55024 -2.15828 0
      vertex 3.75024 -1.05828 3.75
    endloop
  endfacet
  facet normal 0.787755 0.285421 -0.545873
    outer loop
      vertex 1.55024 -2.15828 0
      vertex 3.76453 -1.09772 3.75
      vertex 1.56453 -2.19772 0
    endloop
  endfacet
  facet normal 0.76445 -0.581744 -0.277832
    outer loop
      vertex 3.8167 -0.717014 3.75
      vertex 1.64407 -1.78105 0
      vertex 3.84407 -0.681048 3.75
    endloop
  endfacet
  facet normal 0.764064 -0.582453 -0.277407
    outer loop
      vertex 1.64407 -1.78105 0
      vertex 3.8167 -0.717014 3.75
      vertex 1.63958 -1.78694 0
    endloop
  endfacet
  facet normal 0.716556 -0.659594 -0.226899
    outer loop
      vertex 3.84407 -0.681048 3.75
      vertex 1.6492 -1.77547 0
      vertex 3.87537 -0.647045 3.75
    endloop
  endfacet
  facet normal 0.716907 -0.659092 -0.227251
    outer loop
      vertex 1.6492 -1.77547 0
      vertex 3.84407 -0.681048 3.75
      vertex 1.64407 -1.78105 0
    endloop
  endfacet
  facet normal -0.693142 -0.471714 0.545014
    outer loop
      vertex 2.39272 -1.73033 0
      vertex 4.58597 -0.680217 3.69823
      vertex 4.56386 -0.644759 3.7008
    endloop
  endfacet
  facet normal -0.693011 -0.471926 0.544997
    outer loop
      vertex 4.58597 -0.680217 3.69823
      vertex 2.39272 -1.73033 0
      vertex 2.41635 -1.76503 0
    endloop
  endfacet
  facet normal -0.490679 -0.245274 -0.836107
    outer loop
      vertex 4.62053 -0.756336 3.70028
      vertex 4.641 -0.836591 3.71181
      vertex 4.60494 -0.717546 3.69805
    endloop
  endfacet
  facet normal -0.490759 -0.245288 -0.836056
    outer loop
      vertex 4.6326 -0.796164 3.70488
      vertex 4.641 -0.836591 3.71181
      vertex 4.62053 -0.756336 3.70028
    endloop
  endfacet
  facet normal -0.336158 -0.832029 0.441277
    outer loop
      vertex 2.25846 -1.62436 0
      vertex 4.04359 -0.726385 3.05302
      vertex 2.22564 -1.6111 0
    endloop
  endfacet
  facet normal -0.336509 -0.831812 0.441418
    outer loop
      vertex 4.04359 -0.726385 3.05302
      vertex 2.25846 -1.62436 0
      vertex 4.04995 -0.728613 3.05367
    endloop
  endfacet
  facet normal -0.49049 -0.245273 -0.836218
    outer loop
      vertex 4.52057 -0.596919 3.71216
      vertex 4.56386 -0.644759 3.7008
      vertex 4.51739 -0.601981 3.71551
    endloop
  endfacet
  facet normal -0.336041 -0.832102 0.441229
    outer loop
      vertex 2.22564 -1.6111 0
      vertex 4.01078 -0.710541 3.05791
      vertex 2.2168 -1.60753 0
    endloop
  endfacet
  facet normal -0.336113 -0.832057 0.441258
    outer loop
      vertex 4.01078 -0.710541 3.05791
      vertex 2.22564 -1.6111 0
      vertex 4.02645 -0.720387 3.05128
    endloop
  endfacet
  facet normal -0.335989 -0.832135 0.441207
    outer loop
      vertex 4.02645 -0.720387 3.05128
      vertex 2.22564 -1.6111 0
      vertex 4.04359 -0.726385 3.05302
    endloop
  endfacet
  facet normal -0.161542 -0.917339 0.363859
    outer loop
      vertex 2.16323 -1.59332 0
      vertex 3.95263 -0.674006 3.11216
      vertex 2.12683 -1.58691 0
    endloop
  endfacet
  facet normal -0.161354 -0.917407 0.36377
    outer loop
      vertex 3.95263 -0.674006 3.11216
      vertex 2.16323 -1.59332 0
      vertex 3.95651 -0.676445 3.10773
    endloop
  endfacet
  facet normal 0.3722 -0.926612 0.0534539
    outer loop
      vertex 1.84871 -1.62969 0
      vertex 3.89043 -0.612558 3.41527
      vertex 3.89013 -0.612262 3.42249
    endloop
  endfacet
  facet normal 0.372626 -0.926458 0.0531529
    outer loop
      vertex 3.89043 -0.612558 3.41527
      vertex 1.84871 -1.62969 0
      vertex 1.8868 -1.61437 0
    endloop
  endfacet
  facet normal 0.288339 -0.951205 0.109861
    outer loop
      vertex 1.8868 -1.61437 0
      vertex 3.89105 -0.613182 3.40824
      vertex 3.89043 -0.612558 3.41527
    endloop
  endfacet
  facet normal 0.288264 -0.951222 0.10991
    outer loop
      vertex 3.89105 -0.613182 3.40824
      vertex 1.8868 -1.61437 0
      vertex 1.92554 -1.60263 0
    endloop
  endfacet
  facet normal 0.744438 0.380818 -0.548443
    outer loop
      vertex 3.76608 -1.10075 3.75
      vertex 1.56453 -2.19772 0
      vertex 3.76453 -1.09772 3.75
    endloop
  endfacet
  facet normal 0.744481 0.380732 -0.548444
    outer loop
      vertex 1.56453 -2.19772 0
      vertex 3.76608 -1.10075 3.75
      vertex 1.58112 -2.23016 0
    endloop
  endfacet
  facet normal 0.693041 0.471876 -0.545001
    outer loop
      vertex 3.80531 -1.1669 3.75
      vertex 1.58359 -2.235 0
      vertex 3.78359 -1.135 3.75
    endloop
  endfacet
  facet normal 0.693092 0.471794 -0.545008
    outer loop
      vertex 1.58359 -2.235 0
      vertex 3.80531 -1.1669 3.75
      vertex 1.58666 -2.23951 0
    endloop
  endfacet
  facet normal 0.822251 0.187443 -0.537371
    outer loop
      vertex 3.74162 -1.02039 3.75
      vertex 1.54087 -2.1171 0
      vertex 3.74087 -1.0171 3.75
    endloop
  endfacet
  facet normal 0.822403 0.186941 -0.537313
    outer loop
      vertex 1.54087 -2.1171 0
      vertex 3.74162 -1.02039 3.75
      vertex 1.54901 -2.15291 0
    endloop
  endfacet
  facet normal -0.716779 0.65928 0.227107
    outer loop
      vertex 4.4494 -1.17727 3.58318
      vertex 4.55541 -1.11948 3.75
      vertex 4.44583 -1.17503 3.56541
    endloop
  endfacet
  facet normal -0.716503 0.659689 0.22679
    outer loop
      vertex 4.45894 -1.18681 3.64107
      vertex 4.55541 -1.11948 3.75
      vertex 4.4494 -1.17727 3.58318
    endloop
  endfacet
  facet normal -0.716538 0.659628 0.226858
    outer loop
      vertex 4.55541 -1.11948 3.75
      vertex 4.45894 -1.18681 3.64107
      vertex 4.52284 -1.15486 3.75
    endloop
  endfacet
  facet normal -0.716565 0.659581 0.226908
    outer loop
      vertex 2.32924 -2.24791 0
      vertex 3.93618 -1.44819 2.75
      vertex 3.96176 -1.4204 2.75
    endloop
  endfacet
  facet normal -0.716447 0.65975 0.22679
    outer loop
      vertex 3.93618 -1.44819 2.75
      vertex 2.32924 -2.24791 0
      vertex 2.32284 -2.25486 0
    endloop
  endfacet
  facet normal -0.490718 -0.245283 -0.836081
    outer loop
      vertex 4.641 -0.836591 3.71181
      vertex 4.6435 -0.957043 3.74568
      vertex 4.60494 -0.717546 3.69805
    endloop
  endfacet
  facet normal -0.490556 -0.245263 -0.836183
    outer loop
      vertex 4.60877 -0.902307 3.75
      vertex 4.6435 -0.957043 3.74568
      vertex 4.64083 -0.966431 3.75
    endloop
  endfacet
  facet normal -0.490577 -0.245277 -0.836166
    outer loop
      vertex 4.6435 -0.957043 3.74568
      vertex 4.60877 -0.902307 3.75
      vertex 4.60494 -0.717546 3.69805
    endloop
  endfacet
  facet normal 0.49605 0.710321 -0.499378
    outer loop
      vertex 1.67181 -2.3332 0
      vertex 3.86728 -1.27241 3.68972
      vertex 1.70264 -2.35473 0
    endloop
  endfacet
  facet normal 0.496452 0.709948 -0.49951
    outer loop
      vertex 3.86728 -1.27241 3.68972
      vertex 1.67181 -2.3332 0
      vertex 3.87067 -1.26702 3.70075
    endloop
  endfacet
  facet normal 0.418218 0.775566 -0.472854
    outer loop
      vertex 1.70264 -2.35473 0
      vertex 3.86392 -1.27777 3.67796
      vertex 1.73615 -2.3728 0
    endloop
  endfacet
  facet normal 0.418513 0.775341 -0.472962
    outer loop
      vertex 3.86392 -1.27777 3.67796
      vertex 1.70264 -2.35473 0
      vertex 3.86728 -1.27241 3.68972
    endloop
  endfacet
  facet normal 0.660691 -0.730341 -0.173465
    outer loop
      vertex 3.87899 -0.643455 3.75
      vertex 3.89786 -0.619986 3.72306
      vertex 3.90122 -0.623345 3.75
    endloop
  endfacet
  facet normal 0.661154 -0.729846 -0.173783
    outer loop
      vertex 1.71366 -1.71208 0
      vertex 3.87899 -0.643455 3.75
      vertex 1.70771 -1.71747 0
    endloop
  endfacet
  facet normal 0.660736 -0.730313 -0.173408
    outer loop
      vertex 3.87899 -0.643455 3.75
      vertex 1.71366 -1.71208 0
      vertex 3.89786 -0.619986 3.72306
    endloop
  endfacet
  facet normal 0.66081 -0.730231 -0.173474
    outer loop
      vertex 1.70771 -1.71747 0
      vertex 3.8771 -0.645169 3.75
      vertex 1.6771 -1.74517 0
    endloop
  endfacet
  facet normal 0.661515 -0.729442 -0.174107
    outer loop
      vertex 3.8771 -0.645169 3.75
      vertex 1.70771 -1.71747 0
      vertex 3.87899 -0.643455 3.75
    endloop
  endfacet
  facet normal 0.834698 -0.407847 -0.370054
    outer loop
      vertex 3.76961 -0.801377 3.75
      vertex 1.57254 -1.89538 0
      vertex 3.78871 -0.762287 3.75
    endloop
  endfacet
  facet normal 0.834757 -0.40764 -0.370149
    outer loop
      vertex 1.57254 -1.89538 0
      vertex 3.76961 -0.801377 3.75
      vertex 1.56961 -1.90138 0
    endloop
  endfacet
  facet normal -0.74449 -0.380717 0.548443
    outer loop
      vertex 2.43118 -1.79403 0
      vertex 4.58597 -0.680217 3.69823
      vertex 2.41635 -1.76503 0
    endloop
  endfacet
  facet normal -0.6342 -0.557583 0.535623
    outer loop
      vertex 2.39272 -1.73033 0
      vertex 4.56386 -0.644759 3.7008
      vertex 2.37096 -1.70558 0
    endloop
  endfacet
  facet normal -0.82234 -0.187152 0.537337
    outer loop
      vertex 2.4497 -1.84175 0
      vertex 4.6326 -0.796164 3.70488
      vertex 4.62053 -0.756336 3.70028
    endloop
  endfacet
  facet normal -0.822351 -0.187116 0.537333
    outer loop
      vertex 4.6326 -0.796164 3.70488
      vertex 2.4497 -1.84175 0
      vertex 2.45907 -1.88293 0
    endloop
  endfacet
  facet normal -0.417888 -0.775814 0.472739
    outer loop
      vertex 2.2973 -1.6453 0
      vertex 4.05671 -0.730978 3.05577
      vertex 2.28889 -1.64077 0
    endloop
  endfacet
  facet normal -0.418322 -0.775487 0.472891
    outer loop
      vertex 4.05671 -0.730978 3.05577
      vertex 2.2973 -1.6453 0
      vertex 4.09744 -0.745229 3.06843
    endloop
  endfacet
  facet normal 0.634282 0.557475 -0.535638
    outer loop
      vertex 3.80947 -1.17226 3.75
      vertex 1.60722 -2.2697 0
      vertex 3.80722 -1.1697 3.75
    endloop
  endfacet
  facet normal 0.634076 0.557748 -0.535597
    outer loop
      vertex 1.60722 -2.2697 0
      vertex 3.80947 -1.17226 3.75
      vertex 1.63148 -2.29728 0
    endloop
  endfacet
  facet normal 0.803498 -0.4987 -0.325099
    outer loop
      vertex 3.81342 -0.721774 3.75
      vertex 1.61494 -1.81933 0
      vertex 3.81494 -0.719325 3.75
    endloop
  endfacet
  facet normal 0.803932 -0.497628 -0.325668
    outer loop
      vertex 1.61494 -1.81933 0
      vertex 3.81342 -0.721774 3.75
      vertex 1.59369 -1.85366 0
    endloop
  endfacet
  facet normal 0.76428 -0.582056 -0.277646
    outer loop
      vertex 3.81494 -0.719325 3.75
      vertex 1.63958 -1.78694 0
      vertex 3.8167 -0.717014 3.75
    endloop
  endfacet
  facet normal 0.764528 -0.581599 -0.27792
    outer loop
      vertex 1.63958 -1.78694 0
      vertex 3.81494 -0.719325 3.75
      vertex 1.61494 -1.81933 0
    endloop
  endfacet
  facet normal 0.597794 -0.792899 -0.118124
    outer loop
      vertex 1.71366 -1.71208 0
      vertex 3.89157 -0.613698 3.64902
      vertex 3.89786 -0.619986 3.72306
    endloop
  endfacet
  facet normal 0.597561 -0.793105 -0.117923
    outer loop
      vertex 3.89157 -0.613698 3.64902
      vertex 1.71366 -1.71208 0
      vertex 1.72019 -1.70716 0
    endloop
  endfacet
  facet normal 0.452903 -0.89155 -0.00418293
    outer loop
      vertex 1.79577 -1.6557 0
      vertex 3.8874 -0.609532 3.48919
      vertex 3.88764 -0.609769 3.56569
    endloop
  endfacet
  facet normal 0.452794 -0.891606 -0.0041004
    outer loop
      vertex 3.8874 -0.609532 3.48919
      vertex 1.79577 -1.6557 0
      vertex 1.84041 -1.63303 0
    endloop
  endfacet
  facet normal 0.856288 -0.313664 -0.410347
    outer loop
      vertex 3.75502 -0.841207 3.75
      vertex 1.56961 -1.90138 0
      vertex 3.76961 -0.801377 3.75
    endloop
  endfacet
  facet normal 0.856244 -0.313909 -0.410252
    outer loop
      vertex 1.56961 -1.90138 0
      vertex 3.75502 -0.841207 3.75
      vertex 1.56737 -1.90749 0
    endloop
  endfacet
  facet normal 0.856087 -0.314779 -0.409913
    outer loop
      vertex 3.7539 -0.844253 3.75
      vertex 1.56737 -1.90749 0
      vertex 3.75502 -0.841207 3.75
    endloop
  endfacet
  facet normal 0.856271 -0.313764 -0.410308
    outer loop
      vertex 1.56737 -1.90749 0
      vertex 3.7539 -0.844253 3.75
      vertex 1.5539 -1.94425 0
    endloop
  endfacet
  facet normal 0.80402 -0.497409 -0.325786
    outer loop
      vertex 3.79003 -0.759582 3.75
      vertex 1.59369 -1.85366 0
      vertex 3.81342 -0.721774 3.75
    endloop
  endfacet
  facet normal 0.804126 -0.497146 -0.325925
    outer loop
      vertex 1.59369 -1.85366 0
      vertex 3.79003 -0.759582 3.75
      vertex 1.59003 -1.85958 0
    endloop
  endfacet
  facet normal 0.834829 -0.407384 -0.370267
    outer loop
      vertex 3.78871 -0.762287 3.75
      vertex 1.59003 -1.85958 0
      vertex 3.79003 -0.759582 3.75
    endloop
  endfacet
  facet normal 0.834712 -0.407796 -0.370078
    outer loop
      vertex 1.59003 -1.85958 0
      vertex 3.78871 -0.762287 3.75
      vertex 1.57254 -1.89538 0
    endloop
  endfacet
  facet normal -0.99117 -0.0674226 0.114178
    outer loop
      vertex 1.90285 -3.198 0
      vertex 2.26718 -3.89693 2.75
      vertex 1.90051 -3.1636 0
    endloop
  endfacet
  facet normal -0.991174 -0.067314 0.114206
    outer loop
      vertex 2.26718 -3.89693 2.75
      vertex 1.90285 -3.198 0
      vertex 2.26787 -3.90709 2.75
    endloop
  endfacet
  facet normal -0.962145 -0.266461 0.0572311
    outer loop
      vertex 1.89319 -3.12069 0
      vertex 2.24822 -3.81199 2.75
      vertex 1.88155 -3.07866 0
    endloop
  endfacet
  facet normal -0.962216 -0.266189 0.0573088
    outer loop
      vertex 2.24822 -3.81199 2.75
      vertex 1.89319 -3.12069 0
      vertex 2.25985 -3.85403 2.75
    endloop
  endfacet
  facet normal -0.991192 -0.066822 0.114335
    outer loop
      vertex 1.90345 -3.2069 0
      vertex 2.26787 -3.90709 2.75
      vertex 1.90285 -3.198 0
    endloop
  endfacet
  facet normal -0.991175 -0.0672743 0.114218
    outer loop
      vertex 2.26787 -3.90709 2.75
      vertex 1.90345 -3.2069 0
      vertex 2.27012 -3.94024 2.75
    endloop
  endfacet
  facet normal 0.989429 -0.033973 -0.140981
    outer loop
      vertex 1.59797 -4.14975 3.75
      vertex 1.09677 -3.185 0
      vertex 1.09798 -3.14976 0
    endloop
  endfacet
  facet normal 0.989627 -0.0310645 -0.140259
    outer loop
      vertex 1.09677 -3.185 0
      vertex 1.59797 -4.14975 3.75
      vertex 1.5979 -4.15198 3.75
    endloop
  endfacet
  facet normal 0.98938 -0.0346716 -0.141156
    outer loop
      vertex 1.5979 -4.15198 3.75
      vertex 1.09649 -3.19299 0
      vertex 1.09677 -3.185 0
    endloop
  endfacet
  facet normal 0.989425 -0.0340266 -0.140997
    outer loop
      vertex 1.09649 -3.19299 0
      vertex 1.5979 -4.15198 3.75
      vertex 1.59649 -4.19298 3.75
    endloop
  endfacet
  facet normal 0.435334 -0.853731 -0.285706
    outer loop
      vertex 1.3295 -2.81898 0
      vertex 1.7922 -3.838 3.75
      vertex 1.2922 -2.838 0
    endloop
  endfacet
  facet normal 0.435334 -0.853731 -0.285706
    outer loop
      vertex 1.7922 -3.838 3.75
      vertex 1.3295 -2.81898 0
      vertex 1.8295 -3.81898 3.75
    endloop
  endfacet
  facet normal -0.0685591 -0.9662 -0.24851
    outer loop
      vertex 1.49301 -2.78603 0
      vertex 2.01425 -3.75403 3.61975
      vertex 1.979 -3.758 3.64491
    endloop
  endfacet
  facet normal -0.0679883 -0.966218 -0.248597
    outer loop
      vertex 2.01425 -3.75403 3.61975
      vertex 1.49301 -2.78603 0
      vertex 1.5004 -2.78655 0
    endloop
  endfacet
  facet normal -0.171486 -0.957375 -0.232435
    outer loop
      vertex 1.56965 -2.79519 0
      vertex 2.05 -3.75 3.57837
      vertex 2.02066 -3.75331 3.61365
    endloop
  endfacet
  facet normal -0.170812 -0.957467 -0.23255
    outer loop
      vertex 1.56965 -2.79519 0
      vertex 2.05402 -3.75045 3.57727
      vertex 2.05 -3.75 3.57837
    endloop
  endfacet
  facet normal -0.172055 -0.957297 -0.232336
    outer loop
      vertex 2.05402 -3.75045 3.57727
      vertex 1.56965 -2.79519 0
      vertex 1.57705 -2.79652 0
    endloop
  endfacet
  facet normal -0.637612 -0.761269 -0.117985
    outer loop
      vertex 1.73767 -2.87432 0
      vertex 2.20844 -3.78433 3.32748
      vertex 2.20534 -3.78324 3.3372
    endloop
  endfacet
  facet normal -0.637164 -0.761619 -0.118144
    outer loop
      vertex 2.20844 -3.78433 3.32748
      vertex 1.73767 -2.87432 0
      vertex 1.76478 -2.897 0
    endloop
  endfacet
  facet normal 0.689435 -0.671722 -0.27105
    outer loop
      vertex 1.69726 -3.91597 3.75
      vertex 1.19547 -2.91781 0
      vertex 1.21974 -2.8929 0
    endloop
  endfacet
  facet normal 0.688081 -0.673041 -0.27122
    outer loop
      vertex 1.19547 -2.91781 0
      vertex 1.69726 -3.91597 3.75
      vertex 1.69547 -3.9178 3.75
    endloop
  endfacet
  facet normal 0.0351142 -0.964464 -0.26187
    outer loop
      vertex 1.45088 -2.78757 0
      vertex 1.96099 -3.76003 3.64996
      vertex 1.94066 -3.76714 3.67342
    endloop
  endfacet
  facet normal 0.0354781 -0.964439 -0.261914
    outer loop
      vertex 1.45088 -2.78757 0
      vertex 1.9757 -3.75837 3.64584
      vertex 1.96099 -3.76003 3.64996
    endloop
  endfacet
  facet normal 0.0355733 -0.964432 -0.261926
    outer loop
      vertex 1.9757 -3.75837 3.64584
      vertex 1.45088 -2.78757 0
      vertex 1.4582 -2.7873 0
    endloop
  endfacet
  facet normal -0.891213 -0.453579 -0.00212673
    outer loop
      vertex 2.24941 -3.80586 2.99741
      vertex 1.84592 -2.99901 0
      vertex 1.86185 -3.03031 0
    endloop
  endfacet
  facet normal -0.891333 -0.453345 -0.00204777
    outer loop
      vertex 1.84592 -2.99901 0
      vertex 2.24941 -3.80586 2.99741
      vertex 2.24931 -3.80579 3.02544
    endloop
  endfacet
  facet normal 0.0343691 -0.964516 -0.261777
    outer loop
      vertex 1.4582 -2.7873 0
      vertex 1.979 -3.758 3.64491
      vertex 1.9757 -3.75837 3.64584
    endloop
  endfacet
  facet normal 0.0351871 -0.964459 -0.261879
    outer loop
      vertex 1.979 -3.758 3.64491
      vertex 1.4582 -2.7873 0
      vertex 1.49301 -2.78603 0
    endloop
  endfacet
  facet normal 0.338265 -0.896403 -0.286424
    outer loop
      vertex 1.8295 -3.81898 3.75
      vertex 1.865 -3.7968 3.72251
      vertex 1.83003 -3.81878 3.75
    endloop
  endfacet
  facet normal 0.339883 -0.896445 -0.28437
    outer loop
      vertex 1.3295 -2.81898 0
      vertex 1.865 -3.7968 3.72251
      vertex 1.8295 -3.81898 3.75
    endloop
  endfacet
  facet normal 0.339861 -0.896454 -0.284369
    outer loop
      vertex 1.865 -3.7968 3.72251
      vertex 1.3295 -2.81898 0
      vertex 1.36867 -2.80413 0
    endloop
  endfacet
  facet normal 0.976893 -0.134484 -0.166114
    outer loop
      vertex 1.59828 -4.14755 3.75
      vertex 1.09798 -3.14976 0
      vertex 1.10279 -3.11482 0
    endloop
  endfacet
  facet normal 0.976335 -0.137575 -0.166862
    outer loop
      vertex 1.09798 -3.14976 0
      vertex 1.59828 -4.14755 3.75
      vertex 1.59797 -4.14975 3.75
    endloop
  endfacet
  facet normal -0.240634 0.929377 0.279919
    outer loop
      vertex 1.59953 -3.60397 0
      vertex 1.95733 -4.3396 2.75
      vertex 1.989 -4.3314 2.75
    endloop
  endfacet
  facet normal -0.241218 0.929215 0.279951
    outer loop
      vertex 1.95733 -4.3396 2.75
      vertex 1.59953 -3.60397 0
      vertex 1.59067 -3.60627 0
    endloop
  endfacet
  facet normal -0.240553 0.929411 0.279873
    outer loop
      vertex 2.10285 -4.54405 3.55388
      vertex 2.09067 -4.60626 3.75
      vertex 2.13062 -4.59592 3.75
    endloop
  endfacet
  facet normal -0.240342 0.929457 0.279901
    outer loop
      vertex 2.09067 -4.60626 3.75
      vertex 2.10285 -4.54405 3.55388
      vertex 2.06187 -4.54866 3.534
    endloop
  endfacet
  facet normal -0.464983 -0.868901 -0.169709
    outer loop
      vertex 1.65772 -2.82464 0
      vertex 2.13901 -3.76003 3.47047
      vertex 2.12461 -3.75841 3.50163
    endloop
  endfacet
  facet normal -0.465277 -0.868759 -0.16963
    outer loop
      vertex 1.65772 -2.82464 0
      vertex 2.15623 -3.76606 3.45412
      vertex 2.13901 -3.76003 3.47047
    endloop
  endfacet
  facet normal -0.464997 -0.868894 -0.169707
    outer loop
      vertex 2.15623 -3.76606 3.45412
      vertex 1.65772 -2.82464 0
      vertex 1.69569 -2.84496 0
    endloop
  endfacet
  facet normal -0.689514 0.671646 0.27104
    outer loop
      vertex 1.77513 -3.5122 0
      vertex 2.16464 -4.22208 2.75
      vertex 1.78152 -3.50564 0
    endloop
  endfacet
  facet normal -0.689545 0.671615 0.271037
    outer loop
      vertex 2.16464 -4.22208 2.75
      vertex 1.77513 -3.5122 0
      vertex 2.14179 -4.24554 2.75
    endloop
  endfacet
  facet normal -0.689324 0.67182 0.27109
    outer loop
      vertex 2.27512 -4.5122 3.75
      vertex 2.29486 -4.46558 3.68466
      vertex 2.2621 -4.48616 3.65236
    endloop
  endfacet
  facet normal -0.68944 0.671739 0.270996
    outer loop
      vertex 2.29486 -4.46558 3.68466
      vertex 2.27512 -4.5122 3.75
      vertex 2.30396 -4.4826 3.75
    endloop
  endfacet
  facet normal -0.0352542 0.964454 0.26189
    outer loop
      vertex 1.54907 -3.61232 0
      vertex 1.8736 -4.3472 2.75
      vertex 1.91573 -4.34566 2.75
    endloop
  endfacet
  facet normal -0.0352458 0.964454 0.26189
    outer loop
      vertex 1.8736 -4.3472 2.75
      vertex 1.54907 -3.61232 0
      vertex 1.50693 -3.61386 0
    endloop
  endfacet
  facet normal -0.035246 0.964459 0.261871
    outer loop
      vertex 2.01599 -4.54617 3.50192
      vertex 2.00693 -4.61386 3.75
      vertex 2.04907 -4.61232 3.75
    endloop
  endfacet
  facet normal -0.0352647 0.964459 0.26187
    outer loop
      vertex 2.00693 -4.61386 3.75
      vertex 2.01599 -4.54617 3.50192
      vertex 1.97052 -4.54105 3.47694
    endloop
  endfacet
  facet normal -0.0688204 -0.966191 -0.248472
    outer loop
      vertex 1.5004 -2.78655 0
      vertex 2.01754 -3.75366 3.6174
      vertex 2.01425 -3.75403 3.61975
    endloop
  endfacet
  facet normal -0.068519 -0.966201 -0.248518
    outer loop
      vertex 2.01754 -3.75366 3.6174
      vertex 1.5004 -2.78655 0
      vertex 1.53523 -2.78902 0
    endloop
  endfacet
  facet normal 0.876025 -0.423964 -0.22986
    outer loop
      vertex 1.64707 -3.98696 3.75
      vertex 1.13183 -3.01845 0
      vertex 1.14707 -2.98696 0
    endloop
  endfacet
  facet normal 0.874232 -0.427315 -0.230479
    outer loop
      vertex 1.13183 -3.01845 0
      vertex 1.64707 -3.98696 3.75
      vertex 1.64598 -3.98919 3.75
    endloop
  endfacet
  facet normal 0.637002 0.761747 0.118199
    outer loop
      vertex 1.26844 -3.53072 0
      vertex 1.73516 -4.50289 3.75
      vertex 1.76844 -4.53072 3.75
    endloop
  endfacet
  facet normal 0.637002 0.761747 0.118199
    outer loop
      vertex 1.73516 -4.50289 3.75
      vertex 1.26844 -3.53072 0
      vertex 1.23516 -3.50289 0
    endloop
  endfacet
  facet normal -0.98948 0.0332412 0.140796
    outer loop
      vertex 1.90315 -3.21583 0
      vertex 2.27012 -3.94024 2.75
      vertex 1.90345 -3.2069 0
    endloop
  endfacet
  facet normal -0.989431 0.0339438 0.140975
    outer loop
      vertex 2.27012 -3.94024 2.75
      vertex 1.90315 -3.21583 0
      vertex 2.26898 -3.97347 2.75
    endloop
  endfacet
  facet normal -0.93195 -0.361515 0.0278577
    outer loop
      vertex 1.88155 -3.07866 0
      vertex 2.24822 -3.81199 2.75
      vertex 2.24469 -3.80289 2.75
    endloop
  endfacet
  facet normal -0.931813 -0.361876 0.0277445
    outer loop
      vertex 2.24469 -3.80289 2.75
      vertex 1.86574 -3.03795 0
      vertex 1.88155 -3.07866 0
    endloop
  endfacet
  facet normal -0.931676 -0.362238 0.0276249
    outer loop
      vertex 1.86574 -3.03795 0
      vertex 2.24469 -3.80289 2.75
      vertex 2.24982 -3.80612 2.88066
    endloop
  endfacet
  facet normal -0.526583 0.801322 0.283891
    outer loop
      vertex 1.7351 -3.54393 0
      vertex 2.07441 -4.29522 2.75
      vertex 2.08211 -4.29016 2.75
    endloop
  endfacet
  facet normal -0.526182 0.801578 0.283911
    outer loop
      vertex 2.07441 -4.29522 2.75
      vertex 1.7351 -3.54393 0
      vertex 1.70774 -3.56189 0
    endloop
  endfacet
  facet normal -0.535292 0.795704 0.283404
    outer loop
      vertex 2.18998 -4.52214 3.60485
      vertex 2.20774 -4.56189 3.75
      vertex 2.20829 -4.56152 3.75
    endloop
  endfacet
  facet normal -0.525267 0.802165 0.283946
    outer loop
      vertex 2.20774 -4.56189 3.75
      vertex 2.18998 -4.52214 3.60485
      vertex 2.18818 -4.52277 3.6033
    endloop
  endfacet
  facet normal -0.712971 -0.695347 -0.0903625
    outer loop
      vertex 2.22696 -3.79175 3.23852
      vertex 1.76478 -2.897 0
      vertex 1.79516 -2.92815 0
    endloop
  endfacet
  facet normal -0.712903 -0.695412 -0.0903908
    outer loop
      vertex 1.76478 -2.897 0
      vertex 2.22355 -3.78961 3.24893
      vertex 2.20844 -3.78433 3.32748
    endloop
  endfacet
  facet normal -0.712713 -0.695597 -0.0904683
    outer loop
      vertex 1.76478 -2.897 0
      vertex 2.22696 -3.79175 3.23852
      vertex 2.22355 -3.78961 3.24893
    endloop
  endfacet
  facet normal -0.781219 -0.621221 -0.0614951
    outer loop
      vertex 2.24166 -3.80099 3.14517
      vertex 1.79516 -2.92815 0
      vertex 1.8223 -2.96228 0
    endloop
  endfacet
  facet normal -0.781172 -0.621277 -0.0615172
    outer loop
      vertex 1.79516 -2.92815 0
      vertex 2.24166 -3.80099 3.14517
      vertex 2.22696 -3.79175 3.23852
    endloop
  endfacet
  facet normal -0.37104 -0.90839 -0.192764
    outer loop
      vertex 1.65056 -2.82172 0
      vertex 2.12461 -3.75841 3.50163
      vertex 2.0944 -3.755 3.54371
    endloop
  endfacet
  facet normal -0.370535 -0.908571 -0.192881
    outer loop
      vertex 2.12461 -3.75841 3.50163
      vertex 1.65056 -2.82172 0
      vertex 1.65772 -2.82464 0
    endloop
  endfacet
  facet normal 0.931606 0.362423 -0.0275679
    outer loop
      vertex 1.61839 -4.32123 3.75
      vertex 1.12144 -3.32907 0
      vertex 1.11839 -3.32123 0
    endloop
  endfacet
  facet normal 0.931759 0.36202 -0.027695
    outer loop
      vertex 1.12144 -3.32907 0
      vertex 1.61839 -4.32123 3.75
      vertex 1.63357 -4.3603 3.75
    endloop
  endfacet
  facet normal 0.891102 0.453797 0.00219797
    outer loop
      vertex 1.65328 -4.3994 3.75
      vertex 1.15403 -3.40088 0
      vertex 1.13807 -3.36954 0
    endloop
  endfacet
  facet normal 0.892002 0.452028 0.00160721
    outer loop
      vertex 1.15403 -3.40088 0
      vertex 1.65328 -4.3994 3.75
      vertex 1.65403 -4.40088 3.75
    endloop
  endfacet
  facet normal 0.464955 0.868915 0.169715
    outer loop
      vertex 1.34222 -3.57525 0
      vertex 1.7002 -4.30393 2.75
      vertex 1.70889 -4.30858 2.75
    endloop
  endfacet
  facet normal 0.465208 0.868793 0.16965
    outer loop
      vertex 1.7002 -4.30393 2.75
      vertex 1.34222 -3.57525 0
      vertex 1.31219 -3.55917 0
    endloop
  endfacet
  facet normal 0.466702 0.868067 0.169261
    outer loop
      vertex 1.77132 -4.43345 3.21826
      vertex 1.84129 -4.57475 3.75
      vertex 1.84222 -4.57525 3.75
    endloop
  endfacet
  facet normal 0.466266 0.868279 0.169375
    outer loop
      vertex 1.84129 -4.57475 3.75
      vertex 1.77132 -4.43345 3.21826
      vertex 1.76372 -4.42584 3.20017
    endloop
  endfacet
  facet normal 0.171651 0.957352 0.232406
    outer loop
      vertex 1.92254 -4.52652 3.43369
      vertex 1.92289 -4.60337 3.75
      vertex 1.96472 -4.61087 3.75
    endloop
  endfacet
  facet normal 0.171617 0.957358 0.232408
    outer loop
      vertex 1.87645 -4.51039 3.40128
      vertex 1.92289 -4.60337 3.75
      vertex 1.92254 -4.52652 3.43369
    endloop
  endfacet
  facet normal 0.309389 0.928286 0.206309
    outer loop
      vertex 1.92289 -4.60337 3.75
      vertex 1.87645 -4.51039 3.40128
      vertex 1.87638 -4.51034 3.40116
    endloop
  endfacet
  facet normal 0.171691 0.957347 0.2324
    outer loop
      vertex 1.46472 -3.61087 0
      vertex 1.78956 -4.3367 2.75
      vertex 1.83138 -4.3442 2.75
    endloop
  endfacet
  facet normal 0.171651 0.957352 0.232406
    outer loop
      vertex 1.78956 -4.3367 2.75
      vertex 1.46472 -3.61087 0
      vertex 1.42289 -3.60337 0
    endloop
  endfacet
  facet normal -0.976743 0.135325 0.166313
    outer loop
      vertex 1.89608 -3.29281 0
      vertex 2.26728 -3.99329 2.75
      vertex 1.89732 -3.28386 0
    endloop
  endfacet
  facet normal -0.976853 0.134708 0.16617
    outer loop
      vertex 2.26728 -3.99329 2.75
      vertex 1.89608 -3.29281 0
      vertex 2.26275 -4.02614 2.75
    endloop
  endfacet
  facet normal -0.919751 0.331024 0.210904
    outer loop
      vertex 1.88279 -3.343 0
      vertex 2.25252 -4.0678 2.75
      vertex 1.88586 -3.33447 0
    endloop
  endfacet
  facet normal -0.919897 0.330667 0.210829
    outer loop
      vertex 2.25252 -4.0678 2.75
      vertex 1.88279 -3.343 0
      vertex 2.24133 -4.09893 2.75
    endloop
  endfacet
  facet normal 0.976794 -0.135035 -0.166249
    outer loop
      vertex 1.60386 -4.10708 3.75
      vertex 1.10279 -3.11482 0
      vertex 1.10386 -3.10708 0
    endloop
  endfacet
  facet normal 0.976856 -0.134689 -0.166165
    outer loop
      vertex 1.10279 -3.11482 0
      vertex 1.60386 -4.10708 3.75
      vertex 1.59828 -4.14755 3.75
    endloop
  endfacet
  facet normal 0.760143 -0.595413 -0.260128
    outer loop
      vertex 1.69547 -3.9178 3.75
      vertex 1.174 -2.94522 0
      vertex 1.19547 -2.91781 0
    endloop
  endfacet
  facet normal 0.760569 -0.594901 -0.260054
    outer loop
      vertex 1.174 -2.94522 0
      vertex 1.69547 -3.9178 3.75
      vertex 1.69389 -3.91982 3.75
    endloop
  endfacet
  facet normal -0.689505 0.671653 0.271044
    outer loop
      vertex 1.78152 -3.50564 0
      vertex 2.17114 -4.21542 2.75
      vertex 1.80447 -3.48208 0
    endloop
  endfacet
  facet normal -0.688847 0.672298 0.271117
    outer loop
      vertex 2.17114 -4.21542 2.75
      vertex 1.78152 -3.50564 0
      vertex 2.16464 -4.22208 2.75
    endloop
  endfacet
  facet normal -0.688738 0.672426 0.271078
    outer loop
      vertex 2.30396 -4.4826 3.75
      vertex 2.2959 -4.46493 3.68569
      vertex 2.29486 -4.46558 3.68466
    endloop
  endfacet
  facet normal -0.687162 0.673948 0.271298
    outer loop
      vertex 2.2959 -4.46493 3.68569
      vertex 2.30396 -4.4826 3.75
      vertex 2.30447 -4.48208 3.75
    endloop
  endfacet
  facet normal -0.840668 -0.5406 -0.0320711
    outer loop
      vertex 2.2479 -3.80491 3.04751
      vertex 1.8223 -2.96228 0
      vertex 1.82684 -2.96934 0
    endloop
  endfacet
  facet normal -0.84075 -0.540476 -0.0320255
    outer loop
      vertex 1.8223 -2.96228 0
      vertex 2.2479 -3.80491 3.04751
      vertex 2.24166 -3.80099 3.14517
    endloop
  endfacet
  facet normal -0.840663 -0.540608 -0.0320737
    outer loop
      vertex 2.24931 -3.80579 3.02544
      vertex 1.82684 -2.96934 0
      vertex 1.84592 -2.99901 0
    endloop
  endfacet
  facet normal -0.840548 -0.540783 -0.0321379
    outer loop
      vertex 1.82684 -2.96934 0
      vertex 2.24931 -3.80579 3.02544
      vertex 2.2479 -3.80491 3.04751
    endloop
  endfacet
  facet normal -0.272837 -0.938013 -0.213756
    outer loop
      vertex 1.57705 -2.79652 0
      vertex 2.08755 -3.75423 3.55106
      vertex 2.05402 -3.75045 3.57727
    endloop
  endfacet
  facet normal -0.271933 -0.938232 -0.213945
    outer loop
      vertex 2.08755 -3.75423 3.55106
      vertex 1.57705 -2.79652 0
      vertex 1.58433 -2.79863 0
    endloop
  endfacet
  facet normal -0.637053 -0.761706 -0.11818
    outer loop
      vertex 1.7315 -2.86917 0
      vertex 2.20534 -3.78324 3.3372
      vertex 2.18497 -3.77611 3.40105
    endloop
  endfacet
  facet normal -0.636285 -0.762306 -0.118454
    outer loop
      vertex 2.20534 -3.78324 3.3372
      vertex 1.7315 -2.86917 0
      vertex 1.73767 -2.87432 0
    endloop
  endfacet
  facet normal 0.138596 -0.952154 -0.272385
    outer loop
      vertex 1.44365 -2.78862 0
      vertex 1.94066 -3.76714 3.67342
      vertex 1.90542 -3.77947 3.69859
    endloop
  endfacet
  facet normal 0.138287 -0.952207 -0.272358
    outer loop
      vertex 1.94066 -3.76714 3.67342
      vertex 1.44365 -2.78862 0
      vertex 1.45088 -2.78757 0
    endloop
  endfacet
  facet normal 0.139624 -0.951978 -0.272477
    outer loop
      vertex 1.40928 -2.79362 0
      vertex 1.90542 -3.77947 3.69859
      vertex 1.90268 -3.78043 3.70054
    endloop
  endfacet
  facet normal 0.138517 -0.952167 -0.272379
    outer loop
      vertex 1.90542 -3.77947 3.69859
      vertex 1.40928 -2.79362 0
      vertex 1.44365 -2.78862 0
    endloop
  endfacet
  facet normal -0.271488 -0.93834 -0.214037
    outer loop
      vertex 1.58433 -2.79863 0
      vertex 2.09114 -3.75463 3.54826
      vertex 2.08755 -3.75423 3.55106
    endloop
  endfacet
  facet normal -0.272964 -0.937982 -0.21373
    outer loop
      vertex 2.09114 -3.75463 3.54826
      vertex 1.58433 -2.79863 0
      vertex 1.61804 -2.80844 0
    endloop
  endfacet
  facet normal -0.371847 -0.908099 -0.192577
    outer loop
      vertex 1.61804 -2.80844 0
      vertex 2.0944 -3.755 3.54371
      vertex 2.09114 -3.75463 3.54826
    endloop
  endfacet
  facet normal -0.370965 -0.908417 -0.19278
    outer loop
      vertex 2.0944 -3.755 3.54371
      vertex 1.61804 -2.80844 0
      vertex 1.65056 -2.82172 0
    endloop
  endfacet
  facet normal -0.611014 0.740817 0.27902
    outer loop
      vertex 1.77513 -3.5122 0
      vertex 2.10943 -4.27223 2.75
      vertex 2.14179 -4.24554 2.75
    endloop
  endfacet
  facet normal -0.611038 0.740798 0.279018
    outer loop
      vertex 2.10943 -4.27223 2.75
      vertex 1.77513 -3.5122 0
      vertex 1.74276 -3.5389 0
    endloop
  endfacet
  facet normal -0.611147 0.740701 0.279035
    outer loop
      vertex 2.2621 -4.48616 3.65236
      vertex 2.24276 -4.5389 3.75
      vertex 2.27512 -4.5122 3.75
    endloop
  endfacet
  facet normal -0.611204 0.740666 0.279005
    outer loop
      vertex 2.24276 -4.5389 3.75
      vertex 2.2621 -4.48616 3.65236
      vertex 2.22732 -4.50802 3.6342
    endloop
  endfacet
  facet normal 0.991153 0.0678872 -0.114051
    outer loop
      vertex 1.59649 -4.19298 3.75
      vertex 1.09704 -3.20102 0
      vertex 1.09649 -3.19299 0
    endloop
  endfacet
  facet normal 0.991175 0.0672798 -0.114214
    outer loop
      vertex 1.09704 -3.20102 0
      vertex 1.59649 -4.19298 3.75
      vertex 1.59929 -4.23423 3.75
    endloop
  endfacet
  facet normal 0.0684426 0.966209 0.248508
    outer loop
      vertex 1.97052 -4.54105 3.47694
      vertex 1.96472 -4.61087 3.75
      vertex 2.00693 -4.61386 3.75
    endloop
  endfacet
  facet normal 0.069073 0.966163 0.24851
    outer loop
      vertex 1.96099 -4.53997 3.47539
      vertex 1.96472 -4.61087 3.75
      vertex 1.97052 -4.54105 3.47694
    endloop
  endfacet
  facet normal 0.0684468 0.966203 0.248529
    outer loop
      vertex 1.96472 -4.61087 3.75
      vertex 1.96099 -4.53997 3.47539
      vertex 1.92254 -4.52652 3.43369
    endloop
  endfacet
  facet normal 0.0686544 0.966196 0.248501
    outer loop
      vertex 1.50693 -3.61386 0
      vertex 1.83138 -4.3442 2.75
      vertex 1.8736 -4.3472 2.75
    endloop
  endfacet
  facet normal 0.0684423 0.966204 0.248528
    outer loop
      vertex 1.83138 -4.3442 2.75
      vertex 1.50693 -3.61386 0
      vertex 1.46472 -3.61087 0
    endloop
  endfacet
  facet normal 0.370806 0.908476 0.192807
    outer loop
      vertex 1.82531 -4.47826 3.32552
      vertex 1.84222 -4.57525 3.75
      vertex 1.88191 -4.59145 3.75
    endloop
  endfacet
  facet normal 0.371036 0.908388 0.192778
    outer loop
      vertex 1.8006 -4.46273 3.2999
      vertex 1.84222 -4.57525 3.75
      vertex 1.82531 -4.47826 3.32552
    endloop
  endfacet
  facet normal 0.370847 0.908458 0.192813
    outer loop
      vertex 1.84222 -4.57525 3.75
      vertex 1.8006 -4.46273 3.2999
      vertex 1.77132 -4.43345 3.21826
    endloop
  endfacet
  facet normal 0.371005 0.908401 0.192775
    outer loop
      vertex 1.38191 -3.59145 0
      vertex 1.70889 -4.30858 2.75
      vertex 1.74858 -4.32479 2.75
    endloop
  endfacet
  facet normal 0.370806 0.908474 0.192817
    outer loop
      vertex 1.70889 -4.30858 2.75
      vertex 1.38191 -3.59145 0
      vertex 1.34222 -3.57525 0
    endloop
  endfacet
  facet normal 0.464829 0.868975 0.169753
    outer loop
      vertex 1.7002 -4.30393 2.75
      vertex 1.31219 -3.55917 0
      vertex 1.67872 -4.29244 2.75
    endloop
  endfacet
  facet normal 0.465053 0.868865 0.169704
    outer loop
      vertex 1.76372 -4.42584 3.20017
      vertex 1.80426 -4.55493 3.75
      vertex 1.84129 -4.57475 3.75
    endloop
  endfacet
  facet normal 0.464725 0.869028 0.169767
    outer loop
      vertex 1.73727 -4.3994 3.13723
      vertex 1.80426 -4.55493 3.75
      vertex 1.76372 -4.42584 3.20017
    endloop
  endfacet
  facet normal 0.465184 0.868803 0.16966
    outer loop
      vertex 1.68961 -4.32355 2.87949
      vertex 1.80426 -4.55493 3.75
      vertex 1.73727 -4.3994 3.13723
    endloop
  endfacet
  facet normal 0.464665 0.869055 0.169796
    outer loop
      vertex 1.30426 -3.55493 0
      vertex 1.67872 -4.29244 2.75
      vertex 1.31219 -3.55917 0
    endloop
  endfacet
  facet normal 0.463605 0.869567 0.17007
    outer loop
      vertex 1.68961 -4.32355 2.87949
      vertex 1.30426 -3.55493 0
      vertex 1.80426 -4.55493 3.75
    endloop
  endfacet
  facet normal 0.465931 0.868442 0.169459
    outer loop
      vertex 1.67872 -4.29244 2.75
      vertex 1.30426 -3.55493 0
      vertex 1.68961 -4.32355 2.87949
    endloop
  endfacet
  facet normal -0.339837 0.896463 0.284368
    outer loop
      vertex 2.14834 -4.53671 3.58425
      vertex 2.1319 -4.59552 3.75
      vertex 2.17044 -4.58091 3.75
    endloop
  endfacet
  facet normal -0.33949 0.896571 0.284441
    outer loop
      vertex 2.13901 -4.53997 3.58339
      vertex 2.1319 -4.59552 3.75
      vertex 2.14834 -4.53671 3.58425
    endloop
  endfacet
  facet normal -0.339888 0.89644 0.28438
    outer loop
      vertex 2.1319 -4.59552 3.75
      vertex 2.13901 -4.53997 3.58339
      vertex 2.10772 -4.5435 3.55712
    endloop
  endfacet
  facet normal -0.339809 0.896474 0.284367
    outer loop
      vertex 1.67044 -3.58091 0
      vertex 2.00656 -4.32582 2.75
      vertex 2.03711 -4.31424 2.75
    endloop
  endfacet
  facet normal -0.339949 0.89642 0.284369
    outer loop
      vertex 2.00656 -4.32582 2.75
      vertex 1.67044 -3.58091 0
      vertex 1.66187 -3.58416 0
    endloop
  endfacet
  facet normal -0.891135 -0.453732 -0.00217882
    outer loop
      vertex 2.24982 -3.80612 2.88066
      vertex 1.86185 -3.03031 0
      vertex 1.86574 -3.03795 0
    endloop
  endfacet
  facet normal -0.891224 -0.453558 -0.00211972
    outer loop
      vertex 1.86185 -3.03031 0
      vertex 2.24982 -3.80612 2.88066
      vertex 2.24941 -3.80586 2.99741
    endloop
  endfacet
  facet normal -0.982085 -0.167533 0.0862663
    outer loop
      vertex 1.90051 -3.1636 0
      vertex 2.25985 -3.85403 2.75
      vertex 1.89319 -3.12069 0
    endloop
  endfacet
  facet normal -0.982046 -0.167795 0.0861956
    outer loop
      vertex 2.25985 -3.85403 2.75
      vertex 1.90051 -3.1636 0
      vertex 2.26718 -3.89693 2.75
    endloop
  endfacet
  facet normal 0.953538 -0.23415 -0.189578
    outer loop
      vertex 1.61409 -4.06541 3.75
      vertex 1.10386 -3.10708 0
      vertex 1.11409 -3.06542 0
    endloop
  endfacet
  facet normal 0.953553 -0.234098 -0.189566
    outer loop
      vertex 1.10386 -3.10708 0
      vertex 1.61409 -4.06541 3.75
      vertex 1.60386 -4.10708 3.75
    endloop
  endfacet
  facet normal 0.91987 -0.330732 -0.210845
    outer loop
      vertex 1.62854 -4.02523 3.75
      vertex 1.11409 -3.06542 0
      vertex 1.12854 -3.02523 0
    endloop
  endfacet
  facet normal 0.919841 -0.330804 -0.210859
    outer loop
      vertex 1.11409 -3.06542 0
      vertex 1.62854 -4.02523 3.75
      vertex 1.61409 -4.06541 3.75
    endloop
  endfacet
  facet normal 0.991179 0.0671653 -0.114246
    outer loop
      vertex 1.59929 -4.23423 3.75
      vertex 1.09943 -3.23629 0
      vertex 1.09704 -3.20102 0
    endloop
  endfacet
  facet normal 0.991172 0.0673612 -0.114193
    outer loop
      vertex 1.09943 -3.23629 0
      vertex 1.59929 -4.23423 3.75
      vertex 1.59943 -4.23629 3.75
    endloop
  endfacet
  facet normal 0.760347 -0.595168 -0.260093
    outer loop
      vertex 1.69389 -3.91982 3.75
      vertex 1.16946 -2.95102 0
      vertex 1.174 -2.94522 0
    endloop
  endfacet
  facet normal 0.760249 -0.595285 -0.260109
    outer loop
      vertex 1.16946 -2.95102 0
      vertex 1.69389 -3.91982 3.75
      vertex 1.66946 -3.95102 3.75
    endloop
  endfacet
  facet normal 0.82263 -0.512444 -0.246335
    outer loop
      vertex 1.64838 -3.98485 3.75
      vertex 1.14707 -2.98696 0
      vertex 1.16554 -2.95731 0
    endloop
  endfacet
  facet normal 0.823444 -0.511238 -0.246123
    outer loop
      vertex 1.14707 -2.98696 0
      vertex 1.64838 -3.98485 3.75
      vertex 1.64707 -3.98696 3.75
    endloop
  endfacet
  facet normal 0.240613 -0.929382 -0.279917
    outer loop
      vertex 1.36867 -2.80413 0
      vertex 1.87645 -3.78961 3.70848
      vertex 1.865 -3.7968 3.72251
    endloop
  endfacet
  facet normal 0.240542 -0.929402 -0.279912
    outer loop
      vertex 1.36867 -2.80413 0
      vertex 1.90268 -3.78043 3.70054
      vertex 1.87645 -3.78961 3.70848
    endloop
  endfacet
  facet normal 0.240533 -0.929405 -0.279912
    outer loop
      vertex 1.90268 -3.78043 3.70054
      vertex 1.36867 -2.80413 0
      vertex 1.40928 -2.79362 0
    endloop
  endfacet
  facet normal -0.138534 0.952164 0.272383
    outer loop
      vertex 1.5816 -3.60759 0
      vertex 1.91573 -4.34566 2.75
      vertex 1.92494 -4.34432 2.75
    endloop
  endfacet
  facet normal -0.138451 0.952178 0.272376
    outer loop
      vertex 1.91573 -4.34566 2.75
      vertex 1.5816 -3.60759 0
      vertex 1.54907 -3.61232 0
    endloop
  endfacet
  facet normal -0.132386 0.953178 0.271892
    outer loop
      vertex 2.01917 -4.54653 3.5048
      vertex 2.04907 -4.61232 3.75
      vertex 2.04979 -4.61222 3.75
    endloop
  endfacet
  facet normal -0.138917 0.952103 0.2724
    outer loop
      vertex 2.04907 -4.61232 3.75
      vertex 2.01917 -4.54653 3.5048
      vertex 2.01599 -4.54617 3.50192
    endloop
  endfacet
  facet normal -0.138812 0.952117 0.272406
    outer loop
      vertex 2.06187 -4.54866 3.534
      vertex 2.04979 -4.61222 3.75
      vertex 2.09067 -4.60626 3.75
    endloop
  endfacet
  facet normal -0.138922 0.952104 0.272396
    outer loop
      vertex 2.05 -4.55 3.53263
      vertex 2.04979 -4.61222 3.75
      vertex 2.06187 -4.54866 3.534
    endloop
  endfacet
  facet normal -0.138732 0.952129 0.272403
    outer loop
      vertex 2.04979 -4.61222 3.75
      vertex 2.05 -4.55 3.53263
      vertex 2.01917 -4.54653 3.5048
    endloop
  endfacet
  facet normal -0.138748 0.952128 0.272399
    outer loop
      vertex 1.59067 -3.60627 0
      vertex 1.92494 -4.34432 2.75
      vertex 1.95733 -4.3396 2.75
    endloop
  endfacet
  facet normal -0.138572 0.952158 0.272386
    outer loop
      vertex 1.92494 -4.34432 2.75
      vertex 1.59067 -3.60627 0
      vertex 1.5816 -3.60759 0
    endloop
  endfacet
  facet normal -0.554002 -0.819833 -0.144757
    outer loop
      vertex 1.69569 -2.84496 0
      vertex 2.15949 -3.7672 3.4481
      vertex 2.15623 -3.76606 3.45412
    endloop
  endfacet
  facet normal -0.554029 -0.819817 -0.144749
    outer loop
      vertex 2.15949 -3.7672 3.4481
      vertex 1.69569 -2.84496 0
      vertex 1.7249 -2.8647 0
    endloop
  endfacet
  facet normal -0.553992 -0.81984 -0.14476
    outer loop
      vertex 1.7249 -2.8647 0
      vertex 2.18497 -3.77611 3.40105
      vertex 2.15949 -3.7672 3.4481
    endloop
  endfacet
  facet normal -0.55488 -0.819286 -0.144491
    outer loop
      vertex 2.18497 -3.77611 3.40105
      vertex 1.7249 -2.8647 0
      vertex 1.7315 -2.86917 0
    endloop
  endfacet
  facet normal -0.171895 -0.957318 -0.232366
    outer loop
      vertex 1.53523 -2.78902 0
      vertex 2.02066 -3.75331 3.61365
      vertex 2.01754 -3.75366 3.6174
    endloop
  endfacet
  facet normal -0.171612 -0.957357 -0.232414
    outer loop
      vertex 2.02066 -3.75331 3.61365
      vertex 1.53523 -2.78902 0
      vertex 1.56965 -2.79519 0
    endloop
  endfacet
  facet normal -0.435484 0.853655 0.285704
    outer loop
      vertex 1.6786 -3.57675 0
      vertex 2.03711 -4.31424 2.75
      vertex 2.0662 -4.2994 2.75
    endloop
  endfacet
  facet normal -0.435256 0.853771 0.285706
    outer loop
      vertex 2.03711 -4.31424 2.75
      vertex 1.6786 -3.57675 0
      vertex 1.67044 -3.58091 0
    endloop
  endfacet
  facet normal -0.435351 0.853726 0.285695
    outer loop
      vertex 2.18635 -4.52341 3.60242
      vertex 2.17044 -4.58091 3.75
      vertex 2.20715 -4.56219 3.75
    endloop
  endfacet
  facet normal -0.435308 0.853744 0.285706
    outer loop
      vertex 2.17044 -4.58091 3.75
      vertex 2.18635 -4.52341 3.60242
      vertex 2.14834 -4.53671 3.58425
    endloop
  endfacet
  facet normal -0.526064 0.801654 0.283916
    outer loop
      vertex 2.22732 -4.50802 3.6342
      vertex 2.20829 -4.56152 3.75
      vertex 2.24276 -4.5389 3.75
    endloop
  endfacet
  facet normal -0.526423 0.801469 0.283772
    outer loop
      vertex 2.22355 -4.51039 3.6339
      vertex 2.20829 -4.56152 3.75
      vertex 2.22732 -4.50802 3.6342
    endloop
  endfacet
  facet normal -0.526201 0.801586 0.283853
    outer loop
      vertex 2.20829 -4.56152 3.75
      vertex 2.22355 -4.51039 3.6339
      vertex 2.18998 -4.52214 3.60485
    endloop
  endfacet
  facet normal -0.526105 0.801627 0.283914
    outer loop
      vertex 1.74276 -3.5389 0
      vertex 2.08211 -4.29016 2.75
      vertex 2.10943 -4.27223 2.75
    endloop
  endfacet
  facet normal -0.526309 0.801497 0.283904
    outer loop
      vertex 2.08211 -4.29016 2.75
      vertex 1.74276 -3.5389 0
      vertex 1.7351 -3.54393 0
    endloop
  endfacet
  facet normal -0.240174 0.929504 0.27989
    outer loop
      vertex 1.63127 -3.59576 0
      vertex 1.989 -4.3314 2.75
      vertex 1.99794 -4.32909 2.75
    endloop
  endfacet
  facet normal -0.240412 0.929438 0.279904
    outer loop
      vertex 1.989 -4.3314 2.75
      vertex 1.63127 -3.59576 0
      vertex 1.59953 -3.60397 0
    endloop
  endfacet
  facet normal -0.242903 0.928748 0.280046
    outer loop
      vertex 2.10528 -4.54377 3.55507
      vertex 2.13062 -4.59592 3.75
      vertex 2.13127 -4.59575 3.75
    endloop
  endfacet
  facet normal -0.244152 0.928399 0.280115
    outer loop
      vertex 2.13062 -4.59592 3.75
      vertex 2.10528 -4.54377 3.55507
      vertex 2.10285 -4.54405 3.55388
    endloop
  endfacet
  facet normal -0.953599 0.233936 0.18953
    outer loop
      vertex 1.88586 -3.33447 0
      vertex 2.26275 -4.02614 2.75
      vertex 1.89608 -3.29281 0
    endloop
  endfacet
  facet normal -0.953538 0.23415 0.189576
    outer loop
      vertex 2.26275 -4.02614 2.75
      vertex 1.88586 -3.33447 0
      vertex 2.25252 -4.0678 2.75
    endloop
  endfacet
  facet normal 0.781176 0.621273 0.0615159
    outer loop
      vertex 1.67764 -4.43761 3.75
      vertex 1.19932 -3.46487 0
      vertex 1.17764 -3.43761 0
    endloop
  endfacet
  facet normal 0.782591 0.619551 0.0608889
    outer loop
      vertex 1.19932 -3.46487 0
      vertex 1.67764 -4.43761 3.75
      vertex 1.67859 -4.43881 3.75
    endloop
  endfacet
  facet normal 0.780822 0.621702 0.0616737
    outer loop
      vertex 1.67859 -4.43881 3.75
      vertex 1.20479 -3.47174 0
      vertex 1.19932 -3.46487 0
    endloop
  endfacet
  facet normal 0.781169 0.621282 0.0615214
    outer loop
      vertex 1.20479 -3.47174 0
      vertex 1.67859 -4.43881 3.75
      vertex 1.70478 -4.47174 3.75
    endloop
  endfacet
  facet normal 0.982002 0.168101 -0.0861091
    outer loop
      vertex 1.59977 -4.23831 3.75
      vertex 1.10676 -3.2792 0
      vertex 1.10537 -3.27108 0
    endloop
  endfacet
  facet normal 0.982029 0.167915 -0.0861602
    outer loop
      vertex 1.10676 -3.2792 0
      vertex 1.59977 -4.23831 3.75
      vertex 1.60676 -4.27919 3.75
    endloop
  endfacet
  facet normal 0.9622 0.266248 -0.0572947
    outer loop
      vertex 1.60676 -4.27919 3.75
      vertex 1.11839 -3.32123 0
      vertex 1.10676 -3.2792 0
    endloop
  endfacet
  facet normal 0.962216 0.266189 -0.0573118
    outer loop
      vertex 1.11839 -3.32123 0
      vertex 1.60676 -4.27919 3.75
      vertex 1.61839 -4.32123 3.75
    endloop
  endfacet
  facet normal 0.554077 0.819787 0.144733
    outer loop
      vertex 1.30426 -3.55493 0
      vertex 1.76844 -4.53072 3.75
      vertex 1.80426 -4.55493 3.75
    endloop
  endfacet
  facet normal 0.554077 0.819787 0.144733
    outer loop
      vertex 1.76844 -4.53072 3.75
      vertex 1.30426 -3.55493 0
      vertex 1.26844 -3.53072 0
    endloop
  endfacet
  facet normal 0.891592 0.452835 0.00187941
    outer loop
      vertex 1.6342 -4.36194 3.75
      vertex 1.13807 -3.36954 0
      vertex 1.13421 -3.36194 0
    endloop
  endfacet
  facet normal 0.89107 0.453861 0.0022199
    outer loop
      vertex 1.13807 -3.36954 0
      vertex 1.6342 -4.36194 3.75
      vertex 1.65328 -4.3994 3.75
    endloop
  endfacet
  facet normal 0.931769 0.361992 -0.0277039
    outer loop
      vertex 1.63357 -4.3603 3.75
      vertex 1.13421 -3.36194 0
      vertex 1.12144 -3.32907 0
    endloop
  endfacet
  facet normal 0.933104 0.358449 -0.0288251
    outer loop
      vertex 1.13421 -3.36194 0
      vertex 1.63357 -4.3603 3.75
      vertex 1.6342 -4.36194 3.75
    endloop
  endfacet
  facet normal 0.982064 0.167676 -0.0862282
    outer loop
      vertex 1.59943 -4.23629 3.75
      vertex 1.10537 -3.27108 0
      vertex 1.09943 -3.23629 0
    endloop
  endfacet
  facet normal 0.982401 0.165355 -0.0868701
    outer loop
      vertex 1.10537 -3.27108 0
      vertex 1.59943 -4.23629 3.75
      vertex 1.59977 -4.23831 3.75
    endloop
  endfacet
  facet normal 0.875547 -0.42486 -0.230024
    outer loop
      vertex 1.64598 -3.98919 3.75
      vertex 1.12854 -3.02523 0
      vertex 1.13183 -3.01845 0
    endloop
  endfacet
  facet normal 0.876046 -0.423924 -0.229853
    outer loop
      vertex 1.12854 -3.02523 0
      vertex 1.64598 -3.98919 3.75
      vertex 1.62854 -4.02523 3.75
    endloop
  endfacet
  facet normal 0.822521 -0.512605 -0.246364
    outer loop
      vertex 1.66946 -3.95102 3.75
      vertex 1.16554 -2.95731 0
      vertex 1.16946 -2.95102 0
    endloop
  endfacet
  facet normal 0.822559 -0.512549 -0.246354
    outer loop
      vertex 1.16554 -2.95731 0
      vertex 1.66946 -3.95102 3.75
      vertex 1.64838 -3.98485 3.75
    endloop
  endfacet
  facet normal 0.52621 -0.80156 -0.283909
    outer loop
      vertex 1.2922 -2.838 0
      vertex 1.75718 -3.86098 3.75
      vertex 1.25718 -2.86099 0
    endloop
  endfacet
  facet normal 0.526049 -0.801663 -0.283917
    outer loop
      vertex 1.75718 -3.86098 3.75
      vertex 1.2922 -2.838 0
      vertex 1.7922 -3.838 3.75
    endloop
  endfacet
  facet normal 0.611152 -0.740708 -0.279007
    outer loop
      vertex 1.25718 -2.86099 0
      vertex 1.72482 -3.88768 3.75
      vertex 1.22482 -2.88769 0
    endloop
  endfacet
  facet normal 0.611152 -0.740708 -0.279007
    outer loop
      vertex 1.72482 -3.88768 3.75
      vertex 1.25718 -2.86099 0
      vertex 1.75718 -3.86098 3.75
    endloop
  endfacet
  facet normal 0.689174 -0.671978 -0.271082
    outer loop
      vertex 1.72482 -3.88768 3.75
      vertex 1.21974 -2.8929 0
      vertex 1.22482 -2.88769 0
    endloop
  endfacet
  facet normal 0.689475 -0.671684 -0.271045
    outer loop
      vertex 1.21974 -2.8929 0
      vertex 1.72482 -3.88768 3.75
      vertex 1.69726 -3.91597 3.75
    endloop
  endfacet
  facet normal -0.434802 0.854002 0.285707
    outer loop
      vertex 1.70774 -3.56189 0
      vertex 2.0662 -4.2994 2.75
      vertex 2.07441 -4.29522 2.75
    endloop
  endfacet
  facet normal -0.435356 0.85372 0.285704
    outer loop
      vertex 2.0662 -4.2994 2.75
      vertex 1.70774 -3.56189 0
      vertex 1.6786 -3.57675 0
    endloop
  endfacet
  facet normal -0.434354 0.854229 0.285708
    outer loop
      vertex 2.18818 -4.52277 3.6033
      vertex 2.20715 -4.56219 3.75
      vertex 2.20774 -4.56189 3.75
    endloop
  endfacet
  facet normal -0.435864 0.853463 0.285698
    outer loop
      vertex 2.20715 -4.56219 3.75
      vertex 2.18818 -4.52277 3.6033
      vertex 2.18635 -4.52341 3.60242
    endloop
  endfacet
  facet normal -0.340043 0.896384 0.284371
    outer loop
      vertex 1.66187 -3.58416 0
      vertex 1.99794 -4.32909 2.75
      vertex 2.00656 -4.32582 2.75
    endloop
  endfacet
  facet normal -0.339836 0.896463 0.284368
    outer loop
      vertex 1.99794 -4.32909 2.75
      vertex 1.66187 -3.58416 0
      vertex 1.63127 -3.59576 0
    endloop
  endfacet
  facet normal -0.328806 0.900644 0.284125
    outer loop
      vertex 2.10772 -4.5435 3.55712
      vertex 2.13127 -4.59575 3.75
      vertex 2.1319 -4.59552 3.75
    endloop
  endfacet
  facet normal -0.338139 0.897123 0.284311
    outer loop
      vertex 2.13127 -4.59575 3.75
      vertex 2.10772 -4.5435 3.55712
      vertex 2.10528 -4.54377 3.55507
    endloop
  endfacet
  facet normal -0.989424 0.0340385 0.141
    outer loop
      vertex 1.90197 -3.25013 0
      vertex 2.26898 -3.97347 2.75
      vertex 1.90315 -3.21583 0
    endloop
  endfacet
  facet normal -0.98945 0.033675 0.140908
    outer loop
      vertex 2.26898 -3.97347 2.75
      vertex 1.90197 -3.25013 0
      vertex 2.26864 -3.98346 2.75
    endloop
  endfacet
  facet normal -0.97686 0.134669 0.166161
    outer loop
      vertex 1.89732 -3.28386 0
      vertex 2.26864 -3.98346 2.75
      vertex 1.90197 -3.25013 0
    endloop
  endfacet
  facet normal -0.976776 0.135139 0.166269
    outer loop
      vertex 2.26864 -3.98346 2.75
      vertex 1.89732 -3.28386 0
      vertex 2.26728 -3.99329 2.75
    endloop
  endfacet
  facet normal 0.84077 0.540446 0.0320162
    outer loop
      vertex 1.65403 -4.40088 3.75
      vertex 1.17764 -3.43761 0
      vertex 1.15403 -3.40088 0
    endloop
  endfacet
  facet normal 0.84077 0.540446 0.0320162
    outer loop
      vertex 1.17764 -3.43761 0
      vertex 1.65403 -4.40088 3.75
      vertex 1.67764 -4.43761 3.75
    endloop
  endfacet
  facet normal 0.272629 0.938064 0.213798
    outer loop
      vertex 1.42289 -3.60337 0
      vertex 1.74858 -4.32479 2.75
      vertex 1.78956 -4.3367 2.75
    endloop
  endfacet
  facet normal 0.272843 0.938011 0.213759
    outer loop
      vertex 1.74858 -4.32479 2.75
      vertex 1.42289 -3.60337 0
      vertex 1.38191 -3.59145 0
    endloop
  endfacet
  facet normal 0.272842 0.938007 0.213774
    outer loop
      vertex 1.87638 -4.51034 3.40116
      vertex 1.88191 -4.59145 3.75
      vertex 1.92289 -4.60337 3.75
    endloop
  endfacet
  facet normal 0.272607 0.938071 0.213793
    outer loop
      vertex 1.88191 -4.59145 3.75
      vertex 1.87638 -4.51034 3.40116
      vertex 1.82531 -4.47826 3.32552
    endloop
  endfacet
  facet normal 0.713088 0.695232 0.0903188
    outer loop
      vertex 1.70478 -4.47174 3.75
      vertex 1.23516 -3.50289 0
      vertex 1.20479 -3.47174 0
    endloop
  endfacet
  facet normal 0.712971 0.695347 0.090363
    outer loop
      vertex 1.23516 -3.50289 0
      vertex 1.70478 -4.47174 3.75
      vertex 1.73516 -4.50289 3.75
    endloop
  endfacet
  facet normal -0.919799 0.330907 0.210882
    outer loop
      vertex 1.8714 -3.37466 0
      vertex 2.24133 -4.09893 2.75
      vertex 1.88279 -3.343 0
    endloop
  endfacet
  facet normal -0.919778 0.330958 0.210893
    outer loop
      vertex 2.24133 -4.09893 2.75
      vertex 1.8714 -3.37466 0
      vertex 2.23807 -4.10799 2.75
    endloop
  endfacet
  facet normal -0.876167 0.423952 0.229337
    outer loop
      vertex 2.35287 -4.41293 3.75
      vertex 2.35632 -4.4058 3.75
      vertex 2.35165 -4.41048 3.74081
    endloop
  endfacet
  facet normal -0.876037 0.42394 0.229856
    outer loop
      vertex 1.85288 -3.41293 0
      vertex 2.23807 -4.10799 2.75
      vertex 1.8714 -3.37466 0
    endloop
  endfacet
  facet normal -0.87594 0.424123 0.229889
    outer loop
      vertex 2.23807 -4.10799 2.75
      vertex 1.85288 -3.41293 0
      vertex 2.21954 -4.14626 2.75
    endloop
  endfacet
  facet normal -0.760196 0.595372 0.260065
    outer loop
      vertex 2.2994 -4.46273 3.69088
      vertex 2.33048 -4.44887 3.75
      vertex 2.32474 -4.43739 3.70694
    endloop
  endfacet
  facet normal -0.760043 0.595551 0.260104
    outer loop
      vertex 2.30447 -4.48208 3.75
      vertex 2.2994 -4.46273 3.69088
      vertex 2.2959 -4.46493 3.68569
    endloop
  endfacet
  facet normal -0.760191 0.59538 0.260061
    outer loop
      vertex 2.2994 -4.46273 3.69088
      vertex 2.30447 -4.48208 3.75
      vertex 2.33048 -4.44887 3.75
    endloop
  endfacet
  facet normal -0.760063 0.595509 0.260141
    outer loop
      vertex 1.80447 -3.48208 0
      vertex 2.19715 -4.1822 2.75
      vertex 1.83049 -3.44887 0
    endloop
  endfacet
  facet normal -0.760268 0.595261 0.260108
    outer loop
      vertex 2.19715 -4.1822 2.75
      vertex 1.80447 -3.48208 0
      vertex 2.17114 -4.21542 2.75
    endloop
  endfacet
  facet normal -0.822611 0.512473 0.246338
    outer loop
      vertex 1.83049 -3.44887 0
      vertex 2.21954 -4.14626 2.75
      vertex 1.85288 -3.41293 0
    endloop
  endfacet
  facet normal -0.822611 0.512473 0.246338
    outer loop
      vertex 2.21954 -4.14626 2.75
      vertex 1.83049 -3.44887 0
      vertex 2.19715 -4.1822 2.75
    endloop
  endfacet
  facet normal -0.822567 0.512562 0.246301
    outer loop
      vertex 2.33048 -4.44887 3.75
      vertex 2.35165 -4.41048 3.74081
      vertex 2.32474 -4.43739 3.70694
    endloop
  endfacet
  facet normal -0.822715 0.512537 0.245857
    outer loop
      vertex 2.35165 -4.41048 3.74081
      vertex 2.33048 -4.44887 3.75
      vertex 2.35287 -4.41293 3.75
    endloop
  endfacet
endsolid OpenSCAD_Model
